sequence_name,precision,weight_rcp,step,input,float_avg,fixed_avg,abs_error
constant100,0,8,0,100,12.500000000,12.000000000,0.500000000
constant100,0,8,1,100,23.437500000,23.000000000,0.437500000
constant100,0,8,2,100,33.007812500,33.000000000,0.007812500
constant100,0,8,3,100,41.381835938,41.000000000,0.381835938
constant100,0,8,4,100,48.709106445,48.000000000,0.709106445
constant100,0,8,5,100,55.120468140,54.000000000,1.120468140
constant100,0,8,6,100,60.730409622,60.000000000,0.730409622
constant100,0,8,7,100,65.639108419,65.000000000,0.639108419
constant100,0,8,8,100,69.934219867,69.000000000,0.934219867
constant100,0,8,9,100,73.692442384,73.000000000,0.692442384
constant100,0,8,10,100,76.980887086,76.000000000,0.980887086
constant100,0,8,11,100,79.858276200,79.000000000,0.858276200
constant100,0,8,12,100,82.375991675,82.000000000,0.375991675
constant100,0,8,13,100,84.578992716,84.000000000,0.578992716
constant100,0,8,14,100,86.506618626,86.000000000,0.506618626
constant100,0,8,15,100,88.193291298,88.000000000,0.193291298
constant100,0,8,16,100,89.669129886,89.000000000,0.669129886
constant100,0,8,17,100,90.960488650,90.000000000,0.960488650
constant100,0,8,18,100,92.090427569,91.000000000,1.090427569
constant100,0,8,19,100,93.079124123,92.000000000,1.079124123
constant100,0,8,20,100,93.944233607,93.000000000,0.944233607
constant100,0,8,21,100,94.701204406,94.000000000,0.701204406
constant100,0,8,22,100,95.363553856,95.000000000,0.363553856
constant100,0,8,23,100,95.943109624,96.000000000,0.056890376
constant100,0,8,24,100,96.450220921,96.000000000,0.450220921
constant100,0,8,25,100,96.893943306,96.000000000,0.893943306
constant100,0,8,26,100,97.282200392,96.000000000,1.282200392
constant100,0,8,27,100,97.621925343,96.000000000,1.621925343
constant100,0,8,28,100,97.919184675,96.000000000,1.919184675
constant100,0,8,29,100,98.179286591,96.000000000,2.179286591
constant100,0,8,30,100,98.406875767,96.000000000,2.406875767
constant100,0,8,31,100,98.606016296,96.000000000,2.606016296
constant100,0,8,32,100,98.780264259,96.000000000,2.780264259
constant100,0,8,33,100,98.932731227,96.000000000,2.932731227
constant100,0,8,34,100,99.066139823,96.000000000,3.066139823
constant100,0,8,35,100,99.182872346,96.000000000,3.182872346
constant100,0,8,36,100,99.285013302,96.000000000,3.285013302
constant100,0,8,37,100,99.374386640,96.000000000,3.374386640
constant100,0,8,38,100,99.452588310,96.000000000,3.452588310
constant100,0,8,39,100,99.521014771,96.000000000,3.521014771
constant100,0,8,40,100,99.580887925,96.000000000,3.580887925
constant100,0,8,41,100,99.633276934,96.000000000,3.633276934
constant100,0,8,42,100,99.679117317,96.000000000,3.679117317
constant100,0,8,43,100,99.719227653,96.000000000,3.719227653
constant100,0,8,44,100,99.754324196,96.000000000,3.754324196
constant100,0,8,45,100,99.785033671,96.000000000,3.785033671
constant100,0,8,46,100,99.811904463,96.000000000,3.811904463
constant100,0,8,47,100,99.835416405,96.000000000,3.835416405
constant100,0,8,48,100,99.855989354,96.000000000,3.855989354
constant100,0,8,49,100,99.873990685,96.000000000,3.873990685
constant100,0,8,50,100,99.889741849,96.000000000,3.889741849
constant100,0,8,51,100,99.903524118,96.000000000,3.903524118
constant100,0,8,52,100,99.915583603,96.000000000,3.915583603
constant100,0,8,53,100,99.926135653,96.000000000,3.926135653
constant100,0,8,54,100,99.935368696,96.000000000,3.935368696
constant100,0,8,55,100,99.943447609,96.000000000,3.943447609
constant100,0,8,56,100,99.950516658,96.000000000,3.950516658
constant100,0,8,57,100,99.956702076,96.000000000,3.956702076
constant100,0,8,58,100,99.962114316,96.000000000,3.962114316
constant100,0,8,59,100,99.966850027,96.000000000,3.966850027
constant100,0,8,60,100,99.970993773,96.000000000,3.970993773
constant100,0,8,61,100,99.974619552,96.000000000,3.974619552
constant100,0,8,62,100,99.977792108,96.000000000,3.977792108
constant100,0,8,63,100,99.980568094,96.000000000,3.980568094
constant100,0,8,64,100,99.982997083,96.000000000,3.982997083
constant100,0,8,65,100,99.985122447,96.000000000,3.985122447
constant100,0,8,66,100,99.986982141,96.000000000,3.986982141
constant100,0,8,67,100,99.988609374,96.000000000,3.988609374
constant100,0,8,68,100,99.990033202,96.000000000,3.990033202
constant100,0,8,69,100,99.991279052,96.000000000,3.991279052
constant100,0,8,70,100,99.992369170,96.000000000,3.992369170
constant100,0,8,71,100,99.993323024,96.000000000,3.993323024
constant100,0,8,72,100,99.994157646,96.000000000,3.994157646
constant100,0,8,73,100,99.994887940,96.000000000,3.994887940
constant100,0,8,74,100,99.995526948,96.000000000,3.995526948
constant100,0,8,75,100,99.996086079,96.000000000,3.996086079
constant100,0,8,76,100,99.996575319,96.000000000,3.996575319
constant100,0,8,77,100,99.997003404,96.000000000,3.997003404
constant100,0,8,78,100,99.997377979,96.000000000,3.997377979
constant100,0,8,79,100,99.997705732,96.000000000,3.997705732
constant100,0,8,80,100,99.997992515,96.000000000,3.997992515
constant100,0,8,81,100,99.998243451,96.000000000,3.998243451
constant100,0,8,82,100,99.998463019,96.000000000,3.998463019
constant100,0,8,83,100,99.998655142,96.000000000,3.998655142
constant100,0,8,84,100,99.998823249,96.000000000,3.998823249
constant100,0,8,85,100,99.998970343,96.000000000,3.998970343
constant100,0,8,86,100,99.999099050,96.000000000,3.999099050
constant100,0,8,87,100,99.999211669,96.000000000,3.999211669
constant100,0,8,88,100,99.999310210,96.000000000,3.999310210
constant100,0,8,89,100,99.999396434,96.000000000,3.999396434
constant100,0,8,90,100,99.999471880,96.000000000,3.999471880
constant100,0,8,91,100,99.999537895,96.000000000,3.999537895
constant100,0,8,92,100,99.999595658,96.000000000,3.999595658
constant100,0,8,93,100,99.999646201,96.000000000,3.999646201
constant100,0,8,94,100,99.999690426,96.000000000,3.999690426
constant100,0,8,95,100,99.999729122,96.000000000,3.999729122
constant100,0,8,96,100,99.999762982,96.000000000,3.999762982
constant100,0,8,97,100,99.999792609,96.000000000,3.999792609
constant100,0,8,98,100,99.999818533,96.000000000,3.999818533
constant100,0,8,99,100,99.999841217,96.000000000,3.999841217
constant100,0,16,0,100,6.250000000,6.000000000,0.250000000
constant100,0,16,1,100,12.109375000,12.000000000,0.109375000
constant100,0,16,2,100,17.602539062,18.000000000,0.397460938
constant100,0,16,3,100,22.752380371,23.000000000,0.247619629
constant100,0,16,4,100,27.580356598,28.000000000,0.419643402
constant100,0,16,5,100,32.106584311,33.000000000,0.893415689
constant100,0,16,6,100,36.349922791,37.000000000,0.650077209
constant100,0,16,7,100,40.328052617,41.000000000,0.671947383
constant100,0,16,8,100,44.057549328,45.000000000,0.942450672
constant100,0,16,9,100,47.553952495,49.000000000,1.446047505
constant100,0,16,10,100,50.831830464,52.000000000,1.168169536
constant100,0,16,11,100,53.904841060,55.000000000,1.095158940
constant100,0,16,12,100,56.785788494,58.000000000,1.214211506
constant100,0,16,13,100,59.486676713,61.000000000,1.513323287
constant100,0,16,14,100,62.018759418,64.000000000,1.981240582
constant100,0,16,15,100,64.392586955,66.000000000,1.607413045
constant100,0,16,16,100,66.618050270,68.000000000,1.381949730
constant100,0,16,17,100,68.704422128,70.000000000,1.295577872
constant100,0,16,18,100,70.660395745,72.000000000,1.339604255
constant100,0,16,19,100,72.494121011,74.000000000,1.505878989
constant100,0,16,20,100,74.213238448,76.000000000,1.786761552
constant100,0,16,21,100,75.824911045,78.000000000,2.175088955
constant100,0,16,22,100,77.335854105,80.000000000,2.664145895
constant100,0,16,23,100,78.752363223,81.000000000,2.247636777
constant100,0,16,24,100,80.080340522,82.000000000,1.919659478
constant100,0,16,25,100,81.325319239,83.000000000,1.674680761
constant100,0,16,26,100,82.492486787,84.000000000,1.507513213
constant100,0,16,27,100,83.586706362,85.000000000,1.413293638
constant100,0,16,28,100,84.612537215,86.000000000,1.387462785
constant100,0,16,29,100,85.574253639,87.000000000,1.425746361
constant100,0,16,30,100,86.475862786,88.000000000,1.524137214
constant100,0,16,31,100,87.321121362,89.000000000,1.678878638
constant100,0,16,32,100,88.113551277,90.000000000,1.886448723
constant100,0,16,33,100,88.856454322,91.000000000,2.143545678
constant100,0,16,34,100,89.552925927,92.000000000,2.447074073
constant100,0,16,35,100,90.205868057,93.000000000,2.794131943
constant100,0,16,36,100,90.818001303,94.000000000,3.181998697
constant100,0,16,37,100,91.391876222,95.000000000,3.608123778
constant100,0,16,38,100,91.929883958,96.000000000,4.070116042
constant100,0,16,39,100,92.434266211,96.000000000,3.565733789
constant100,0,16,40,100,92.907124572,96.000000000,3.092875428
constant100,0,16,41,100,93.350429287,96.000000000,2.649570713
constant100,0,16,42,100,93.766027456,96.000000000,2.233972544
constant100,0,16,43,100,94.155650740,96.000000000,1.844349260
constant100,0,16,44,100,94.520922569,96.000000000,1.479077431
constant100,0,16,45,100,94.863364908,96.000000000,1.136635092
constant100,0,16,46,100,95.184404602,96.000000000,0.815595398
constant100,0,16,47,100,95.485379314,96.000000000,0.514620686
constant100,0,16,48,100,95.767543107,96.000000000,0.232456893
constant100,0,16,49,100,96.032071663,96.000000000,0.032071663
constant100,0,16,50,100,96.280067184,96.000000000,0.280067184
constant100,0,16,51,100,96.512562985,96.000000000,0.512562985
constant100,0,16,52,100,96.730527798,96.000000000,0.730527798
constant100,0,16,53,100,96.934869811,96.000000000,0.934869811
constant100,0,16,54,100,97.126440448,96.000000000,1.126440448
constant100,0,16,55,100,97.306037920,96.000000000,1.306037920
constant100,0,16,56,100,97.474410550,96.000000000,1.474410550
constant100,0,16,57,100,97.632259890,96.000000000,1.632259890
constant100,0,16,58,100,97.780243647,96.000000000,1.780243647
constant100,0,16,59,100,97.918978419,96.000000000,1.918978419
constant100,0,16,60,100,98.049042268,96.000000000,2.049042268
constant100,0,16,61,100,98.170977126,96.000000000,2.170977126
constant100,0,16,62,100,98.285291056,96.000000000,2.285291056
constant100,0,16,63,100,98.392460365,96.000000000,2.392460365
constant100,0,16,64,100,98.492931592,96.000000000,2.492931592
constant100,0,16,65,100,98.587123368,96.000000000,2.587123368
constant100,0,16,66,100,98.675428157,96.000000000,2.675428157
constant100,0,16,67,100,98.758213897,96.000000000,2.758213897
constant100,0,16,68,100,98.835825529,96.000000000,2.835825529
constant100,0,16,69,100,98.908586433,96.000000000,2.908586433
constant100,0,16,70,100,98.976799781,96.000000000,2.976799781
constant100,0,16,71,100,99.040749795,96.000000000,3.040749795
constant100,0,16,72,100,99.100702933,96.000000000,3.100702933
constant100,0,16,73,100,99.156908999,96.000000000,3.156908999
constant100,0,16,74,100,99.209602187,96.000000000,3.209602187
constant100,0,16,75,100,99.259002050,96.000000000,3.259002050
constant100,0,16,76,100,99.305314422,96.000000000,3.305314422
constant100,0,16,77,100,99.348732271,96.000000000,3.348732271
constant100,0,16,78,100,99.389436504,96.000000000,3.389436504
constant100,0,16,79,100,99.427596722,96.000000000,3.427596722
constant100,0,16,80,100,99.463371927,96.000000000,3.463371927
constant100,0,16,81,100,99.496911182,96.000000000,3.496911182
constant100,0,16,82,100,99.528354233,96.000000000,3.528354233
constant100,0,16,83,100,99.557832093,96.000000000,3.557832093
constant100,0,16,84,100,99.585467587,96.000000000,3.585467587
constant100,0,16,85,100,99.611375863,96.000000000,3.611375863
constant100,0,16,86,100,99.635664872,96.000000000,3.635664872
constant100,0,16,87,100,99.658435817,96.000000000,3.658435817
constant100,0,16,88,100,99.679783579,96.000000000,3.679783579
constant100,0,16,89,100,99.699797105,96.000000000,3.699797105
constant100,0,16,90,100,99.718559786,96.000000000,3.718559786
constant100,0,16,91,100,99.736149799,96.000000000,3.736149799
constant100,0,16,92,100,99.752640437,96.000000000,3.752640437
constant100,0,16,93,100,99.768100410,96.000000000,3.768100410
constant100,0,16,94,100,99.782594134,96.000000000,3.782594134
constant100,0,16,95,100,99.796182001,96.000000000,3.796182001
constant100,0,16,96,100,99.808920626,96.000000000,3.808920626
constant100,0,16,97,100,99.820863086,96.000000000,3.820863086
constant100,0,16,98,100,99.832059144,96.000000000,3.832059144
constant100,0,16,99,100,99.842555447,96.000000000,3.842555447
constant100,3,8,0,100,12.500000000,12.500000000,0.000000000
constant100,3,8,1,100,23.437500000,23.500000000,0.062500000
constant100,3,8,2,100,33.007812500,33.125000000,0.117187500
constant100,3,8,3,100,41.381835938,41.500000000,0.118164062
constant100,3,8,4,100,48.709106445,48.875000000,0.165893555
constant100,3,8,5,100,55.120468140,55.375000000,0.254531860
constant100,3,8,6,100,60.730409622,61.000000000,0.269590378
constant100,3,8,7,100,65.639108419,65.875000000,0.235891581
constant100,3,8,8,100,69.934219867,70.250000000,0.315780133
constant100,3,8,9,100,73.692442384,74.000000000,0.307557616
constant100,3,8,10,100,76.980887086,77.250000000,0.269112914
constant100,3,8,11,100,79.858276200,80.125000000,0.266723800
constant100,3,8,12,100,82.375991675,82.625000000,0.249008325
constant100,3,8,13,100,84.578992716,84.875000000,0.296007284
constant100,3,8,14,100,86.506618626,86.875000000,0.368381374
constant100,3,8,15,100,88.193291298,88.625000000,0.431708702
constant100,3,8,16,100,89.669129886,90.125000000,0.455870114
constant100,3,8,17,100,90.960488650,91.375000000,0.414511350
constant100,3,8,18,100,92.090427569,92.500000000,0.409572431
constant100,3,8,19,100,93.079124123,93.500000000,0.420875877
constant100,3,8,20,100,93.944233607,94.375000000,0.430766393
constant100,3,8,21,100,94.701204406,95.125000000,0.423795594
constant100,3,8,22,100,95.363553856,95.750000000,0.386446144
constant100,3,8,23,100,95.943109624,96.375000000,0.431890376
constant100,3,8,24,100,96.450220921,96.875000000,0.424779079
constant100,3,8,25,100,96.893943306,97.375000000,0.481056694
constant100,3,8,26,100,97.282200392,97.750000000,0.467799608
constant100,3,8,27,100,97.621925343,98.125000000,0.503074657
constant100,3,8,28,100,97.919184675,98.375000000,0.455815325
constant100,3,8,29,100,98.179286591,98.625000000,0.445713409
constant100,3,8,30,100,98.406875767,98.875000000,0.468124233
constant100,3,8,31,100,98.606016296,99.125000000,0.518983704
constant100,3,8,32,100,98.780264259,99.250000000,0.469735741
constant100,3,8,33,100,98.932731227,99.375000000,0.442268773
constant100,3,8,34,100,99.066139823,99.500000000,0.433860177
constant100,3,8,35,100,99.182872346,99.625000000,0.442127654
constant100,3,8,36,100,99.285013302,99.750000000,0.464986698
constant100,3,8,37,100,99.374386640,99.875000000,0.500613360
constant100,3,8,38,100,99.452588310,100.000000000,0.547411690
constant100,3,8,39,100,99.521014771,100.000000000,0.478985229
constant100,3,8,40,100,99.580887925,100.000000000,0.419112075
constant100,3,8,41,100,99.633276934,100.000000000,0.366723066
constant100,3,8,42,100,99.679117317,100.000000000,0.320882683
constant100,3,8,43,100,99.719227653,100.000000000,0.280772347
constant100,3,8,44,100,99.754324196,100.000000000,0.245675804
constant100,3,8,45,100,99.785033671,100.000000000,0.214966329
constant100,3,8,46,100,99.811904463,100.000000000,0.188095537
constant100,3,8,47,100,99.835416405,100.000000000,0.164583595
constant100,3,8,48,100,99.855989354,100.000000000,0.144010646
constant100,3,8,49,100,99.873990685,100.000000000,0.126009315
constant100,3,8,50,100,99.889741849,100.000000000,0.110258151
constant100,3,8,51,100,99.903524118,100.000000000,0.096475882
constant100,3,8,52,100,99.915583603,100.000000000,0.084416397
constant100,3,8,53,100,99.926135653,100.000000000,0.073864347
constant100,3,8,54,100,99.935368696,100.000000000,0.064631304
constant100,3,8,55,100,99.943447609,100.000000000,0.056552391
constant100,3,8,56,100,99.950516658,100.000000000,0.049483342
constant100,3,8,57,100,99.956702076,100.000000000,0.043297924
constant100,3,8,58,100,99.962114316,100.000000000,0.037885684
constant100,3,8,59,100,99.966850027,100.000000000,0.033149973
constant100,3,8,60,100,99.970993773,100.000000000,0.029006227
constant100,3,8,61,100,99.974619552,100.000000000,0.025380448
constant100,3,8,62,100,99.977792108,100.000000000,0.022207892
constant100,3,8,63,100,99.980568094,100.000000000,0.019431906
constant100,3,8,64,100,99.982997083,100.000000000,0.017002917
constant100,3,8,65,100,99.985122447,100.000000000,0.014877553
constant100,3,8,66,100,99.986982141,100.000000000,0.013017859
constant100,3,8,67,100,99.988609374,100.000000000,0.011390626
constant100,3,8,68,100,99.990033202,100.000000000,0.009966798
constant100,3,8,69,100,99.991279052,100.000000000,0.008720948
constant100,3,8,70,100,99.992369170,100.000000000,0.007630830
constant100,3,8,71,100,99.993323024,100.000000000,0.006676976
constant100,3,8,72,100,99.994157646,100.000000000,0.005842354
constant100,3,8,73,100,99.994887940,100.000000000,0.005112060
constant100,3,8,74,100,99.995526948,100.000000000,0.004473052
constant100,3,8,75,100,99.996086079,100.000000000,0.003913921
constant100,3,8,76,100,99.996575319,100.000000000,0.003424681
constant100,3,8,77,100,99.997003404,100.000000000,0.002996596
constant100,3,8,78,100,99.997377979,100.000000000,0.002622021
constant100,3,8,79,100,99.997705732,100.000000000,0.002294268
constant100,3,8,80,100,99.997992515,100.000000000,0.002007485
constant100,3,8,81,100,99.998243451,100.000000000,0.001756549
constant100,3,8,82,100,99.998463019,100.000000000,0.001536981
constant100,3,8,83,100,99.998655142,100.000000000,0.001344858
constant100,3,8,84,100,99.998823249,100.000000000,0.001176751
constant100,3,8,85,100,99.998970343,100.000000000,0.001029657
constant100,3,8,86,100,99.999099050,100.000000000,0.000900950
constant100,3,8,87,100,99.999211669,100.000000000,0.000788331
constant100,3,8,88,100,99.999310210,100.000000000,0.000689790
constant100,3,8,89,100,99.999396434,100.000000000,0.000603566
constant100,3,8,90,100,99.999471880,100.000000000,0.000528120
constant100,3,8,91,100,99.999537895,100.000000000,0.000462105
constant100,3,8,92,100,99.999595658,100.000000000,0.000404342
constant100,3,8,93,100,99.999646201,100.000000000,0.000353799
constant100,3,8,94,100,99.999690426,100.000000000,0.000309574
constant100,3,8,95,100,99.999729122,100.000000000,0.000270878
constant100,3,8,96,100,99.999762982,100.000000000,0.000237018
constant100,3,8,97,100,99.999792609,100.000000000,0.000207391
constant100,3,8,98,100,99.999818533,100.000000000,0.000181467
constant100,3,8,99,100,99.999841217,100.000000000,0.000158783
constant100,3,16,0,100,6.250000000,6.250000000,0.000000000
constant100,3,16,1,100,12.109375000,12.125000000,0.015625000
constant100,3,16,2,100,17.602539062,17.625000000,0.022460938
constant100,3,16,3,100,22.752380371,22.875000000,0.122619629
constant100,3,16,4,100,27.580356598,27.750000000,0.169643402
constant100,3,16,5,100,32.106584311,32.375000000,0.268415689
constant100,3,16,6,100,36.349922791,36.625000000,0.275077209
constant100,3,16,7,100,40.328052617,40.625000000,0.296947383
constant100,3,16,8,100,44.057549328,44.375000000,0.317450672
constant100,3,16,9,100,47.553952495,47.875000000,0.321047505
constant100,3,16,10,100,50.831830464,51.250000000,0.418169536
constant100,3,16,11,100,53.904841060,54.375000000,0.470158940
constant100,3,16,12,100,56.785788494,57.250000000,0.464211506
constant100,3,16,13,100,59.486676713,60.000000000,0.513323287
constant100,3,16,14,100,62.018759418,62.500000000,0.481240582
constant100,3,16,15,100,64.392586955,64.875000000,0.482413045
constant100,3,16,16,100,66.618050270,67.125000000,0.506949730
constant100,3,16,17,100,68.704422128,69.250000000,0.545577872
constant100,3,16,18,100,70.660395745,71.250000000,0.589604255
constant100,3,16,19,100,72.494121011,73.125000000,0.630878989
constant100,3,16,20,100,74.213238448,74.875000000,0.661761552
constant100,3,16,21,100,75.824911045,76.500000000,0.675088955
constant100,3,16,22,100,77.335854105,78.000000000,0.664145895
constant100,3,16,23,100,78.752363223,79.375000000,0.622636777
constant100,3,16,24,100,80.080340522,80.750000000,0.669659478
constant100,3,16,25,100,81.325319239,82.000000000,0.674680761
constant100,3,16,26,100,82.492486787,83.125000000,0.632513213
constant100,3,16,27,100,83.586706362,84.250000000,0.663293638
constant100,3,16,28,100,84.612537215,85.250000000,0.637462785
constant100,3,16,29,100,85.574253639,86.250000000,0.675746361
constant100,3,16,30,100,86.475862786,87.125000000,0.649137214
constant100,3,16,31,100,87.321121362,88.000000000,0.678878638
constant100,3,16,32,100,88.113551277,88.750000000,0.636448723
constant100,3,16,33,100,88.856454322,89.500000000,0.643545678
constant100,3,16,34,100,89.552925927,90.250000000,0.697074073
constant100,3,16,35,100,90.205868057,90.875000000,0.669131943
constant100,3,16,36,100,90.818001303,91.500000000,0.681998697
constant100,3,16,37,100,91.391876222,92.125000000,0.733123778
constant100,3,16,38,100,91.929883958,92.625000000,0.695116042
constant100,3,16,39,100,92.434266211,93.125000000,0.690733789
constant100,3,16,40,100,92.907124572,93.625000000,0.717875428
constant100,3,16,41,100,93.350429287,94.125000000,0.774570713
constant100,3,16,42,100,93.766027456,94.500000000,0.733972544
constant100,3,16,43,100,94.155650740,94.875000000,0.719349260
constant100,3,16,44,100,94.520922569,95.250000000,0.729077431
constant100,3,16,45,100,94.863364908,95.625000000,0.761635092
constant100,3,16,46,100,95.184404602,96.000000000,0.815595398
constant100,3,16,47,100,95.485379314,96.250000000,0.764620686
constant100,3,16,48,100,95.767543107,96.500000000,0.732456893
constant100,3,16,49,100,96.032071663,96.750000000,0.717928337
constant100,3,16,50,100,96.280067184,97.000000000,0.719932816
constant100,3,16,51,100,96.512562985,97.250000000,0.737437015
constant100,3,16,52,100,96.730527798,97.500000000,0.769472202
constant100,3,16,53,100,96.934869811,97.750000000,0.815130189
constant100,3,16,54,100,97.126440448,98.000000000,0.873559552
constant100,3,16,55,100,97.306037920,98.125000000,0.818962080
constant100,3,16,56,100,97.474410550,98.250000000,0.775589450
constant100,3,16,57,100,97.632259890,98.375000000,0.742740110
constant100,3,16,58,100,97.780243647,98.500000000,0.719756353
constant100,3,16,59,100,97.918978419,98.625000000,0.706021581
constant100,3,16,60,100,98.049042268,98.750000000,0.700957732
constant100,3,16,61,100,98.170977126,98.875000000,0.704022874
constant100,3,16,62,100,98.285291056,99.000000000,0.714708944
constant100,3,16,63,100,98.392460365,99.125000000,0.732539635
constant100,3,16,64,100,98.492931592,99.250000000,0.757068408
constant100,3,16,65,100,98.587123368,99.375000000,0.787876632
constant100,3,16,66,100,98.675428157,99.500000000,0.824571843
constant100,3,16,67,100,98.758213897,99.625000000,0.866786103
constant100,3,16,68,100,98.835825529,99.750000000,0.914174471
constant100,3,16,69,100,98.908586433,99.875000000,0.966413567
constant100,3,16,70,100,98.976799781,100.000000000,1.023200219
constant100,3,16,71,100,99.040749795,100.000000000,0.959250205
constant100,3,16,72,100,99.100702933,100.000000000,0.899297067
constant100,3,16,73,100,99.156908999,100.000000000,0.843091001
constant100,3,16,74,100,99.209602187,100.000000000,0.790397813
constant100,3,16,75,100,99.259002050,100.000000000,0.740997950
constant100,3,16,76,100,99.305314422,100.000000000,0.694685578
constant100,3,16,77,100,99.348732271,100.000000000,0.651267729
constant100,3,16,78,100,99.389436504,100.000000000,0.610563496
constant100,3,16,79,100,99.427596722,100.000000000,0.572403278
constant100,3,16,80,100,99.463371927,100.000000000,0.536628073
constant100,3,16,81,100,99.496911182,100.000000000,0.503088818
constant100,3,16,82,100,99.528354233,100.000000000,0.471645767
constant100,3,16,83,100,99.557832093,100.000000000,0.442167907
constant100,3,16,84,100,99.585467587,100.000000000,0.414532413
constant100,3,16,85,100,99.611375863,100.000000000,0.388624137
constant100,3,16,86,100,99.635664872,100.000000000,0.364335128
constant100,3,16,87,100,99.658435817,100.000000000,0.341564183
constant100,3,16,88,100,99.679783579,100.000000000,0.320216421
constant100,3,16,89,100,99.699797105,100.000000000,0.300202895
constant100,3,16,90,100,99.718559786,100.000000000,0.281440214
constant100,3,16,91,100,99.736149799,100.000000000,0.263850201
constant100,3,16,92,100,99.752640437,100.000000000,0.247359563
constant100,3,16,93,100,99.768100410,100.000000000,0.231899590
constant100,3,16,94,100,99.782594134,100.000000000,0.217405866
constant100,3,16,95,100,99.796182001,100.000000000,0.203817999
constant100,3,16,96,100,99.808920626,100.000000000,0.191079374
constant100,3,16,97,100,99.820863086,100.000000000,0.179136914
constant100,3,16,98,100,99.832059144,100.000000000,0.167940856
constant100,3,16,99,100,99.842555447,100.000000000,0.157444553
constant100,8,8,0,100,12.500000000,12.500000000,0.000000000
constant100,8,8,1,100,23.437500000,23.437500000,0.000000000
constant100,8,8,2,100,33.007812500,33.007812500,0.000000000
constant100,8,8,3,100,41.381835938,41.382812500,0.000976562
constant100,8,8,4,100,48.709106445,48.710937500,0.001831055
constant100,8,8,5,100,55.120468140,55.125000000,0.004531860
constant100,8,8,6,100,60.730409622,60.734375000,0.003965378
constant100,8,8,7,100,65.639108419,65.644531250,0.005422831
constant100,8,8,8,100,69.934219867,69.941406250,0.007186383
constant100,8,8,9,100,73.692442384,73.699218750,0.006776366
constant100,8,8,10,100,76.980887086,76.988281250,0.007394164
constant100,8,8,11,100,79.858276200,79.867187500,0.008911300
constant100,8,8,12,100,82.375991675,82.386718750,0.010727075
constant100,8,8,13,100,84.578992716,84.589843750,0.010851034
constant100,8,8,14,100,86.506618626,86.519531250,0.012912624
constant100,8,8,15,100,88.193291298,88.207031250,0.013739952
constant100,8,8,16,100,89.669129886,89.683593750,0.014463864
constant100,8,8,17,100,90.960488650,90.976562500,0.016073850
constant100,8,8,18,100,92.090427569,92.105468750,0.015041181
constant100,8,8,19,100,93.079124123,93.093750000,0.014625877
constant100,8,8,20,100,93.944233607,93.957031250,0.012797643
constant100,8,8,21,100,94.701204406,94.714843750,0.013639344
constant100,8,8,22,100,95.363553856,95.378906250,0.015352394
constant100,8,8,23,100,95.943109624,95.957031250,0.013921626
constant100,8,8,24,100,96.450220921,96.464843750,0.014622829
constant100,8,8,25,100,96.893943306,96.910156250,0.016212944
constant100,8,8,26,100,97.282200392,97.296875000,0.014674608
constant100,8,8,27,100,97.621925343,97.636718750,0.014793407
constant100,8,8,28,100,97.919184675,97.933593750,0.014409075
constant100,8,8,29,100,98.179286591,98.195312500,0.016025909
constant100,8,8,30,100,98.406875767,98.421875000,0.014999233
constant100,8,8,31,100,98.606016296,98.621093750,0.015077454
constant100,8,8,32,100,98.780264259,98.796875000,0.016610741
constant100,8,8,33,100,98.932731227,98.949218750,0.016487523
constant100,8,8,34,100,99.066139823,99.082031250,0.015891427
constant100,8,8,35,100,99.182872346,99.199218750,0.016346404
constant100,8,8,36,100,99.285013302,99.300781250,0.015767948
constant100,8,8,37,100,99.374386640,99.390625000,0.016238360
constant100,8,8,38,100,99.452588310,99.468750000,0.016161690
constant100,8,8,39,100,99.521014771,99.535156250,0.014141479
constant100,8,8,40,100,99.580887925,99.593750000,0.012862075
constant100,8,8,41,100,99.633276934,99.644531250,0.011254316
constant100,8,8,42,100,99.679117317,99.691406250,0.012288933
constant100,8,8,43,100,99.719227653,99.730468750,0.011241097
constant100,8,8,44,100,99.754324196,99.765625000,0.011300804
constant100,8,8,45,100,99.785033671,99.796875000,0.011841329
constant100,8,8,46,100,99.811904463,99.824218750,0.012314287
constant100,8,8,47,100,99.835416405,99.847656250,0.012239845
constant100,8,8,48,100,99.855989354,99.867187500,0.011198146
constant100,8,8,49,100,99.873990685,99.886718750,0.012728065
constant100,8,8,50,100,99.889741849,99.902343750,0.012601901
constant100,8,8,51,100,99.903524118,99.917968750,0.014444632
constant100,8,8,52,100,99.915583603,99.929687500,0.014103897
constant100,8,8,53,100,99.926135653,99.941406250,0.015270597
constant100,8,8,54,100,99.935368696,99.949218750,0.013850054
constant100,8,8,55,100,99.943447609,99.957031250,0.013583641
constant100,8,8,56,100,99.950516658,99.964843750,0.014327092
constant100,8,8,57,100,99.956702076,99.972656250,0.015954174
constant100,8,8,58,100,99.962114316,99.976562500,0.014448184
constant100,8,8,59,100,99.966850027,99.980468750,0.013618723
constant100,8,8,60,100,99.970993773,99.984375000,0.013381227
constant100,8,8,61,100,99.974619552,99.988281250,0.013661698
constant100,8,8,62,100,99.977792108,99.992187500,0.014395392
constant100,8,8,63,100,99.980568094,99.996093750,0.015525656
constant100,8,8,64,100,99.982997083,100.000000000,0.017002917
constant100,8,8,65,100,99.985122447,100.000000000,0.014877553
constant100,8,8,66,100,99.986982141,100.000000000,0.013017859
constant100,8,8,67,100,99.988609374,100.000000000,0.011390626
constant100,8,8,68,100,99.990033202,100.000000000,0.009966798
constant100,8,8,69,100,99.991279052,100.000000000,0.008720948
constant100,8,8,70,100,99.992369170,100.000000000,0.007630830
constant100,8,8,71,100,99.993323024,100.000000000,0.006676976
constant100,8,8,72,100,99.994157646,100.000000000,0.005842354
constant100,8,8,73,100,99.994887940,100.000000000,0.005112060
constant100,8,8,74,100,99.995526948,100.000000000,0.004473052
constant100,8,8,75,100,99.996086079,100.000000000,0.003913921
constant100,8,8,76,100,99.996575319,100.000000000,0.003424681
constant100,8,8,77,100,99.997003404,100.000000000,0.002996596
constant100,8,8,78,100,99.997377979,100.000000000,0.002622021
constant100,8,8,79,100,99.997705732,100.000000000,0.002294268
constant100,8,8,80,100,99.997992515,100.000000000,0.002007485
constant100,8,8,81,100,99.998243451,100.000000000,0.001756549
constant100,8,8,82,100,99.998463019,100.000000000,0.001536981
constant100,8,8,83,100,99.998655142,100.000000000,0.001344858
constant100,8,8,84,100,99.998823249,100.000000000,0.001176751
constant100,8,8,85,100,99.998970343,100.000000000,0.001029657
constant100,8,8,86,100,99.999099050,100.000000000,0.000900950
constant100,8,8,87,100,99.999211669,100.000000000,0.000788331
constant100,8,8,88,100,99.999310210,100.000000000,0.000689790
constant100,8,8,89,100,99.999396434,100.000000000,0.000603566
constant100,8,8,90,100,99.999471880,100.000000000,0.000528120
constant100,8,8,91,100,99.999537895,100.000000000,0.000462105
constant100,8,8,92,100,99.999595658,100.000000000,0.000404342
constant100,8,8,93,100,99.999646201,100.000000000,0.000353799
constant100,8,8,94,100,99.999690426,100.000000000,0.000309574
constant100,8,8,95,100,99.999729122,100.000000000,0.000270878
constant100,8,8,96,100,99.999762982,100.000000000,0.000237018
constant100,8,8,97,100,99.999792609,100.000000000,0.000207391
constant100,8,8,98,100,99.999818533,100.000000000,0.000181467
constant100,8,8,99,100,99.999841217,100.000000000,0.000158783
constant100,8,16,0,100,6.250000000,6.250000000,0.000000000
constant100,8,16,1,100,12.109375000,12.109375000,0.000000000
constant100,8,16,2,100,17.602539062,17.605468750,0.002929688
constant100,8,16,3,100,22.752380371,22.757812500,0.005432129
constant100,8,16,4,100,27.580356598,27.585937500,0.005580902
constant100,8,16,5,100,32.106584311,32.113281250,0.006696939
constant100,8,16,6,100,36.349922791,36.359375000,0.009452209
constant100,8,16,7,100,40.328052617,40.339843750,0.011791133
constant100,8,16,8,100,44.057549328,44.070312500,0.012763172
constant100,8,16,9,100,47.553952495,47.566406250,0.012453755
constant100,8,16,10,100,50.831830464,50.843750000,0.011919536
constant100,8,16,11,100,53.904841060,53.917968750,0.013127690
constant100,8,16,12,100,56.785788494,56.800781250,0.014992756
constant100,8,16,13,100,59.486676713,59.503906250,0.017229537
constant100,8,16,14,100,62.018759418,62.035156250,0.016396832
constant100,8,16,15,100,64.392586955,64.410156250,0.017569295
constant100,8,16,16,100,66.618050270,66.636718750,0.018668480
constant100,8,16,17,100,68.704422128,68.722656250,0.018234122
constant100,8,16,18,100,70.660395745,70.679687500,0.019291755
constant100,8,16,19,100,72.494121011,72.515625000,0.021503989
constant100,8,16,20,100,74.213238448,74.234375000,0.021136552
constant100,8,16,21,100,75.824911045,75.847656250,0.022745205
constant100,8,16,22,100,77.335854105,77.359375000,0.023520895
constant100,8,16,23,100,78.752363223,78.777343750,0.024980527
constant100,8,16,24,100,80.080340522,80.105468750,0.025128228
constant100,8,16,25,100,81.325319239,81.351562500,0.026243261
constant100,8,16,26,100,82.492486787,82.519531250,0.027044463
constant100,8,16,27,100,83.586706362,83.613281250,0.026574888
constant100,8,16,28,100,84.612537215,84.640625000,0.028087785
constant100,8,16,29,100,85.574253639,85.601562500,0.027308861
constant100,8,16,30,100,86.475862786,86.503906250,0.028043464
constant100,8,16,31,100,87.321121362,87.347656250,0.026534888
constant100,8,16,32,100,88.113551277,88.140625000,0.027073723
constant100,8,16,33,100,88.856454322,88.882812500,0.026358178
constant100,8,16,34,100,89.552925927,89.578125000,0.025199073
constant100,8,16,35,100,90.205868057,90.230468750,0.024600693
constant100,8,16,36,100,90.818001303,90.843750000,0.025748697
constant100,8,16,37,100,91.391876222,91.417968750,0.026092528
constant100,8,16,38,100,91.929883958,91.957031250,0.027147292
constant100,8,16,39,100,92.434266211,92.460937500,0.026671289
constant100,8,16,40,100,92.907124572,92.933593750,0.026469178
constant100,8,16,41,100,93.350429287,93.378906250,0.028476963
constant100,8,16,42,100,93.766027456,93.792968750,0.026941294
constant100,8,16,43,100,94.155650740,94.183593750,0.027943010
constant100,8,16,44,100,94.520922569,94.550781250,0.029858681
constant100,8,16,45,100,94.863364908,94.894531250,0.031166342
constant100,8,16,46,100,95.184404602,95.214843750,0.030439148
constant100,8,16,47,100,95.485379314,95.515625000,0.030245686
constant100,8,16,48,100,95.767543107,95.796875000,0.029331893
constant100,8,16,49,100,96.032071663,96.062500000,0.030428337
constant100,8,16,50,100,96.280067184,96.308593750,0.028526566
constant100,8,16,51,100,96.512562985,96.542968750,0.030405765
constant100,8,16,52,100,96.730527798,96.761718750,0.031190952
constant100,8,16,53,100,96.934869811,96.964843750,0.029973939
constant100,8,16,54,100,97.126440448,97.156250000,0.029809552
constant100,8,16,55,100,97.306037920,97.335937500,0.029899580
constant100,8,16,56,100,97.474410550,97.503906250,0.029495700
constant100,8,16,57,100,97.632259890,97.660156250,0.027896360
constant100,8,16,58,100,97.780243647,97.808593750,0.028350103
constant100,8,16,59,100,97.918978419,97.949218750,0.030240331
constant100,8,16,60,100,98.049042268,98.078125000,0.029082732
constant100,8,16,61,100,98.170977126,98.199218750,0.028241624
constant100,8,16,62,100,98.285291056,98.312500000,0.027208944
constant100,8,16,63,100,98.392460365,98.417968750,0.025508385
constant100,8,16,64,100,98.492931592,98.519531250,0.026599658
constant100,8,16,65,100,98.587123368,98.613281250,0.026157882
constant100,8,16,66,100,98.675428157,98.703125000,0.027696843
constant100,8,16,67,100,98.758213897,98.785156250,0.026942353
constant100,8,16,68,100,98.835825529,98.863281250,0.027455721
constant100,8,16,69,100,98.908586433,98.937500000,0.028913567
constant100,8,16,70,100,98.976799781,99.003906250,0.027106469
constant100,8,16,71,100,99.040749795,99.066406250,0.025656455
constant100,8,16,72,100,99.100702933,99.125000000,0.024297067
constant100,8,16,73,100,99.156908999,99.179687500,0.022778501
constant100,8,16,74,100,99.209602187,99.234375000,0.024772813
constant100,8,16,75,100,99.259002050,99.285156250,0.026154200
constant100,8,16,76,100,99.305314422,99.332031250,0.026716828
constant100,8,16,77,100,99.348732271,99.375000000,0.026267729
constant100,8,16,78,100,99.389436504,99.414062500,0.024625996
constant100,8,16,79,100,99.427596722,99.453125000,0.025528278
constant100,8,16,80,100,99.463371927,99.488281250,0.024909323
constant100,8,16,81,100,99.496911182,99.523437500,0.026526318
constant100,8,16,82,100,99.528354233,99.554687500,0.026333267
constant100,8,16,83,100,99.557832093,99.585937500,0.028105407
constant100,8,16,84,100,99.585467587,99.613281250,0.027813663
constant100,8,16,85,100,99.611375863,99.640625000,0.029249137
constant100,8,16,86,100,99.635664872,99.664062500,0.028397628
constant100,8,16,87,100,99.658435817,99.687500000,0.029064183
constant100,8,16,88,100,99.679783579,99.707031250,0.027247671
constant100,8,16,89,100,99.699797105,99.726562500,0.026765395
constant100,8,16,90,100,99.718559786,99.746093750,0.027533964
constant100,8,16,91,100,99.736149799,99.765625000,0.029475201
constant100,8,16,92,100,99.752640437,99.781250000,0.028609563
constant100,8,16,93,100,99.768100410,99.796875000,0.028774590
constant100,8,16,94,100,99.782594134,99.812500000,0.029905866
constant100,8,16,95,100,99.796182001,99.824218750,0.028036749
constant100,8,16,96,100,99.808920626,99.835937500,0.027016874
constant100,8,16,97,100,99.820863086,99.847656250,0.026793164
constant100,8,16,98,100,99.832059144,99.859375000,0.027315856
constant100,8,16,99,100,99.842555447,99.871093750,0.028538303
constant100,10,8,0,100,12.500000000,12.500000000,0.000000000
constant100,10,8,1,100,23.437500000,23.437500000,0.000000000
constant100,10,8,2,100,33.007812500,33.007812500,0.000000000
constant100,10,8,3,100,41.381835938,41.381835938,0.000000000
constant100,10,8,4,100,48.709106445,48.709960938,0.000854492
constant100,10,8,5,100,55.120468140,55.122070312,0.001602173
constant100,10,8,6,100,60.730409622,60.732421875,0.002012253
constant100,10,8,7,100,65.639108419,65.641601562,0.002493143
constant100,10,8,8,100,69.934219867,69.936523438,0.002303571
constant100,10,8,9,100,73.692442384,73.695312500,0.002870116
constant100,10,8,10,100,76.980887086,76.983398438,0.002511352
constant100,10,8,11,100,79.858276200,79.861328125,0.003051925
constant100,10,8,12,100,82.375991675,82.378906250,0.002914575
constant100,10,8,13,100,84.578992716,84.582031250,0.003038534
constant100,10,8,14,100,86.506618626,86.509765625,0.003146999
constant100,10,8,15,100,88.193291298,88.196289062,0.002997765
constant100,10,8,16,100,89.669129886,89.671875000,0.002745114
constant100,10,8,17,100,90.960488650,90.962890625,0.002401975
constant100,10,8,18,100,92.090427569,92.092773438,0.002345869
constant100,10,8,19,100,93.079124123,93.082031250,0.002907127
constant100,10,8,20,100,93.944233607,93.947265625,0.003032018
constant100,10,8,21,100,94.701204406,94.704101562,0.002897156
constant100,10,8,22,100,95.363553856,95.366210938,0.002657082
constant100,10,8,23,100,95.943109624,95.946289062,0.003179439
constant100,10,8,24,100,96.450220921,96.453125000,0.002904079
constant100,10,8,25,100,96.893943306,96.896484375,0.002541069
constant100,10,8,26,100,97.282200392,97.285156250,0.002955858
constant100,10,8,27,100,97.621925343,97.625000000,0.003074657
constant100,10,8,28,100,97.919184675,97.921875000,0.002690325
constant100,10,8,29,100,98.179286591,98.181640625,0.002354034
constant100,10,8,30,100,98.406875767,98.409179688,0.002303920
constant100,10,8,31,100,98.606016296,98.608398438,0.002382141
constant100,10,8,32,100,98.780264259,98.783203125,0.002938866
constant100,10,8,33,100,98.932731227,98.935546875,0.002815648
constant100,10,8,34,100,99.066139823,99.069335938,0.003196114
constant100,10,8,35,100,99.182872346,99.186523438,0.003651092
constant100,10,8,36,100,99.285013302,99.289062500,0.004049198
constant100,10,8,37,100,99.374386640,99.377929688,0.003543048
constant100,10,8,38,100,99.452588310,99.456054688,0.003466378
constant100,10,8,39,100,99.521014771,99.524414062,0.003399292
constant100,10,8,40,100,99.580887925,99.583984375,0.003096450
constant100,10,8,41,100,99.633276934,99.636718750,0.003441816
constant100,10,8,42,100,99.679117317,99.682617188,0.003499870
constant100,10,8,43,100,99.719227653,99.722656250,0.003428597
constant100,10,8,44,100,99.754324196,99.757812500,0.003488304
constant100,10,8,45,100,99.785033671,99.788085938,0.003052266
constant100,10,8,46,100,99.811904463,99.815429688,0.003525225
constant100,10,8,47,100,99.835416405,99.838867188,0.003450783
constant100,10,8,48,100,99.855989354,99.859375000,0.003385646
constant100,10,8,49,100,99.873990685,99.876953125,0.002962440
constant100,10,8,50,100,99.889741849,99.892578125,0.002836276
constant100,10,8,51,100,99.903524118,99.906250000,0.002725882
constant100,10,8,52,100,99.915583603,99.917968750,0.002385147
constant100,10,8,53,100,99.926135653,99.928710938,0.002575285
constant100,10,8,54,100,99.935368696,99.938476562,0.003107866
constant100,10,8,55,100,99.943447609,99.946289062,0.002841453
constant100,10,8,56,100,99.950516658,99.953125000,0.002608342
constant100,10,8,57,100,99.956702076,99.958984375,0.002282299
constant100,10,8,58,100,99.962114316,99.964843750,0.002729434
constant100,10,8,59,100,99.966850027,99.969726562,0.002876536
constant100,10,8,60,100,99.970993773,99.973632812,0.002639039
constant100,10,8,61,100,99.974619552,99.977539062,0.002919511
constant100,10,8,62,100,99.977792108,99.980468750,0.002676642
constant100,10,8,63,100,99.980568094,99.983398438,0.002830343
constant100,10,8,64,100,99.982997083,99.986328125,0.003331042
constant100,10,8,65,100,99.985122447,99.988281250,0.003158803
constant100,10,8,66,100,99.986982141,99.990234375,0.003252234
constant100,10,8,67,100,99.988609374,99.992187500,0.003578126
constant100,10,8,68,100,99.990033202,99.993164062,0.003130861
constant100,10,8,69,100,99.991279052,99.994140625,0.002861573
constant100,10,8,70,100,99.992369170,99.995117188,0.002748017
constant100,10,8,71,100,99.993323024,99.996093750,0.002770726
constant100,10,8,72,100,99.994157646,99.997070312,0.002912667
constant100,10,8,73,100,99.994887940,99.998046875,0.003158935
constant100,10,8,74,100,99.995526948,99.999023438,0.003496490
constant100,10,8,75,100,99.996086079,100.000000000,0.003913921
constant100,10,8,76,100,99.996575319,100.000000000,0.003424681
constant100,10,8,77,100,99.997003404,100.000000000,0.002996596
constant100,10,8,78,100,99.997377979,100.000000000,0.002622021
constant100,10,8,79,100,99.997705732,100.000000000,0.002294268
constant100,10,8,80,100,99.997992515,100.000000000,0.002007485
constant100,10,8,81,100,99.998243451,100.000000000,0.001756549
constant100,10,8,82,100,99.998463019,100.000000000,0.001536981
constant100,10,8,83,100,99.998655142,100.000000000,0.001344858
constant100,10,8,84,100,99.998823249,100.000000000,0.001176751
constant100,10,8,85,100,99.998970343,100.000000000,0.001029657
constant100,10,8,86,100,99.999099050,100.000000000,0.000900950
constant100,10,8,87,100,99.999211669,100.000000000,0.000788331
constant100,10,8,88,100,99.999310210,100.000000000,0.000689790
constant100,10,8,89,100,99.999396434,100.000000000,0.000603566
constant100,10,8,90,100,99.999471880,100.000000000,0.000528120
constant100,10,8,91,100,99.999537895,100.000000000,0.000462105
constant100,10,8,92,100,99.999595658,100.000000000,0.000404342
constant100,10,8,93,100,99.999646201,100.000000000,0.000353799
constant100,10,8,94,100,99.999690426,100.000000000,0.000309574
constant100,10,8,95,100,99.999729122,100.000000000,0.000270878
constant100,10,8,96,100,99.999762982,100.000000000,0.000237018
constant100,10,8,97,100,99.999792609,100.000000000,0.000207391
constant100,10,8,98,100,99.999818533,100.000000000,0.000181467
constant100,10,8,99,100,99.999841217,100.000000000,0.000158783
constant100,10,16,0,100,6.250000000,6.250000000,0.000000000
constant100,10,16,1,100,12.109375000,12.109375000,0.000000000
constant100,10,16,2,100,17.602539062,17.602539062,0.000000000
constant100,10,16,3,100,22.752380371,22.752929688,0.000549316
constant100,10,16,4,100,27.580356598,27.581054688,0.000698090
constant100,10,16,5,100,32.106584311,32.107421875,0.000837564
constant100,10,16,6,100,36.349922791,36.351562500,0.001639709
constant100,10,16,7,100,40.328052617,40.330078125,0.002025508
constant100,10,16,8,100,44.057549328,44.059570312,0.002020984
constant100,10,16,9,100,47.553952495,47.556640625,0.002688130
constant100,10,16,10,100,50.831830464,50.834960938,0.003130473
constant100,10,16,11,100,53.904841060,53.908203125,0.003362065
constant100,10,16,12,100,56.785788494,56.789062500,0.003274006
constant100,10,16,13,100,59.486676713,59.490234375,0.003557662
constant100,10,16,14,100,62.018759418,62.022460938,0.003701519
constant100,10,16,15,100,64.392586955,64.396484375,0.003897420
constant100,10,16,16,100,66.618050270,66.622070312,0.004020042
constant100,10,16,17,100,68.704422128,68.708984375,0.004562247
constant100,10,16,18,100,70.660395745,70.665039062,0.004643317
constant100,10,16,19,100,72.494121011,72.499023438,0.004902426
constant100,10,16,20,100,74.213238448,74.218750000,0.005511552
constant100,10,16,21,100,75.824911045,75.830078125,0.005167080
constant100,10,16,22,100,77.335854105,77.340820312,0.004966208
constant100,10,16,23,100,78.752363223,78.757812500,0.005449277
constant100,10,16,24,100,80.080340522,80.085937500,0.005596978
constant100,10,16,25,100,81.325319239,81.331054688,0.005735448
constant100,10,16,26,100,82.492486787,82.498046875,0.005560088
constant100,10,16,27,100,83.586706362,83.592773438,0.006067075
constant100,10,16,28,100,84.612537215,84.619140625,0.006603410
constant100,10,16,29,100,85.574253639,85.581054688,0.006801049
constant100,10,16,30,100,86.475862786,86.482421875,0.006559089
constant100,10,16,31,100,87.321121362,87.328125000,0.007003638
constant100,10,16,32,100,88.113551277,88.120117188,0.006565910
constant100,10,16,33,100,88.856454322,88.863281250,0.006826928
constant100,10,16,34,100,89.552925927,89.559570312,0.006644385
constant100,10,16,35,100,90.205868057,90.212890625,0.007022568
constant100,10,16,36,100,90.818001303,90.825195312,0.007194009
constant100,10,16,37,100,91.391876222,91.399414062,0.007537841
constant100,10,16,38,100,91.929883958,91.937500000,0.007616042
constant100,10,16,39,100,92.434266211,92.441406250,0.007140039
constant100,10,16,40,100,92.907124572,92.914062500,0.006937928
constant100,10,16,41,100,93.350429287,93.357421875,0.006992588
constant100,10,16,42,100,93.766027456,93.773437500,0.007410044
constant100,10,16,43,100,94.155650740,94.163085938,0.007435197
constant100,10,16,44,100,94.520922569,94.528320312,0.007397744
constant100,10,16,45,100,94.863364908,94.871093750,0.007728842
constant100,10,16,46,100,95.184404602,95.192382812,0.007978211
constant100,10,16,47,100,95.485379314,95.493164062,0.007784749
constant100,10,16,48,100,95.767543107,95.775390625,0.007847518
constant100,10,16,49,100,96.032071663,96.040039062,0.007967400
constant100,10,16,50,100,96.280067184,96.288085938,0.008018754
constant100,10,16,51,100,96.512562985,96.520507812,0.007944828
constant100,10,16,52,100,96.730527798,96.738281250,0.007753452
constant100,10,16,53,100,96.934869811,96.942382812,0.007513002
constant100,10,16,54,100,97.126440448,97.133789062,0.007348615
constant100,10,16,55,100,97.306037920,97.313476562,0.007438643
constant100,10,16,56,100,97.474410550,97.481445312,0.007034763
constant100,10,16,57,100,97.632259890,97.639648438,0.007388547
constant100,10,16,58,100,97.780243647,97.788085938,0.007842290
constant100,10,16,59,100,97.918978419,97.926757812,0.007779393
constant100,10,16,60,100,98.049042268,98.056640625,0.007598357
constant100,10,16,61,100,98.170977126,98.178710938,0.007733811
constant100,10,16,62,100,98.285291056,98.292968750,0.007677694
constant100,10,16,63,100,98.392460365,98.400390625,0.007930260
constant100,10,16,64,100,98.492931592,98.500976562,0.008044970
constant100,10,16,65,100,98.587123368,98.594726562,0.007603195
constant100,10,16,66,100,98.675428157,98.682617188,0.007189030
constant100,10,16,67,100,98.758213897,98.765625000,0.007411103
constant100,10,16,68,100,98.835825529,98.842773438,0.006947909
constant100,10,16,69,100,98.908586433,98.916015625,0.007429192
constant100,10,16,70,100,98.976799781,98.984375000,0.007575219
constant100,10,16,71,100,99.040749795,99.047851562,0.007101768
constant100,10,16,72,100,99.100702933,99.107421875,0.006718942
constant100,10,16,73,100,99.156908999,99.164062500,0.007153501
constant100,10,16,74,100,99.209602187,99.216796875,0.007194688
constant100,10,16,75,100,99.259002050,99.266601562,0.007599512
constant100,10,16,76,100,99.305314422,99.312500000,0.007185578
constant100,10,16,77,100,99.348732271,99.355468750,0.006736479
constant100,10,16,78,100,99.389436504,99.396484375,0.007047871
constant100,10,16,79,100,99.427596722,99.434570312,0.006973590
constant100,10,16,80,100,99.463371927,99.470703125,0.007331198
constant100,10,16,81,100,99.496911182,99.503906250,0.006995068
constant100,10,16,82,100,99.528354233,99.535156250,0.006802017
constant100,10,16,83,100,99.557832093,99.564453125,0.006621032
constant100,10,16,84,100,99.585467587,99.591796875,0.006329288
constant100,10,16,85,100,99.611375863,99.618164062,0.006788199
constant100,10,16,86,100,99.635664872,99.642578125,0.006913253
constant100,10,16,87,100,99.658435817,99.665039062,0.006603245
constant100,10,16,88,100,99.679783579,99.686523438,0.006739859
constant100,10,16,89,100,99.699797105,99.707031250,0.007234145
constant100,10,16,90,100,99.718559786,99.725585938,0.007026152
constant100,10,16,91,100,99.736149799,99.743164062,0.007014263
constant100,10,16,92,100,99.752640437,99.759765625,0.007125188
constant100,10,16,93,100,99.768100410,99.775390625,0.007290215
constant100,10,16,94,100,99.782594134,99.790039062,0.007444929
constant100,10,16,95,100,99.796182001,99.803710938,0.007528937
constant100,10,16,96,100,99.808920626,99.816406250,0.007485624
constant100,10,16,97,100,99.820863086,99.828125000,0.007261914
constant100,10,16,98,100,99.832059144,99.838867188,0.006808044
constant100,10,16,99,100,99.842555447,99.849609375,0.007053928
step0to100,0,8,0,0,0.000000000,0.000000000,0.000000000
step0to100,0,8,1,0,0.000000000,0.000000000,0.000000000
step0to100,0,8,2,0,0.000000000,0.000000000,0.000000000
step0to100,0,8,3,0,0.000000000,0.000000000,0.000000000
step0to100,0,8,4,0,0.000000000,0.000000000,0.000000000
step0to100,0,8,5,0,0.000000000,0.000000000,0.000000000
step0to100,0,8,6,0,0.000000000,0.000000000,0.000000000
step0to100,0,8,7,0,0.000000000,0.000000000,0.000000000
step0to100,0,8,8,0,0.000000000,0.000000000,0.000000000
step0to100,0,8,9,0,0.000000000,0.000000000,0.000000000
step0to100,0,8,10,0,0.000000000,0.000000000,0.000000000
step0to100,0,8,11,0,0.000000000,0.000000000,0.000000000
step0to100,0,8,12,0,0.000000000,0.000000000,0.000000000
step0to100,0,8,13,0,0.000000000,0.000000000,0.000000000
step0to100,0,8,14,0,0.000000000,0.000000000,0.000000000
step0to100,0,8,15,0,0.000000000,0.000000000,0.000000000
step0to100,0,8,16,0,0.000000000,0.000000000,0.000000000
step0to100,0,8,17,0,0.000000000,0.000000000,0.000000000
step0to100,0,8,18,0,0.000000000,0.000000000,0.000000000
step0to100,0,8,19,0,0.000000000,0.000000000,0.000000000
step0to100,0,8,20,0,0.000000000,0.000000000,0.000000000
step0to100,0,8,21,0,0.000000000,0.000000000,0.000000000
step0to100,0,8,22,0,0.000000000,0.000000000,0.000000000
step0to100,0,8,23,0,0.000000000,0.000000000,0.000000000
step0to100,0,8,24,0,0.000000000,0.000000000,0.000000000
step0to100,0,8,25,0,0.000000000,0.000000000,0.000000000
step0to100,0,8,26,0,0.000000000,0.000000000,0.000000000
step0to100,0,8,27,0,0.000000000,0.000000000,0.000000000
step0to100,0,8,28,0,0.000000000,0.000000000,0.000000000
step0to100,0,8,29,0,0.000000000,0.000000000,0.000000000
step0to100,0,8,30,0,0.000000000,0.000000000,0.000000000
step0to100,0,8,31,0,0.000000000,0.000000000,0.000000000
step0to100,0,8,32,0,0.000000000,0.000000000,0.000000000
step0to100,0,8,33,0,0.000000000,0.000000000,0.000000000
step0to100,0,8,34,0,0.000000000,0.000000000,0.000000000
step0to100,0,8,35,0,0.000000000,0.000000000,0.000000000
step0to100,0,8,36,0,0.000000000,0.000000000,0.000000000
step0to100,0,8,37,0,0.000000000,0.000000000,0.000000000
step0to100,0,8,38,0,0.000000000,0.000000000,0.000000000
step0to100,0,8,39,0,0.000000000,0.000000000,0.000000000
step0to100,0,8,40,0,0.000000000,0.000000000,0.000000000
step0to100,0,8,41,0,0.000000000,0.000000000,0.000000000
step0to100,0,8,42,0,0.000000000,0.000000000,0.000000000
step0to100,0,8,43,0,0.000000000,0.000000000,0.000000000
step0to100,0,8,44,0,0.000000000,0.000000000,0.000000000
step0to100,0,8,45,0,0.000000000,0.000000000,0.000000000
step0to100,0,8,46,0,0.000000000,0.000000000,0.000000000
step0to100,0,8,47,0,0.000000000,0.000000000,0.000000000
step0to100,0,8,48,0,0.000000000,0.000000000,0.000000000
step0to100,0,8,49,0,0.000000000,0.000000000,0.000000000
step0to100,0,8,50,100,12.500000000,12.000000000,0.500000000
step0to100,0,8,51,100,23.437500000,23.000000000,0.437500000
step0to100,0,8,52,100,33.007812500,33.000000000,0.007812500
step0to100,0,8,53,100,41.381835938,41.000000000,0.381835938
step0to100,0,8,54,100,48.709106445,48.000000000,0.709106445
step0to100,0,8,55,100,55.120468140,54.000000000,1.120468140
step0to100,0,8,56,100,60.730409622,60.000000000,0.730409622
step0to100,0,8,57,100,65.639108419,65.000000000,0.639108419
step0to100,0,8,58,100,69.934219867,69.000000000,0.934219867
step0to100,0,8,59,100,73.692442384,73.000000000,0.692442384
step0to100,0,8,60,100,76.980887086,76.000000000,0.980887086
step0to100,0,8,61,100,79.858276200,79.000000000,0.858276200
step0to100,0,8,62,100,82.375991675,82.000000000,0.375991675
step0to100,0,8,63,100,84.578992716,84.000000000,0.578992716
step0to100,0,8,64,100,86.506618626,86.000000000,0.506618626
step0to100,0,8,65,100,88.193291298,88.000000000,0.193291298
step0to100,0,8,66,100,89.669129886,89.000000000,0.669129886
step0to100,0,8,67,100,90.960488650,90.000000000,0.960488650
step0to100,0,8,68,100,92.090427569,91.000000000,1.090427569
step0to100,0,8,69,100,93.079124123,92.000000000,1.079124123
step0to100,0,8,70,100,93.944233607,93.000000000,0.944233607
step0to100,0,8,71,100,94.701204406,94.000000000,0.701204406
step0to100,0,8,72,100,95.363553856,95.000000000,0.363553856
step0to100,0,8,73,100,95.943109624,96.000000000,0.056890376
step0to100,0,8,74,100,96.450220921,96.000000000,0.450220921
step0to100,0,8,75,100,96.893943306,96.000000000,0.893943306
step0to100,0,8,76,100,97.282200392,96.000000000,1.282200392
step0to100,0,8,77,100,97.621925343,96.000000000,1.621925343
step0to100,0,8,78,100,97.919184675,96.000000000,1.919184675
step0to100,0,8,79,100,98.179286591,96.000000000,2.179286591
step0to100,0,8,80,100,98.406875767,96.000000000,2.406875767
step0to100,0,8,81,100,98.606016296,96.000000000,2.606016296
step0to100,0,8,82,100,98.780264259,96.000000000,2.780264259
step0to100,0,8,83,100,98.932731227,96.000000000,2.932731227
step0to100,0,8,84,100,99.066139823,96.000000000,3.066139823
step0to100,0,8,85,100,99.182872346,96.000000000,3.182872346
step0to100,0,8,86,100,99.285013302,96.000000000,3.285013302
step0to100,0,8,87,100,99.374386640,96.000000000,3.374386640
step0to100,0,8,88,100,99.452588310,96.000000000,3.452588310
step0to100,0,8,89,100,99.521014771,96.000000000,3.521014771
step0to100,0,8,90,100,99.580887925,96.000000000,3.580887925
step0to100,0,8,91,100,99.633276934,96.000000000,3.633276934
step0to100,0,8,92,100,99.679117317,96.000000000,3.679117317
step0to100,0,8,93,100,99.719227653,96.000000000,3.719227653
step0to100,0,8,94,100,99.754324196,96.000000000,3.754324196
step0to100,0,8,95,100,99.785033671,96.000000000,3.785033671
step0to100,0,8,96,100,99.811904463,96.000000000,3.811904463
step0to100,0,8,97,100,99.835416405,96.000000000,3.835416405
step0to100,0,8,98,100,99.855989354,96.000000000,3.855989354
step0to100,0,8,99,100,99.873990685,96.000000000,3.873990685
step0to100,0,16,0,0,0.000000000,0.000000000,0.000000000
step0to100,0,16,1,0,0.000000000,0.000000000,0.000000000
step0to100,0,16,2,0,0.000000000,0.000000000,0.000000000
step0to100,0,16,3,0,0.000000000,0.000000000,0.000000000
step0to100,0,16,4,0,0.000000000,0.000000000,0.000000000
step0to100,0,16,5,0,0.000000000,0.000000000,0.000000000
step0to100,0,16,6,0,0.000000000,0.000000000,0.000000000
step0to100,0,16,7,0,0.000000000,0.000000000,0.000000000
step0to100,0,16,8,0,0.000000000,0.000000000,0.000000000
step0to100,0,16,9,0,0.000000000,0.000000000,0.000000000
step0to100,0,16,10,0,0.000000000,0.000000000,0.000000000
step0to100,0,16,11,0,0.000000000,0.000000000,0.000000000
step0to100,0,16,12,0,0.000000000,0.000000000,0.000000000
step0to100,0,16,13,0,0.000000000,0.000000000,0.000000000
step0to100,0,16,14,0,0.000000000,0.000000000,0.000000000
step0to100,0,16,15,0,0.000000000,0.000000000,0.000000000
step0to100,0,16,16,0,0.000000000,0.000000000,0.000000000
step0to100,0,16,17,0,0.000000000,0.000000000,0.000000000
step0to100,0,16,18,0,0.000000000,0.000000000,0.000000000
step0to100,0,16,19,0,0.000000000,0.000000000,0.000000000
step0to100,0,16,20,0,0.000000000,0.000000000,0.000000000
step0to100,0,16,21,0,0.000000000,0.000000000,0.000000000
step0to100,0,16,22,0,0.000000000,0.000000000,0.000000000
step0to100,0,16,23,0,0.000000000,0.000000000,0.000000000
step0to100,0,16,24,0,0.000000000,0.000000000,0.000000000
step0to100,0,16,25,0,0.000000000,0.000000000,0.000000000
step0to100,0,16,26,0,0.000000000,0.000000000,0.000000000
step0to100,0,16,27,0,0.000000000,0.000000000,0.000000000
step0to100,0,16,28,0,0.000000000,0.000000000,0.000000000
step0to100,0,16,29,0,0.000000000,0.000000000,0.000000000
step0to100,0,16,30,0,0.000000000,0.000000000,0.000000000
step0to100,0,16,31,0,0.000000000,0.000000000,0.000000000
step0to100,0,16,32,0,0.000000000,0.000000000,0.000000000
step0to100,0,16,33,0,0.000000000,0.000000000,0.000000000
step0to100,0,16,34,0,0.000000000,0.000000000,0.000000000
step0to100,0,16,35,0,0.000000000,0.000000000,0.000000000
step0to100,0,16,36,0,0.000000000,0.000000000,0.000000000
step0to100,0,16,37,0,0.000000000,0.000000000,0.000000000
step0to100,0,16,38,0,0.000000000,0.000000000,0.000000000
step0to100,0,16,39,0,0.000000000,0.000000000,0.000000000
step0to100,0,16,40,0,0.000000000,0.000000000,0.000000000
step0to100,0,16,41,0,0.000000000,0.000000000,0.000000000
step0to100,0,16,42,0,0.000000000,0.000000000,0.000000000
step0to100,0,16,43,0,0.000000000,0.000000000,0.000000000
step0to100,0,16,44,0,0.000000000,0.000000000,0.000000000
step0to100,0,16,45,0,0.000000000,0.000000000,0.000000000
step0to100,0,16,46,0,0.000000000,0.000000000,0.000000000
step0to100,0,16,47,0,0.000000000,0.000000000,0.000000000
step0to100,0,16,48,0,0.000000000,0.000000000,0.000000000
step0to100,0,16,49,0,0.000000000,0.000000000,0.000000000
step0to100,0,16,50,100,6.250000000,6.000000000,0.250000000
step0to100,0,16,51,100,12.109375000,12.000000000,0.109375000
step0to100,0,16,52,100,17.602539062,18.000000000,0.397460938
step0to100,0,16,53,100,22.752380371,23.000000000,0.247619629
step0to100,0,16,54,100,27.580356598,28.000000000,0.419643402
step0to100,0,16,55,100,32.106584311,33.000000000,0.893415689
step0to100,0,16,56,100,36.349922791,37.000000000,0.650077209
step0to100,0,16,57,100,40.328052617,41.000000000,0.671947383
step0to100,0,16,58,100,44.057549328,45.000000000,0.942450672
step0to100,0,16,59,100,47.553952495,49.000000000,1.446047505
step0to100,0,16,60,100,50.831830464,52.000000000,1.168169536
step0to100,0,16,61,100,53.904841060,55.000000000,1.095158940
step0to100,0,16,62,100,56.785788494,58.000000000,1.214211506
step0to100,0,16,63,100,59.486676713,61.000000000,1.513323287
step0to100,0,16,64,100,62.018759418,64.000000000,1.981240582
step0to100,0,16,65,100,64.392586955,66.000000000,1.607413045
step0to100,0,16,66,100,66.618050270,68.000000000,1.381949730
step0to100,0,16,67,100,68.704422128,70.000000000,1.295577872
step0to100,0,16,68,100,70.660395745,72.000000000,1.339604255
step0to100,0,16,69,100,72.494121011,74.000000000,1.505878989
step0to100,0,16,70,100,74.213238448,76.000000000,1.786761552
step0to100,0,16,71,100,75.824911045,78.000000000,2.175088955
step0to100,0,16,72,100,77.335854105,80.000000000,2.664145895
step0to100,0,16,73,100,78.752363223,81.000000000,2.247636777
step0to100,0,16,74,100,80.080340522,82.000000000,1.919659478
step0to100,0,16,75,100,81.325319239,83.000000000,1.674680761
step0to100,0,16,76,100,82.492486787,84.000000000,1.507513213
step0to100,0,16,77,100,83.586706362,85.000000000,1.413293638
step0to100,0,16,78,100,84.612537215,86.000000000,1.387462785
step0to100,0,16,79,100,85.574253639,87.000000000,1.425746361
step0to100,0,16,80,100,86.475862786,88.000000000,1.524137214
step0to100,0,16,81,100,87.321121362,89.000000000,1.678878638
step0to100,0,16,82,100,88.113551277,90.000000000,1.886448723
step0to100,0,16,83,100,88.856454322,91.000000000,2.143545678
step0to100,0,16,84,100,89.552925927,92.000000000,2.447074073
step0to100,0,16,85,100,90.205868057,93.000000000,2.794131943
step0to100,0,16,86,100,90.818001303,94.000000000,3.181998697
step0to100,0,16,87,100,91.391876222,95.000000000,3.608123778
step0to100,0,16,88,100,91.929883958,96.000000000,4.070116042
step0to100,0,16,89,100,92.434266211,96.000000000,3.565733789
step0to100,0,16,90,100,92.907124572,96.000000000,3.092875428
step0to100,0,16,91,100,93.350429287,96.000000000,2.649570713
step0to100,0,16,92,100,93.766027456,96.000000000,2.233972544
step0to100,0,16,93,100,94.155650740,96.000000000,1.844349260
step0to100,0,16,94,100,94.520922569,96.000000000,1.479077431
step0to100,0,16,95,100,94.863364908,96.000000000,1.136635092
step0to100,0,16,96,100,95.184404602,96.000000000,0.815595398
step0to100,0,16,97,100,95.485379314,96.000000000,0.514620686
step0to100,0,16,98,100,95.767543107,96.000000000,0.232456893
step0to100,0,16,99,100,96.032071663,96.000000000,0.032071663
step0to100,3,8,0,0,0.000000000,0.000000000,0.000000000
step0to100,3,8,1,0,0.000000000,0.000000000,0.000000000
step0to100,3,8,2,0,0.000000000,0.000000000,0.000000000
step0to100,3,8,3,0,0.000000000,0.000000000,0.000000000
step0to100,3,8,4,0,0.000000000,0.000000000,0.000000000
step0to100,3,8,5,0,0.000000000,0.000000000,0.000000000
step0to100,3,8,6,0,0.000000000,0.000000000,0.000000000
step0to100,3,8,7,0,0.000000000,0.000000000,0.000000000
step0to100,3,8,8,0,0.000000000,0.000000000,0.000000000
step0to100,3,8,9,0,0.000000000,0.000000000,0.000000000
step0to100,3,8,10,0,0.000000000,0.000000000,0.000000000
step0to100,3,8,11,0,0.000000000,0.000000000,0.000000000
step0to100,3,8,12,0,0.000000000,0.000000000,0.000000000
step0to100,3,8,13,0,0.000000000,0.000000000,0.000000000
step0to100,3,8,14,0,0.000000000,0.000000000,0.000000000
step0to100,3,8,15,0,0.000000000,0.000000000,0.000000000
step0to100,3,8,16,0,0.000000000,0.000000000,0.000000000
step0to100,3,8,17,0,0.000000000,0.000000000,0.000000000
step0to100,3,8,18,0,0.000000000,0.000000000,0.000000000
step0to100,3,8,19,0,0.000000000,0.000000000,0.000000000
step0to100,3,8,20,0,0.000000000,0.000000000,0.000000000
step0to100,3,8,21,0,0.000000000,0.000000000,0.000000000
step0to100,3,8,22,0,0.000000000,0.000000000,0.000000000
step0to100,3,8,23,0,0.000000000,0.000000000,0.000000000
step0to100,3,8,24,0,0.000000000,0.000000000,0.000000000
step0to100,3,8,25,0,0.000000000,0.000000000,0.000000000
step0to100,3,8,26,0,0.000000000,0.000000000,0.000000000
step0to100,3,8,27,0,0.000000000,0.000000000,0.000000000
step0to100,3,8,28,0,0.000000000,0.000000000,0.000000000
step0to100,3,8,29,0,0.000000000,0.000000000,0.000000000
step0to100,3,8,30,0,0.000000000,0.000000000,0.000000000
step0to100,3,8,31,0,0.000000000,0.000000000,0.000000000
step0to100,3,8,32,0,0.000000000,0.000000000,0.000000000
step0to100,3,8,33,0,0.000000000,0.000000000,0.000000000
step0to100,3,8,34,0,0.000000000,0.000000000,0.000000000
step0to100,3,8,35,0,0.000000000,0.000000000,0.000000000
step0to100,3,8,36,0,0.000000000,0.000000000,0.000000000
step0to100,3,8,37,0,0.000000000,0.000000000,0.000000000
step0to100,3,8,38,0,0.000000000,0.000000000,0.000000000
step0to100,3,8,39,0,0.000000000,0.000000000,0.000000000
step0to100,3,8,40,0,0.000000000,0.000000000,0.000000000
step0to100,3,8,41,0,0.000000000,0.000000000,0.000000000
step0to100,3,8,42,0,0.000000000,0.000000000,0.000000000
step0to100,3,8,43,0,0.000000000,0.000000000,0.000000000
step0to100,3,8,44,0,0.000000000,0.000000000,0.000000000
step0to100,3,8,45,0,0.000000000,0.000000000,0.000000000
step0to100,3,8,46,0,0.000000000,0.000000000,0.000000000
step0to100,3,8,47,0,0.000000000,0.000000000,0.000000000
step0to100,3,8,48,0,0.000000000,0.000000000,0.000000000
step0to100,3,8,49,0,0.000000000,0.000000000,0.000000000
step0to100,3,8,50,100,12.500000000,12.500000000,0.000000000
step0to100,3,8,51,100,23.437500000,23.500000000,0.062500000
step0to100,3,8,52,100,33.007812500,33.125000000,0.117187500
step0to100,3,8,53,100,41.381835938,41.500000000,0.118164062
step0to100,3,8,54,100,48.709106445,48.875000000,0.165893555
step0to100,3,8,55,100,55.120468140,55.375000000,0.254531860
step0to100,3,8,56,100,60.730409622,61.000000000,0.269590378
step0to100,3,8,57,100,65.639108419,65.875000000,0.235891581
step0to100,3,8,58,100,69.934219867,70.250000000,0.315780133
step0to100,3,8,59,100,73.692442384,74.000000000,0.307557616
step0to100,3,8,60,100,76.980887086,77.250000000,0.269112914
step0to100,3,8,61,100,79.858276200,80.125000000,0.266723800
step0to100,3,8,62,100,82.375991675,82.625000000,0.249008325
step0to100,3,8,63,100,84.578992716,84.875000000,0.296007284
step0to100,3,8,64,100,86.506618626,86.875000000,0.368381374
step0to100,3,8,65,100,88.193291298,88.625000000,0.431708702
step0to100,3,8,66,100,89.669129886,90.125000000,0.455870114
step0to100,3,8,67,100,90.960488650,91.375000000,0.414511350
step0to100,3,8,68,100,92.090427569,92.500000000,0.409572431
step0to100,3,8,69,100,93.079124123,93.500000000,0.420875877
step0to100,3,8,70,100,93.944233607,94.375000000,0.430766393
step0to100,3,8,71,100,94.701204406,95.125000000,0.423795594
step0to100,3,8,72,100,95.363553856,95.750000000,0.386446144
step0to100,3,8,73,100,95.943109624,96.375000000,0.431890376
step0to100,3,8,74,100,96.450220921,96.875000000,0.424779079
step0to100,3,8,75,100,96.893943306,97.375000000,0.481056694
step0to100,3,8,76,100,97.282200392,97.750000000,0.467799608
step0to100,3,8,77,100,97.621925343,98.125000000,0.503074657
step0to100,3,8,78,100,97.919184675,98.375000000,0.455815325
step0to100,3,8,79,100,98.179286591,98.625000000,0.445713409
step0to100,3,8,80,100,98.406875767,98.875000000,0.468124233
step0to100,3,8,81,100,98.606016296,99.125000000,0.518983704
step0to100,3,8,82,100,98.780264259,99.250000000,0.469735741
step0to100,3,8,83,100,98.932731227,99.375000000,0.442268773
step0to100,3,8,84,100,99.066139823,99.500000000,0.433860177
step0to100,3,8,85,100,99.182872346,99.625000000,0.442127654
step0to100,3,8,86,100,99.285013302,99.750000000,0.464986698
step0to100,3,8,87,100,99.374386640,99.875000000,0.500613360
step0to100,3,8,88,100,99.452588310,100.000000000,0.547411690
step0to100,3,8,89,100,99.521014771,100.000000000,0.478985229
step0to100,3,8,90,100,99.580887925,100.000000000,0.419112075
step0to100,3,8,91,100,99.633276934,100.000000000,0.366723066
step0to100,3,8,92,100,99.679117317,100.000000000,0.320882683
step0to100,3,8,93,100,99.719227653,100.000000000,0.280772347
step0to100,3,8,94,100,99.754324196,100.000000000,0.245675804
step0to100,3,8,95,100,99.785033671,100.000000000,0.214966329
step0to100,3,8,96,100,99.811904463,100.000000000,0.188095537
step0to100,3,8,97,100,99.835416405,100.000000000,0.164583595
step0to100,3,8,98,100,99.855989354,100.000000000,0.144010646
step0to100,3,8,99,100,99.873990685,100.000000000,0.126009315
step0to100,3,16,0,0,0.000000000,0.000000000,0.000000000
step0to100,3,16,1,0,0.000000000,0.000000000,0.000000000
step0to100,3,16,2,0,0.000000000,0.000000000,0.000000000
step0to100,3,16,3,0,0.000000000,0.000000000,0.000000000
step0to100,3,16,4,0,0.000000000,0.000000000,0.000000000
step0to100,3,16,5,0,0.000000000,0.000000000,0.000000000
step0to100,3,16,6,0,0.000000000,0.000000000,0.000000000
step0to100,3,16,7,0,0.000000000,0.000000000,0.000000000
step0to100,3,16,8,0,0.000000000,0.000000000,0.000000000
step0to100,3,16,9,0,0.000000000,0.000000000,0.000000000
step0to100,3,16,10,0,0.000000000,0.000000000,0.000000000
step0to100,3,16,11,0,0.000000000,0.000000000,0.000000000
step0to100,3,16,12,0,0.000000000,0.000000000,0.000000000
step0to100,3,16,13,0,0.000000000,0.000000000,0.000000000
step0to100,3,16,14,0,0.000000000,0.000000000,0.000000000
step0to100,3,16,15,0,0.000000000,0.000000000,0.000000000
step0to100,3,16,16,0,0.000000000,0.000000000,0.000000000
step0to100,3,16,17,0,0.000000000,0.000000000,0.000000000
step0to100,3,16,18,0,0.000000000,0.000000000,0.000000000
step0to100,3,16,19,0,0.000000000,0.000000000,0.000000000
step0to100,3,16,20,0,0.000000000,0.000000000,0.000000000
step0to100,3,16,21,0,0.000000000,0.000000000,0.000000000
step0to100,3,16,22,0,0.000000000,0.000000000,0.000000000
step0to100,3,16,23,0,0.000000000,0.000000000,0.000000000
step0to100,3,16,24,0,0.000000000,0.000000000,0.000000000
step0to100,3,16,25,0,0.000000000,0.000000000,0.000000000
step0to100,3,16,26,0,0.000000000,0.000000000,0.000000000
step0to100,3,16,27,0,0.000000000,0.000000000,0.000000000
step0to100,3,16,28,0,0.000000000,0.000000000,0.000000000
step0to100,3,16,29,0,0.000000000,0.000000000,0.000000000
step0to100,3,16,30,0,0.000000000,0.000000000,0.000000000
step0to100,3,16,31,0,0.000000000,0.000000000,0.000000000
step0to100,3,16,32,0,0.000000000,0.000000000,0.000000000
step0to100,3,16,33,0,0.000000000,0.000000000,0.000000000
step0to100,3,16,34,0,0.000000000,0.000000000,0.000000000
step0to100,3,16,35,0,0.000000000,0.000000000,0.000000000
step0to100,3,16,36,0,0.000000000,0.000000000,0.000000000
step0to100,3,16,37,0,0.000000000,0.000000000,0.000000000
step0to100,3,16,38,0,0.000000000,0.000000000,0.000000000
step0to100,3,16,39,0,0.000000000,0.000000000,0.000000000
step0to100,3,16,40,0,0.000000000,0.000000000,0.000000000
step0to100,3,16,41,0,0.000000000,0.000000000,0.000000000
step0to100,3,16,42,0,0.000000000,0.000000000,0.000000000
step0to100,3,16,43,0,0.000000000,0.000000000,0.000000000
step0to100,3,16,44,0,0.000000000,0.000000000,0.000000000
step0to100,3,16,45,0,0.000000000,0.000000000,0.000000000
step0to100,3,16,46,0,0.000000000,0.000000000,0.000000000
step0to100,3,16,47,0,0.000000000,0.000000000,0.000000000
step0to100,3,16,48,0,0.000000000,0.000000000,0.000000000
step0to100,3,16,49,0,0.000000000,0.000000000,0.000000000
step0to100,3,16,50,100,6.250000000,6.250000000,0.000000000
step0to100,3,16,51,100,12.109375000,12.125000000,0.015625000
step0to100,3,16,52,100,17.602539062,17.625000000,0.022460938
step0to100,3,16,53,100,22.752380371,22.875000000,0.122619629
step0to100,3,16,54,100,27.580356598,27.750000000,0.169643402
step0to100,3,16,55,100,32.106584311,32.375000000,0.268415689
step0to100,3,16,56,100,36.349922791,36.625000000,0.275077209
step0to100,3,16,57,100,40.328052617,40.625000000,0.296947383
step0to100,3,16,58,100,44.057549328,44.375000000,0.317450672
step0to100,3,16,59,100,47.553952495,47.875000000,0.321047505
step0to100,3,16,60,100,50.831830464,51.250000000,0.418169536
step0to100,3,16,61,100,53.904841060,54.375000000,0.470158940
step0to100,3,16,62,100,56.785788494,57.250000000,0.464211506
step0to100,3,16,63,100,59.486676713,60.000000000,0.513323287
step0to100,3,16,64,100,62.018759418,62.500000000,0.481240582
step0to100,3,16,65,100,64.392586955,64.875000000,0.482413045
step0to100,3,16,66,100,66.618050270,67.125000000,0.506949730
step0to100,3,16,67,100,68.704422128,69.250000000,0.545577872
step0to100,3,16,68,100,70.660395745,71.250000000,0.589604255
step0to100,3,16,69,100,72.494121011,73.125000000,0.630878989
step0to100,3,16,70,100,74.213238448,74.875000000,0.661761552
step0to100,3,16,71,100,75.824911045,76.500000000,0.675088955
step0to100,3,16,72,100,77.335854105,78.000000000,0.664145895
step0to100,3,16,73,100,78.752363223,79.375000000,0.622636777
step0to100,3,16,74,100,80.080340522,80.750000000,0.669659478
step0to100,3,16,75,100,81.325319239,82.000000000,0.674680761
step0to100,3,16,76,100,82.492486787,83.125000000,0.632513213
step0to100,3,16,77,100,83.586706362,84.250000000,0.663293638
step0to100,3,16,78,100,84.612537215,85.250000000,0.637462785
step0to100,3,16,79,100,85.574253639,86.250000000,0.675746361
step0to100,3,16,80,100,86.475862786,87.125000000,0.649137214
step0to100,3,16,81,100,87.321121362,88.000000000,0.678878638
step0to100,3,16,82,100,88.113551277,88.750000000,0.636448723
step0to100,3,16,83,100,88.856454322,89.500000000,0.643545678
step0to100,3,16,84,100,89.552925927,90.250000000,0.697074073
step0to100,3,16,85,100,90.205868057,90.875000000,0.669131943
step0to100,3,16,86,100,90.818001303,91.500000000,0.681998697
step0to100,3,16,87,100,91.391876222,92.125000000,0.733123778
step0to100,3,16,88,100,91.929883958,92.625000000,0.695116042
step0to100,3,16,89,100,92.434266211,93.125000000,0.690733789
step0to100,3,16,90,100,92.907124572,93.625000000,0.717875428
step0to100,3,16,91,100,93.350429287,94.125000000,0.774570713
step0to100,3,16,92,100,93.766027456,94.500000000,0.733972544
step0to100,3,16,93,100,94.155650740,94.875000000,0.719349260
step0to100,3,16,94,100,94.520922569,95.250000000,0.729077431
step0to100,3,16,95,100,94.863364908,95.625000000,0.761635092
step0to100,3,16,96,100,95.184404602,96.000000000,0.815595398
step0to100,3,16,97,100,95.485379314,96.250000000,0.764620686
step0to100,3,16,98,100,95.767543107,96.500000000,0.732456893
step0to100,3,16,99,100,96.032071663,96.750000000,0.717928337
step0to100,8,8,0,0,0.000000000,0.000000000,0.000000000
step0to100,8,8,1,0,0.000000000,0.000000000,0.000000000
step0to100,8,8,2,0,0.000000000,0.000000000,0.000000000
step0to100,8,8,3,0,0.000000000,0.000000000,0.000000000
step0to100,8,8,4,0,0.000000000,0.000000000,0.000000000
step0to100,8,8,5,0,0.000000000,0.000000000,0.000000000
step0to100,8,8,6,0,0.000000000,0.000000000,0.000000000
step0to100,8,8,7,0,0.000000000,0.000000000,0.000000000
step0to100,8,8,8,0,0.000000000,0.000000000,0.000000000
step0to100,8,8,9,0,0.000000000,0.000000000,0.000000000
step0to100,8,8,10,0,0.000000000,0.000000000,0.000000000
step0to100,8,8,11,0,0.000000000,0.000000000,0.000000000
step0to100,8,8,12,0,0.000000000,0.000000000,0.000000000
step0to100,8,8,13,0,0.000000000,0.000000000,0.000000000
step0to100,8,8,14,0,0.000000000,0.000000000,0.000000000
step0to100,8,8,15,0,0.000000000,0.000000000,0.000000000
step0to100,8,8,16,0,0.000000000,0.000000000,0.000000000
step0to100,8,8,17,0,0.000000000,0.000000000,0.000000000
step0to100,8,8,18,0,0.000000000,0.000000000,0.000000000
step0to100,8,8,19,0,0.000000000,0.000000000,0.000000000
step0to100,8,8,20,0,0.000000000,0.000000000,0.000000000
step0to100,8,8,21,0,0.000000000,0.000000000,0.000000000
step0to100,8,8,22,0,0.000000000,0.000000000,0.000000000
step0to100,8,8,23,0,0.000000000,0.000000000,0.000000000
step0to100,8,8,24,0,0.000000000,0.000000000,0.000000000
step0to100,8,8,25,0,0.000000000,0.000000000,0.000000000
step0to100,8,8,26,0,0.000000000,0.000000000,0.000000000
step0to100,8,8,27,0,0.000000000,0.000000000,0.000000000
step0to100,8,8,28,0,0.000000000,0.000000000,0.000000000
step0to100,8,8,29,0,0.000000000,0.000000000,0.000000000
step0to100,8,8,30,0,0.000000000,0.000000000,0.000000000
step0to100,8,8,31,0,0.000000000,0.000000000,0.000000000
step0to100,8,8,32,0,0.000000000,0.000000000,0.000000000
step0to100,8,8,33,0,0.000000000,0.000000000,0.000000000
step0to100,8,8,34,0,0.000000000,0.000000000,0.000000000
step0to100,8,8,35,0,0.000000000,0.000000000,0.000000000
step0to100,8,8,36,0,0.000000000,0.000000000,0.000000000
step0to100,8,8,37,0,0.000000000,0.000000000,0.000000000
step0to100,8,8,38,0,0.000000000,0.000000000,0.000000000
step0to100,8,8,39,0,0.000000000,0.000000000,0.000000000
step0to100,8,8,40,0,0.000000000,0.000000000,0.000000000
step0to100,8,8,41,0,0.000000000,0.000000000,0.000000000
step0to100,8,8,42,0,0.000000000,0.000000000,0.000000000
step0to100,8,8,43,0,0.000000000,0.000000000,0.000000000
step0to100,8,8,44,0,0.000000000,0.000000000,0.000000000
step0to100,8,8,45,0,0.000000000,0.000000000,0.000000000
step0to100,8,8,46,0,0.000000000,0.000000000,0.000000000
step0to100,8,8,47,0,0.000000000,0.000000000,0.000000000
step0to100,8,8,48,0,0.000000000,0.000000000,0.000000000
step0to100,8,8,49,0,0.000000000,0.000000000,0.000000000
step0to100,8,8,50,100,12.500000000,12.500000000,0.000000000
step0to100,8,8,51,100,23.437500000,23.437500000,0.000000000
step0to100,8,8,52,100,33.007812500,33.007812500,0.000000000
step0to100,8,8,53,100,41.381835938,41.382812500,0.000976562
step0to100,8,8,54,100,48.709106445,48.710937500,0.001831055
step0to100,8,8,55,100,55.120468140,55.125000000,0.004531860
step0to100,8,8,56,100,60.730409622,60.734375000,0.003965378
step0to100,8,8,57,100,65.639108419,65.644531250,0.005422831
step0to100,8,8,58,100,69.934219867,69.941406250,0.007186383
step0to100,8,8,59,100,73.692442384,73.699218750,0.006776366
step0to100,8,8,60,100,76.980887086,76.988281250,0.007394164
step0to100,8,8,61,100,79.858276200,79.867187500,0.008911300
step0to100,8,8,62,100,82.375991675,82.386718750,0.010727075
step0to100,8,8,63,100,84.578992716,84.589843750,0.010851034
step0to100,8,8,64,100,86.506618626,86.519531250,0.012912624
step0to100,8,8,65,100,88.193291298,88.207031250,0.013739952
step0to100,8,8,66,100,89.669129886,89.683593750,0.014463864
step0to100,8,8,67,100,90.960488650,90.976562500,0.016073850
step0to100,8,8,68,100,92.090427569,92.105468750,0.015041181
step0to100,8,8,69,100,93.079124123,93.093750000,0.014625877
step0to100,8,8,70,100,93.944233607,93.957031250,0.012797643
step0to100,8,8,71,100,94.701204406,94.714843750,0.013639344
step0to100,8,8,72,100,95.363553856,95.378906250,0.015352394
step0to100,8,8,73,100,95.943109624,95.957031250,0.013921626
step0to100,8,8,74,100,96.450220921,96.464843750,0.014622829
step0to100,8,8,75,100,96.893943306,96.910156250,0.016212944
step0to100,8,8,76,100,97.282200392,97.296875000,0.014674608
step0to100,8,8,77,100,97.621925343,97.636718750,0.014793407
step0to100,8,8,78,100,97.919184675,97.933593750,0.014409075
step0to100,8,8,79,100,98.179286591,98.195312500,0.016025909
step0to100,8,8,80,100,98.406875767,98.421875000,0.014999233
step0to100,8,8,81,100,98.606016296,98.621093750,0.015077454
step0to100,8,8,82,100,98.780264259,98.796875000,0.016610741
step0to100,8,8,83,100,98.932731227,98.949218750,0.016487523
step0to100,8,8,84,100,99.066139823,99.082031250,0.015891427
step0to100,8,8,85,100,99.182872346,99.199218750,0.016346404
step0to100,8,8,86,100,99.285013302,99.300781250,0.015767948
step0to100,8,8,87,100,99.374386640,99.390625000,0.016238360
step0to100,8,8,88,100,99.452588310,99.468750000,0.016161690
step0to100,8,8,89,100,99.521014771,99.535156250,0.014141479
step0to100,8,8,90,100,99.580887925,99.593750000,0.012862075
step0to100,8,8,91,100,99.633276934,99.644531250,0.011254316
step0to100,8,8,92,100,99.679117317,99.691406250,0.012288933
step0to100,8,8,93,100,99.719227653,99.730468750,0.011241097
step0to100,8,8,94,100,99.754324196,99.765625000,0.011300804
step0to100,8,8,95,100,99.785033671,99.796875000,0.011841329
step0to100,8,8,96,100,99.811904463,99.824218750,0.012314287
step0to100,8,8,97,100,99.835416405,99.847656250,0.012239845
step0to100,8,8,98,100,99.855989354,99.867187500,0.011198146
step0to100,8,8,99,100,99.873990685,99.886718750,0.012728065
step0to100,8,16,0,0,0.000000000,0.000000000,0.000000000
step0to100,8,16,1,0,0.000000000,0.000000000,0.000000000
step0to100,8,16,2,0,0.000000000,0.000000000,0.000000000
step0to100,8,16,3,0,0.000000000,0.000000000,0.000000000
step0to100,8,16,4,0,0.000000000,0.000000000,0.000000000
step0to100,8,16,5,0,0.000000000,0.000000000,0.000000000
step0to100,8,16,6,0,0.000000000,0.000000000,0.000000000
step0to100,8,16,7,0,0.000000000,0.000000000,0.000000000
step0to100,8,16,8,0,0.000000000,0.000000000,0.000000000
step0to100,8,16,9,0,0.000000000,0.000000000,0.000000000
step0to100,8,16,10,0,0.000000000,0.000000000,0.000000000
step0to100,8,16,11,0,0.000000000,0.000000000,0.000000000
step0to100,8,16,12,0,0.000000000,0.000000000,0.000000000
step0to100,8,16,13,0,0.000000000,0.000000000,0.000000000
step0to100,8,16,14,0,0.000000000,0.000000000,0.000000000
step0to100,8,16,15,0,0.000000000,0.000000000,0.000000000
step0to100,8,16,16,0,0.000000000,0.000000000,0.000000000
step0to100,8,16,17,0,0.000000000,0.000000000,0.000000000
step0to100,8,16,18,0,0.000000000,0.000000000,0.000000000
step0to100,8,16,19,0,0.000000000,0.000000000,0.000000000
step0to100,8,16,20,0,0.000000000,0.000000000,0.000000000
step0to100,8,16,21,0,0.000000000,0.000000000,0.000000000
step0to100,8,16,22,0,0.000000000,0.000000000,0.000000000
step0to100,8,16,23,0,0.000000000,0.000000000,0.000000000
step0to100,8,16,24,0,0.000000000,0.000000000,0.000000000
step0to100,8,16,25,0,0.000000000,0.000000000,0.000000000
step0to100,8,16,26,0,0.000000000,0.000000000,0.000000000
step0to100,8,16,27,0,0.000000000,0.000000000,0.000000000
step0to100,8,16,28,0,0.000000000,0.000000000,0.000000000
step0to100,8,16,29,0,0.000000000,0.000000000,0.000000000
step0to100,8,16,30,0,0.000000000,0.000000000,0.000000000
step0to100,8,16,31,0,0.000000000,0.000000000,0.000000000
step0to100,8,16,32,0,0.000000000,0.000000000,0.000000000
step0to100,8,16,33,0,0.000000000,0.000000000,0.000000000
step0to100,8,16,34,0,0.000000000,0.000000000,0.000000000
step0to100,8,16,35,0,0.000000000,0.000000000,0.000000000
step0to100,8,16,36,0,0.000000000,0.000000000,0.000000000
step0to100,8,16,37,0,0.000000000,0.000000000,0.000000000
step0to100,8,16,38,0,0.000000000,0.000000000,0.000000000
step0to100,8,16,39,0,0.000000000,0.000000000,0.000000000
step0to100,8,16,40,0,0.000000000,0.000000000,0.000000000
step0to100,8,16,41,0,0.000000000,0.000000000,0.000000000
step0to100,8,16,42,0,0.000000000,0.000000000,0.000000000
step0to100,8,16,43,0,0.000000000,0.000000000,0.000000000
step0to100,8,16,44,0,0.000000000,0.000000000,0.000000000
step0to100,8,16,45,0,0.000000000,0.000000000,0.000000000
step0to100,8,16,46,0,0.000000000,0.000000000,0.000000000
step0to100,8,16,47,0,0.000000000,0.000000000,0.000000000
step0to100,8,16,48,0,0.000000000,0.000000000,0.000000000
step0to100,8,16,49,0,0.000000000,0.000000000,0.000000000
step0to100,8,16,50,100,6.250000000,6.250000000,0.000000000
step0to100,8,16,51,100,12.109375000,12.109375000,0.000000000
step0to100,8,16,52,100,17.602539062,17.605468750,0.002929688
step0to100,8,16,53,100,22.752380371,22.757812500,0.005432129
step0to100,8,16,54,100,27.580356598,27.585937500,0.005580902
step0to100,8,16,55,100,32.106584311,32.113281250,0.006696939
step0to100,8,16,56,100,36.349922791,36.359375000,0.009452209
step0to100,8,16,57,100,40.328052617,40.339843750,0.011791133
step0to100,8,16,58,100,44.057549328,44.070312500,0.012763172
step0to100,8,16,59,100,47.553952495,47.566406250,0.012453755
step0to100,8,16,60,100,50.831830464,50.843750000,0.011919536
step0to100,8,16,61,100,53.904841060,53.917968750,0.013127690
step0to100,8,16,62,100,56.785788494,56.800781250,0.014992756
step0to100,8,16,63,100,59.486676713,59.503906250,0.017229537
step0to100,8,16,64,100,62.018759418,62.035156250,0.016396832
step0to100,8,16,65,100,64.392586955,64.410156250,0.017569295
step0to100,8,16,66,100,66.618050270,66.636718750,0.018668480
step0to100,8,16,67,100,68.704422128,68.722656250,0.018234122
step0to100,8,16,68,100,70.660395745,70.679687500,0.019291755
step0to100,8,16,69,100,72.494121011,72.515625000,0.021503989
step0to100,8,16,70,100,74.213238448,74.234375000,0.021136552
step0to100,8,16,71,100,75.824911045,75.847656250,0.022745205
step0to100,8,16,72,100,77.335854105,77.359375000,0.023520895
step0to100,8,16,73,100,78.752363223,78.777343750,0.024980527
step0to100,8,16,74,100,80.080340522,80.105468750,0.025128228
step0to100,8,16,75,100,81.325319239,81.351562500,0.026243261
step0to100,8,16,76,100,82.492486787,82.519531250,0.027044463
step0to100,8,16,77,100,83.586706362,83.613281250,0.026574888
step0to100,8,16,78,100,84.612537215,84.640625000,0.028087785
step0to100,8,16,79,100,85.574253639,85.601562500,0.027308861
step0to100,8,16,80,100,86.475862786,86.503906250,0.028043464
step0to100,8,16,81,100,87.321121362,87.347656250,0.026534888
step0to100,8,16,82,100,88.113551277,88.140625000,0.027073723
step0to100,8,16,83,100,88.856454322,88.882812500,0.026358178
step0to100,8,16,84,100,89.552925927,89.578125000,0.025199073
step0to100,8,16,85,100,90.205868057,90.230468750,0.024600693
step0to100,8,16,86,100,90.818001303,90.843750000,0.025748697
step0to100,8,16,87,100,91.391876222,91.417968750,0.026092528
step0to100,8,16,88,100,91.929883958,91.957031250,0.027147292
step0to100,8,16,89,100,92.434266211,92.460937500,0.026671289
step0to100,8,16,90,100,92.907124572,92.933593750,0.026469178
step0to100,8,16,91,100,93.350429287,93.378906250,0.028476963
step0to100,8,16,92,100,93.766027456,93.792968750,0.026941294
step0to100,8,16,93,100,94.155650740,94.183593750,0.027943010
step0to100,8,16,94,100,94.520922569,94.550781250,0.029858681
step0to100,8,16,95,100,94.863364908,94.894531250,0.031166342
step0to100,8,16,96,100,95.184404602,95.214843750,0.030439148
step0to100,8,16,97,100,95.485379314,95.515625000,0.030245686
step0to100,8,16,98,100,95.767543107,95.796875000,0.029331893
step0to100,8,16,99,100,96.032071663,96.062500000,0.030428337
step0to100,10,8,0,0,0.000000000,0.000000000,0.000000000
step0to100,10,8,1,0,0.000000000,0.000000000,0.000000000
step0to100,10,8,2,0,0.000000000,0.000000000,0.000000000
step0to100,10,8,3,0,0.000000000,0.000000000,0.000000000
step0to100,10,8,4,0,0.000000000,0.000000000,0.000000000
step0to100,10,8,5,0,0.000000000,0.000000000,0.000000000
step0to100,10,8,6,0,0.000000000,0.000000000,0.000000000
step0to100,10,8,7,0,0.000000000,0.000000000,0.000000000
step0to100,10,8,8,0,0.000000000,0.000000000,0.000000000
step0to100,10,8,9,0,0.000000000,0.000000000,0.000000000
step0to100,10,8,10,0,0.000000000,0.000000000,0.000000000
step0to100,10,8,11,0,0.000000000,0.000000000,0.000000000
step0to100,10,8,12,0,0.000000000,0.000000000,0.000000000
step0to100,10,8,13,0,0.000000000,0.000000000,0.000000000
step0to100,10,8,14,0,0.000000000,0.000000000,0.000000000
step0to100,10,8,15,0,0.000000000,0.000000000,0.000000000
step0to100,10,8,16,0,0.000000000,0.000000000,0.000000000
step0to100,10,8,17,0,0.000000000,0.000000000,0.000000000
step0to100,10,8,18,0,0.000000000,0.000000000,0.000000000
step0to100,10,8,19,0,0.000000000,0.000000000,0.000000000
step0to100,10,8,20,0,0.000000000,0.000000000,0.000000000
step0to100,10,8,21,0,0.000000000,0.000000000,0.000000000
step0to100,10,8,22,0,0.000000000,0.000000000,0.000000000
step0to100,10,8,23,0,0.000000000,0.000000000,0.000000000
step0to100,10,8,24,0,0.000000000,0.000000000,0.000000000
step0to100,10,8,25,0,0.000000000,0.000000000,0.000000000
step0to100,10,8,26,0,0.000000000,0.000000000,0.000000000
step0to100,10,8,27,0,0.000000000,0.000000000,0.000000000
step0to100,10,8,28,0,0.000000000,0.000000000,0.000000000
step0to100,10,8,29,0,0.000000000,0.000000000,0.000000000
step0to100,10,8,30,0,0.000000000,0.000000000,0.000000000
step0to100,10,8,31,0,0.000000000,0.000000000,0.000000000
step0to100,10,8,32,0,0.000000000,0.000000000,0.000000000
step0to100,10,8,33,0,0.000000000,0.000000000,0.000000000
step0to100,10,8,34,0,0.000000000,0.000000000,0.000000000
step0to100,10,8,35,0,0.000000000,0.000000000,0.000000000
step0to100,10,8,36,0,0.000000000,0.000000000,0.000000000
step0to100,10,8,37,0,0.000000000,0.000000000,0.000000000
step0to100,10,8,38,0,0.000000000,0.000000000,0.000000000
step0to100,10,8,39,0,0.000000000,0.000000000,0.000000000
step0to100,10,8,40,0,0.000000000,0.000000000,0.000000000
step0to100,10,8,41,0,0.000000000,0.000000000,0.000000000
step0to100,10,8,42,0,0.000000000,0.000000000,0.000000000
step0to100,10,8,43,0,0.000000000,0.000000000,0.000000000
step0to100,10,8,44,0,0.000000000,0.000000000,0.000000000
step0to100,10,8,45,0,0.000000000,0.000000000,0.000000000
step0to100,10,8,46,0,0.000000000,0.000000000,0.000000000
step0to100,10,8,47,0,0.000000000,0.000000000,0.000000000
step0to100,10,8,48,0,0.000000000,0.000000000,0.000000000
step0to100,10,8,49,0,0.000000000,0.000000000,0.000000000
step0to100,10,8,50,100,12.500000000,12.500000000,0.000000000
step0to100,10,8,51,100,23.437500000,23.437500000,0.000000000
step0to100,10,8,52,100,33.007812500,33.007812500,0.000000000
step0to100,10,8,53,100,41.381835938,41.381835938,0.000000000
step0to100,10,8,54,100,48.709106445,48.709960938,0.000854492
step0to100,10,8,55,100,55.120468140,55.122070312,0.001602173
step0to100,10,8,56,100,60.730409622,60.732421875,0.002012253
step0to100,10,8,57,100,65.639108419,65.641601562,0.002493143
step0to100,10,8,58,100,69.934219867,69.936523438,0.002303571
step0to100,10,8,59,100,73.692442384,73.695312500,0.002870116
step0to100,10,8,60,100,76.980887086,76.983398438,0.002511352
step0to100,10,8,61,100,79.858276200,79.861328125,0.003051925
step0to100,10,8,62,100,82.375991675,82.378906250,0.002914575
step0to100,10,8,63,100,84.578992716,84.582031250,0.003038534
step0to100,10,8,64,100,86.506618626,86.509765625,0.003146999
step0to100,10,8,65,100,88.193291298,88.196289062,0.002997765
step0to100,10,8,66,100,89.669129886,89.671875000,0.002745114
step0to100,10,8,67,100,90.960488650,90.962890625,0.002401975
step0to100,10,8,68,100,92.090427569,92.092773438,0.002345869
step0to100,10,8,69,100,93.079124123,93.082031250,0.002907127
step0to100,10,8,70,100,93.944233607,93.947265625,0.003032018
step0to100,10,8,71,100,94.701204406,94.704101562,0.002897156
step0to100,10,8,72,100,95.363553856,95.366210938,0.002657082
step0to100,10,8,73,100,95.943109624,95.946289062,0.003179439
step0to100,10,8,74,100,96.450220921,96.453125000,0.002904079
step0to100,10,8,75,100,96.893943306,96.896484375,0.002541069
step0to100,10,8,76,100,97.282200392,97.285156250,0.002955858
step0to100,10,8,77,100,97.621925343,97.625000000,0.003074657
step0to100,10,8,78,100,97.919184675,97.921875000,0.002690325
step0to100,10,8,79,100,98.179286591,98.181640625,0.002354034
step0to100,10,8,80,100,98.406875767,98.409179688,0.002303920
step0to100,10,8,81,100,98.606016296,98.608398438,0.002382141
step0to100,10,8,82,100,98.780264259,98.783203125,0.002938866
step0to100,10,8,83,100,98.932731227,98.935546875,0.002815648
step0to100,10,8,84,100,99.066139823,99.069335938,0.003196114
step0to100,10,8,85,100,99.182872346,99.186523438,0.003651092
step0to100,10,8,86,100,99.285013302,99.289062500,0.004049198
step0to100,10,8,87,100,99.374386640,99.377929688,0.003543048
step0to100,10,8,88,100,99.452588310,99.456054688,0.003466378
step0to100,10,8,89,100,99.521014771,99.524414062,0.003399292
step0to100,10,8,90,100,99.580887925,99.583984375,0.003096450
step0to100,10,8,91,100,99.633276934,99.636718750,0.003441816
step0to100,10,8,92,100,99.679117317,99.682617188,0.003499870
step0to100,10,8,93,100,99.719227653,99.722656250,0.003428597
step0to100,10,8,94,100,99.754324196,99.757812500,0.003488304
step0to100,10,8,95,100,99.785033671,99.788085938,0.003052266
step0to100,10,8,96,100,99.811904463,99.815429688,0.003525225
step0to100,10,8,97,100,99.835416405,99.838867188,0.003450783
step0to100,10,8,98,100,99.855989354,99.859375000,0.003385646
step0to100,10,8,99,100,99.873990685,99.876953125,0.002962440
step0to100,10,16,0,0,0.000000000,0.000000000,0.000000000
step0to100,10,16,1,0,0.000000000,0.000000000,0.000000000
step0to100,10,16,2,0,0.000000000,0.000000000,0.000000000
step0to100,10,16,3,0,0.000000000,0.000000000,0.000000000
step0to100,10,16,4,0,0.000000000,0.000000000,0.000000000
step0to100,10,16,5,0,0.000000000,0.000000000,0.000000000
step0to100,10,16,6,0,0.000000000,0.000000000,0.000000000
step0to100,10,16,7,0,0.000000000,0.000000000,0.000000000
step0to100,10,16,8,0,0.000000000,0.000000000,0.000000000
step0to100,10,16,9,0,0.000000000,0.000000000,0.000000000
step0to100,10,16,10,0,0.000000000,0.000000000,0.000000000
step0to100,10,16,11,0,0.000000000,0.000000000,0.000000000
step0to100,10,16,12,0,0.000000000,0.000000000,0.000000000
step0to100,10,16,13,0,0.000000000,0.000000000,0.000000000
step0to100,10,16,14,0,0.000000000,0.000000000,0.000000000
step0to100,10,16,15,0,0.000000000,0.000000000,0.000000000
step0to100,10,16,16,0,0.000000000,0.000000000,0.000000000
step0to100,10,16,17,0,0.000000000,0.000000000,0.000000000
step0to100,10,16,18,0,0.000000000,0.000000000,0.000000000
step0to100,10,16,19,0,0.000000000,0.000000000,0.000000000
step0to100,10,16,20,0,0.000000000,0.000000000,0.000000000
step0to100,10,16,21,0,0.000000000,0.000000000,0.000000000
step0to100,10,16,22,0,0.000000000,0.000000000,0.000000000
step0to100,10,16,23,0,0.000000000,0.000000000,0.000000000
step0to100,10,16,24,0,0.000000000,0.000000000,0.000000000
step0to100,10,16,25,0,0.000000000,0.000000000,0.000000000
step0to100,10,16,26,0,0.000000000,0.000000000,0.000000000
step0to100,10,16,27,0,0.000000000,0.000000000,0.000000000
step0to100,10,16,28,0,0.000000000,0.000000000,0.000000000
step0to100,10,16,29,0,0.000000000,0.000000000,0.000000000
step0to100,10,16,30,0,0.000000000,0.000000000,0.000000000
step0to100,10,16,31,0,0.000000000,0.000000000,0.000000000
step0to100,10,16,32,0,0.000000000,0.000000000,0.000000000
step0to100,10,16,33,0,0.000000000,0.000000000,0.000000000
step0to100,10,16,34,0,0.000000000,0.000000000,0.000000000
step0to100,10,16,35,0,0.000000000,0.000000000,0.000000000
step0to100,10,16,36,0,0.000000000,0.000000000,0.000000000
step0to100,10,16,37,0,0.000000000,0.000000000,0.000000000
step0to100,10,16,38,0,0.000000000,0.000000000,0.000000000
step0to100,10,16,39,0,0.000000000,0.000000000,0.000000000
step0to100,10,16,40,0,0.000000000,0.000000000,0.000000000
step0to100,10,16,41,0,0.000000000,0.000000000,0.000000000
step0to100,10,16,42,0,0.000000000,0.000000000,0.000000000
step0to100,10,16,43,0,0.000000000,0.000000000,0.000000000
step0to100,10,16,44,0,0.000000000,0.000000000,0.000000000
step0to100,10,16,45,0,0.000000000,0.000000000,0.000000000
step0to100,10,16,46,0,0.000000000,0.000000000,0.000000000
step0to100,10,16,47,0,0.000000000,0.000000000,0.000000000
step0to100,10,16,48,0,0.000000000,0.000000000,0.000000000
step0to100,10,16,49,0,0.000000000,0.000000000,0.000000000
step0to100,10,16,50,100,6.250000000,6.250000000,0.000000000
step0to100,10,16,51,100,12.109375000,12.109375000,0.000000000
step0to100,10,16,52,100,17.602539062,17.602539062,0.000000000
step0to100,10,16,53,100,22.752380371,22.752929688,0.000549316
step0to100,10,16,54,100,27.580356598,27.581054688,0.000698090
step0to100,10,16,55,100,32.106584311,32.107421875,0.000837564
step0to100,10,16,56,100,36.349922791,36.351562500,0.001639709
step0to100,10,16,57,100,40.328052617,40.330078125,0.002025508
step0to100,10,16,58,100,44.057549328,44.059570312,0.002020984
step0to100,10,16,59,100,47.553952495,47.556640625,0.002688130
step0to100,10,16,60,100,50.831830464,50.834960938,0.003130473
step0to100,10,16,61,100,53.904841060,53.908203125,0.003362065
step0to100,10,16,62,100,56.785788494,56.789062500,0.003274006
step0to100,10,16,63,100,59.486676713,59.490234375,0.003557662
step0to100,10,16,64,100,62.018759418,62.022460938,0.003701519
step0to100,10,16,65,100,64.392586955,64.396484375,0.003897420
step0to100,10,16,66,100,66.618050270,66.622070312,0.004020042
step0to100,10,16,67,100,68.704422128,68.708984375,0.004562247
step0to100,10,16,68,100,70.660395745,70.665039062,0.004643317
step0to100,10,16,69,100,72.494121011,72.499023438,0.004902426
step0to100,10,16,70,100,74.213238448,74.218750000,0.005511552
step0to100,10,16,71,100,75.824911045,75.830078125,0.005167080
step0to100,10,16,72,100,77.335854105,77.340820312,0.004966208
step0to100,10,16,73,100,78.752363223,78.757812500,0.005449277
step0to100,10,16,74,100,80.080340522,80.085937500,0.005596978
step0to100,10,16,75,100,81.325319239,81.331054688,0.005735448
step0to100,10,16,76,100,82.492486787,82.498046875,0.005560088
step0to100,10,16,77,100,83.586706362,83.592773438,0.006067075
step0to100,10,16,78,100,84.612537215,84.619140625,0.006603410
step0to100,10,16,79,100,85.574253639,85.581054688,0.006801049
step0to100,10,16,80,100,86.475862786,86.482421875,0.006559089
step0to100,10,16,81,100,87.321121362,87.328125000,0.007003638
step0to100,10,16,82,100,88.113551277,88.120117188,0.006565910
step0to100,10,16,83,100,88.856454322,88.863281250,0.006826928
step0to100,10,16,84,100,89.552925927,89.559570312,0.006644385
step0to100,10,16,85,100,90.205868057,90.212890625,0.007022568
step0to100,10,16,86,100,90.818001303,90.825195312,0.007194009
step0to100,10,16,87,100,91.391876222,91.399414062,0.007537841
step0to100,10,16,88,100,91.929883958,91.937500000,0.007616042
step0to100,10,16,89,100,92.434266211,92.441406250,0.007140039
step0to100,10,16,90,100,92.907124572,92.914062500,0.006937928
step0to100,10,16,91,100,93.350429287,93.357421875,0.006992588
step0to100,10,16,92,100,93.766027456,93.773437500,0.007410044
step0to100,10,16,93,100,94.155650740,94.163085938,0.007435197
step0to100,10,16,94,100,94.520922569,94.528320312,0.007397744
step0to100,10,16,95,100,94.863364908,94.871093750,0.007728842
step0to100,10,16,96,100,95.184404602,95.192382812,0.007978211
step0to100,10,16,97,100,95.485379314,95.493164062,0.007784749
step0to100,10,16,98,100,95.767543107,95.775390625,0.007847518
step0to100,10,16,99,100,96.032071663,96.040039062,0.007967400
small1,0,8,0,1,0.125000000,0.000000000,0.125000000
small1,0,8,1,1,0.234375000,0.000000000,0.234375000
small1,0,8,2,1,0.330078125,0.000000000,0.330078125
small1,0,8,3,1,0.413818359,0.000000000,0.413818359
small1,0,8,4,1,0.487091064,0.000000000,0.487091064
small1,0,8,5,1,0.551204681,0.000000000,0.551204681
small1,0,8,6,1,0.607304096,0.000000000,0.607304096
small1,0,8,7,1,0.656391084,0.000000000,0.656391084
small1,0,8,8,1,0.699342199,0.000000000,0.699342199
small1,0,8,9,1,0.736924424,0.000000000,0.736924424
small1,0,8,10,1,0.769808871,0.000000000,0.769808871
small1,0,8,11,1,0.798582762,0.000000000,0.798582762
small1,0,8,12,1,0.823759917,0.000000000,0.823759917
small1,0,8,13,1,0.845789927,0.000000000,0.845789927
small1,0,8,14,1,0.865066186,0.000000000,0.865066186
small1,0,8,15,1,0.881932913,0.000000000,0.881932913
small1,0,8,16,1,0.896691299,0.000000000,0.896691299
small1,0,8,17,1,0.909604886,0.000000000,0.909604886
small1,0,8,18,1,0.920904276,0.000000000,0.920904276
small1,0,8,19,1,0.930791241,0.000000000,0.930791241
small1,0,8,20,1,0.939442336,0.000000000,0.939442336
small1,0,8,21,1,0.947012044,0.000000000,0.947012044
small1,0,8,22,1,0.953635539,0.000000000,0.953635539
small1,0,8,23,1,0.959431096,0.000000000,0.959431096
small1,0,8,24,1,0.964502209,0.000000000,0.964502209
small1,0,8,25,1,0.968939433,0.000000000,0.968939433
small1,0,8,26,1,0.972822004,0.000000000,0.972822004
small1,0,8,27,1,0.976219253,0.000000000,0.976219253
small1,0,8,28,1,0.979191847,0.000000000,0.979191847
small1,0,8,29,1,0.981792866,0.000000000,0.981792866
small1,0,8,30,1,0.984068758,0.000000000,0.984068758
small1,0,8,31,1,0.986060163,0.000000000,0.986060163
small1,0,8,32,1,0.987802643,0.000000000,0.987802643
small1,0,8,33,1,0.989327312,0.000000000,0.989327312
small1,0,8,34,1,0.990661398,0.000000000,0.990661398
small1,0,8,35,1,0.991828723,0.000000000,0.991828723
small1,0,8,36,1,0.992850133,0.000000000,0.992850133
small1,0,8,37,1,0.993743866,0.000000000,0.993743866
small1,0,8,38,1,0.994525883,0.000000000,0.994525883
small1,0,8,39,1,0.995210148,0.000000000,0.995210148
small1,0,8,40,1,0.995808879,0.000000000,0.995808879
small1,0,8,41,1,0.996332769,0.000000000,0.996332769
small1,0,8,42,1,0.996791173,0.000000000,0.996791173
small1,0,8,43,1,0.997192277,0.000000000,0.997192277
small1,0,8,44,1,0.997543242,0.000000000,0.997543242
small1,0,8,45,1,0.997850337,0.000000000,0.997850337
small1,0,8,46,1,0.998119045,0.000000000,0.998119045
small1,0,8,47,1,0.998354164,0.000000000,0.998354164
small1,0,8,48,1,0.998559894,0.000000000,0.998559894
small1,0,8,49,1,0.998739907,0.000000000,0.998739907
small1,0,8,50,1,0.998897418,0.000000000,0.998897418
small1,0,8,51,1,0.999035241,0.000000000,0.999035241
small1,0,8,52,1,0.999155836,0.000000000,0.999155836
small1,0,8,53,1,0.999261357,0.000000000,0.999261357
small1,0,8,54,1,0.999353687,0.000000000,0.999353687
small1,0,8,55,1,0.999434476,0.000000000,0.999434476
small1,0,8,56,1,0.999505167,0.000000000,0.999505167
small1,0,8,57,1,0.999567021,0.000000000,0.999567021
small1,0,8,58,1,0.999621143,0.000000000,0.999621143
small1,0,8,59,1,0.999668500,0.000000000,0.999668500
small1,0,8,60,1,0.999709938,0.000000000,0.999709938
small1,0,8,61,1,0.999746196,0.000000000,0.999746196
small1,0,8,62,1,0.999777921,0.000000000,0.999777921
small1,0,8,63,1,0.999805681,0.000000000,0.999805681
small1,0,8,64,1,0.999829971,0.000000000,0.999829971
small1,0,8,65,1,0.999851224,0.000000000,0.999851224
small1,0,8,66,1,0.999869821,0.000000000,0.999869821
small1,0,8,67,1,0.999886094,0.000000000,0.999886094
small1,0,8,68,1,0.999900332,0.000000000,0.999900332
small1,0,8,69,1,0.999912791,0.000000000,0.999912791
small1,0,8,70,1,0.999923692,0.000000000,0.999923692
small1,0,8,71,1,0.999933230,0.000000000,0.999933230
small1,0,8,72,1,0.999941576,0.000000000,0.999941576
small1,0,8,73,1,0.999948879,0.000000000,0.999948879
small1,0,8,74,1,0.999955269,0.000000000,0.999955269
small1,0,8,75,1,0.999960861,0.000000000,0.999960861
small1,0,8,76,1,0.999965753,0.000000000,0.999965753
small1,0,8,77,1,0.999970034,0.000000000,0.999970034
small1,0,8,78,1,0.999973780,0.000000000,0.999973780
small1,0,8,79,1,0.999977057,0.000000000,0.999977057
small1,0,8,80,1,0.999979925,0.000000000,0.999979925
small1,0,8,81,1,0.999982435,0.000000000,0.999982435
small1,0,8,82,1,0.999984630,0.000000000,0.999984630
small1,0,8,83,1,0.999986551,0.000000000,0.999986551
small1,0,8,84,1,0.999988232,0.000000000,0.999988232
small1,0,8,85,1,0.999989703,0.000000000,0.999989703
small1,0,8,86,1,0.999990991,0.000000000,0.999990991
small1,0,8,87,1,0.999992117,0.000000000,0.999992117
small1,0,8,88,1,0.999993102,0.000000000,0.999993102
small1,0,8,89,1,0.999993964,0.000000000,0.999993964
small1,0,8,90,1,0.999994719,0.000000000,0.999994719
small1,0,8,91,1,0.999995379,0.000000000,0.999995379
small1,0,8,92,1,0.999995957,0.000000000,0.999995957
small1,0,8,93,1,0.999996462,0.000000000,0.999996462
small1,0,8,94,1,0.999996904,0.000000000,0.999996904
small1,0,8,95,1,0.999997291,0.000000000,0.999997291
small1,0,8,96,1,0.999997630,0.000000000,0.999997630
small1,0,8,97,1,0.999997926,0.000000000,0.999997926
small1,0,8,98,1,0.999998185,0.000000000,0.999998185
small1,0,8,99,1,0.999998412,0.000000000,0.999998412
small1,0,16,0,1,0.062500000,0.000000000,0.062500000
small1,0,16,1,1,0.121093750,0.000000000,0.121093750
small1,0,16,2,1,0.176025391,0.000000000,0.176025391
small1,0,16,3,1,0.227523804,0.000000000,0.227523804
small1,0,16,4,1,0.275803566,0.000000000,0.275803566
small1,0,16,5,1,0.321065843,0.000000000,0.321065843
small1,0,16,6,1,0.363499228,0.000000000,0.363499228
small1,0,16,7,1,0.403280526,0.000000000,0.403280526
small1,0,16,8,1,0.440575493,0.000000000,0.440575493
small1,0,16,9,1,0.475539525,0.000000000,0.475539525
small1,0,16,10,1,0.508318305,0.000000000,0.508318305
small1,0,16,11,1,0.539048411,0.000000000,0.539048411
small1,0,16,12,1,0.567857885,0.000000000,0.567857885
small1,0,16,13,1,0.594866767,0.000000000,0.594866767
small1,0,16,14,1,0.620187594,0.000000000,0.620187594
small1,0,16,15,1,0.643925870,0.000000000,0.643925870
small1,0,16,16,1,0.666180503,0.000000000,0.666180503
small1,0,16,17,1,0.687044221,0.000000000,0.687044221
small1,0,16,18,1,0.706603957,0.000000000,0.706603957
small1,0,16,19,1,0.724941210,0.000000000,0.724941210
small1,0,16,20,1,0.742132384,0.000000000,0.742132384
small1,0,16,21,1,0.758249110,0.000000000,0.758249110
small1,0,16,22,1,0.773358541,0.000000000,0.773358541
small1,0,16,23,1,0.787523632,0.000000000,0.787523632
small1,0,16,24,1,0.800803405,0.000000000,0.800803405
small1,0,16,25,1,0.813253192,0.000000000,0.813253192
small1,0,16,26,1,0.824924868,0.000000000,0.824924868
small1,0,16,27,1,0.835867064,0.000000000,0.835867064
small1,0,16,28,1,0.846125372,0.000000000,0.846125372
small1,0,16,29,1,0.855742536,0.000000000,0.855742536
small1,0,16,30,1,0.864758628,0.000000000,0.864758628
small1,0,16,31,1,0.873211214,0.000000000,0.873211214
small1,0,16,32,1,0.881135513,0.000000000,0.881135513
small1,0,16,33,1,0.888564543,0.000000000,0.888564543
small1,0,16,34,1,0.895529259,0.000000000,0.895529259
small1,0,16,35,1,0.902058681,0.000000000,0.902058681
small1,0,16,36,1,0.908180013,0.000000000,0.908180013
small1,0,16,37,1,0.913918762,0.000000000,0.913918762
small1,0,16,38,1,0.919298840,0.000000000,0.919298840
small1,0,16,39,1,0.924342662,0.000000000,0.924342662
small1,0,16,40,1,0.929071246,0.000000000,0.929071246
small1,0,16,41,1,0.933504293,0.000000000,0.933504293
small1,0,16,42,1,0.937660275,0.000000000,0.937660275
small1,0,16,43,1,0.941556507,0.000000000,0.941556507
small1,0,16,44,1,0.945209226,0.000000000,0.945209226
small1,0,16,45,1,0.948633649,0.000000000,0.948633649
small1,0,16,46,1,0.951844046,0.000000000,0.951844046
small1,0,16,47,1,0.954853793,0.000000000,0.954853793
small1,0,16,48,1,0.957675431,0.000000000,0.957675431
small1,0,16,49,1,0.960320717,0.000000000,0.960320717
small1,0,16,50,1,0.962800672,0.000000000,0.962800672
small1,0,16,51,1,0.965125630,0.000000000,0.965125630
small1,0,16,52,1,0.967305278,0.000000000,0.967305278
small1,0,16,53,1,0.969348698,0.000000000,0.969348698
small1,0,16,54,1,0.971264404,0.000000000,0.971264404
small1,0,16,55,1,0.973060379,0.000000000,0.973060379
small1,0,16,56,1,0.974744105,0.000000000,0.974744105
small1,0,16,57,1,0.976322599,0.000000000,0.976322599
small1,0,16,58,1,0.977802436,0.000000000,0.977802436
small1,0,16,59,1,0.979189784,0.000000000,0.979189784
small1,0,16,60,1,0.980490423,0.000000000,0.980490423
small1,0,16,61,1,0.981709771,0.000000000,0.981709771
small1,0,16,62,1,0.982852911,0.000000000,0.982852911
small1,0,16,63,1,0.983924604,0.000000000,0.983924604
small1,0,16,64,1,0.984929316,0.000000000,0.984929316
small1,0,16,65,1,0.985871234,0.000000000,0.985871234
small1,0,16,66,1,0.986754282,0.000000000,0.986754282
small1,0,16,67,1,0.987582139,0.000000000,0.987582139
small1,0,16,68,1,0.988358255,0.000000000,0.988358255
small1,0,16,69,1,0.989085864,0.000000000,0.989085864
small1,0,16,70,1,0.989767998,0.000000000,0.989767998
small1,0,16,71,1,0.990407498,0.000000000,0.990407498
small1,0,16,72,1,0.991007029,0.000000000,0.991007029
small1,0,16,73,1,0.991569090,0.000000000,0.991569090
small1,0,16,74,1,0.992096022,0.000000000,0.992096022
small1,0,16,75,1,0.992590021,0.000000000,0.992590021
small1,0,16,76,1,0.993053144,0.000000000,0.993053144
small1,0,16,77,1,0.993487323,0.000000000,0.993487323
small1,0,16,78,1,0.993894365,0.000000000,0.993894365
small1,0,16,79,1,0.994275967,0.000000000,0.994275967
small1,0,16,80,1,0.994633719,0.000000000,0.994633719
small1,0,16,81,1,0.994969112,0.000000000,0.994969112
small1,0,16,82,1,0.995283542,0.000000000,0.995283542
small1,0,16,83,1,0.995578321,0.000000000,0.995578321
small1,0,16,84,1,0.995854676,0.000000000,0.995854676
small1,0,16,85,1,0.996113759,0.000000000,0.996113759
small1,0,16,86,1,0.996356649,0.000000000,0.996356649
small1,0,16,87,1,0.996584358,0.000000000,0.996584358
small1,0,16,88,1,0.996797836,0.000000000,0.996797836
small1,0,16,89,1,0.996997971,0.000000000,0.996997971
small1,0,16,90,1,0.997185598,0.000000000,0.997185598
small1,0,16,91,1,0.997361498,0.000000000,0.997361498
small1,0,16,92,1,0.997526404,0.000000000,0.997526404
small1,0,16,93,1,0.997681004,0.000000000,0.997681004
small1,0,16,94,1,0.997825941,0.000000000,0.997825941
small1,0,16,95,1,0.997961820,0.000000000,0.997961820
small1,0,16,96,1,0.998089206,0.000000000,0.998089206
small1,0,16,97,1,0.998208631,0.000000000,0.998208631
small1,0,16,98,1,0.998320591,0.000000000,0.998320591
small1,0,16,99,1,0.998425554,0.000000000,0.998425554
small1,3,8,0,1,0.125000000,0.125000000,0.000000000
small1,3,8,1,1,0.234375000,0.250000000,0.015625000
small1,3,8,2,1,0.330078125,0.375000000,0.044921875
small1,3,8,3,1,0.413818359,0.500000000,0.086181641
small1,3,8,4,1,0.487091064,0.625000000,0.137908936
small1,3,8,5,1,0.551204681,0.750000000,0.198795319
small1,3,8,6,1,0.607304096,0.875000000,0.267695904
small1,3,8,7,1,0.656391084,1.000000000,0.343608916
small1,3,8,8,1,0.699342199,1.000000000,0.300657801
small1,3,8,9,1,0.736924424,1.000000000,0.263075576
small1,3,8,10,1,0.769808871,1.000000000,0.230191129
small1,3,8,11,1,0.798582762,1.000000000,0.201417238
small1,3,8,12,1,0.823759917,1.000000000,0.176240083
small1,3,8,13,1,0.845789927,1.000000000,0.154210073
small1,3,8,14,1,0.865066186,1.000000000,0.134933814
small1,3,8,15,1,0.881932913,1.000000000,0.118067087
small1,3,8,16,1,0.896691299,1.000000000,0.103308701
small1,3,8,17,1,0.909604886,1.000000000,0.090395114
small1,3,8,18,1,0.920904276,1.000000000,0.079095724
small1,3,8,19,1,0.930791241,1.000000000,0.069208759
small1,3,8,20,1,0.939442336,1.000000000,0.060557664
small1,3,8,21,1,0.947012044,1.000000000,0.052987956
small1,3,8,22,1,0.953635539,1.000000000,0.046364461
small1,3,8,23,1,0.959431096,1.000000000,0.040568904
small1,3,8,24,1,0.964502209,1.000000000,0.035497791
small1,3,8,25,1,0.968939433,1.000000000,0.031060567
small1,3,8,26,1,0.972822004,1.000000000,0.027177996
small1,3,8,27,1,0.976219253,1.000000000,0.023780747
small1,3,8,28,1,0.979191847,1.000000000,0.020808153
small1,3,8,29,1,0.981792866,1.000000000,0.018207134
small1,3,8,30,1,0.984068758,1.000000000,0.015931242
small1,3,8,31,1,0.986060163,1.000000000,0.013939837
small1,3,8,32,1,0.987802643,1.000000000,0.012197357
small1,3,8,33,1,0.989327312,1.000000000,0.010672688
small1,3,8,34,1,0.990661398,1.000000000,0.009338602
small1,3,8,35,1,0.991828723,1.000000000,0.008171277
small1,3,8,36,1,0.992850133,1.000000000,0.007149867
small1,3,8,37,1,0.993743866,1.000000000,0.006256134
small1,3,8,38,1,0.994525883,1.000000000,0.005474117
small1,3,8,39,1,0.995210148,1.000000000,0.004789852
small1,3,8,40,1,0.995808879,1.000000000,0.004191121
small1,3,8,41,1,0.996332769,1.000000000,0.003667231
small1,3,8,42,1,0.996791173,1.000000000,0.003208827
small1,3,8,43,1,0.997192277,1.000000000,0.002807723
small1,3,8,44,1,0.997543242,1.000000000,0.002456758
small1,3,8,45,1,0.997850337,1.000000000,0.002149663
small1,3,8,46,1,0.998119045,1.000000000,0.001880955
small1,3,8,47,1,0.998354164,1.000000000,0.001645836
small1,3,8,48,1,0.998559894,1.000000000,0.001440106
small1,3,8,49,1,0.998739907,1.000000000,0.001260093
small1,3,8,50,1,0.998897418,1.000000000,0.001102582
small1,3,8,51,1,0.999035241,1.000000000,0.000964759
small1,3,8,52,1,0.999155836,1.000000000,0.000844164
small1,3,8,53,1,0.999261357,1.000000000,0.000738643
small1,3,8,54,1,0.999353687,1.000000000,0.000646313
small1,3,8,55,1,0.999434476,1.000000000,0.000565524
small1,3,8,56,1,0.999505167,1.000000000,0.000494833
small1,3,8,57,1,0.999567021,1.000000000,0.000432979
small1,3,8,58,1,0.999621143,1.000000000,0.000378857
small1,3,8,59,1,0.999668500,1.000000000,0.000331500
small1,3,8,60,1,0.999709938,1.000000000,0.000290062
small1,3,8,61,1,0.999746196,1.000000000,0.000253804
small1,3,8,62,1,0.999777921,1.000000000,0.000222079
small1,3,8,63,1,0.999805681,1.000000000,0.000194319
small1,3,8,64,1,0.999829971,1.000000000,0.000170029
small1,3,8,65,1,0.999851224,1.000000000,0.000148776
small1,3,8,66,1,0.999869821,1.000000000,0.000130179
small1,3,8,67,1,0.999886094,1.000000000,0.000113906
small1,3,8,68,1,0.999900332,1.000000000,0.000099668
small1,3,8,69,1,0.999912791,1.000000000,0.000087209
small1,3,8,70,1,0.999923692,1.000000000,0.000076308
small1,3,8,71,1,0.999933230,1.000000000,0.000066770
small1,3,8,72,1,0.999941576,1.000000000,0.000058424
small1,3,8,73,1,0.999948879,1.000000000,0.000051121
small1,3,8,74,1,0.999955269,1.000000000,0.000044731
small1,3,8,75,1,0.999960861,1.000000000,0.000039139
small1,3,8,76,1,0.999965753,1.000000000,0.000034247
small1,3,8,77,1,0.999970034,1.000000000,0.000029966
small1,3,8,78,1,0.999973780,1.000000000,0.000026220
small1,3,8,79,1,0.999977057,1.000000000,0.000022943
small1,3,8,80,1,0.999979925,1.000000000,0.000020075
small1,3,8,81,1,0.999982435,1.000000000,0.000017565
small1,3,8,82,1,0.999984630,1.000000000,0.000015370
small1,3,8,83,1,0.999986551,1.000000000,0.000013449
small1,3,8,84,1,0.999988232,1.000000000,0.000011768
small1,3,8,85,1,0.999989703,1.000000000,0.000010297
small1,3,8,86,1,0.999990991,1.000000000,0.000009009
small1,3,8,87,1,0.999992117,1.000000000,0.000007883
small1,3,8,88,1,0.999993102,1.000000000,0.000006898
small1,3,8,89,1,0.999993964,1.000000000,0.000006036
small1,3,8,90,1,0.999994719,1.000000000,0.000005281
small1,3,8,91,1,0.999995379,1.000000000,0.000004621
small1,3,8,92,1,0.999995957,1.000000000,0.000004043
small1,3,8,93,1,0.999996462,1.000000000,0.000003538
small1,3,8,94,1,0.999996904,1.000000000,0.000003096
small1,3,8,95,1,0.999997291,1.000000000,0.000002709
small1,3,8,96,1,0.999997630,1.000000000,0.000002370
small1,3,8,97,1,0.999997926,1.000000000,0.000002074
small1,3,8,98,1,0.999998185,1.000000000,0.000001815
small1,3,8,99,1,0.999998412,1.000000000,0.000001588
small1,3,16,0,1,0.062500000,0.000000000,0.062500000
small1,3,16,1,1,0.121093750,0.000000000,0.121093750
small1,3,16,2,1,0.176025391,0.000000000,0.176025391
small1,3,16,3,1,0.227523804,0.000000000,0.227523804
small1,3,16,4,1,0.275803566,0.000000000,0.275803566
small1,3,16,5,1,0.321065843,0.000000000,0.321065843
small1,3,16,6,1,0.363499228,0.000000000,0.363499228
small1,3,16,7,1,0.403280526,0.000000000,0.403280526
small1,3,16,8,1,0.440575493,0.000000000,0.440575493
small1,3,16,9,1,0.475539525,0.000000000,0.475539525
small1,3,16,10,1,0.508318305,0.000000000,0.508318305
small1,3,16,11,1,0.539048411,0.000000000,0.539048411
small1,3,16,12,1,0.567857885,0.000000000,0.567857885
small1,3,16,13,1,0.594866767,0.000000000,0.594866767
small1,3,16,14,1,0.620187594,0.000000000,0.620187594
small1,3,16,15,1,0.643925870,0.000000000,0.643925870
small1,3,16,16,1,0.666180503,0.000000000,0.666180503
small1,3,16,17,1,0.687044221,0.000000000,0.687044221
small1,3,16,18,1,0.706603957,0.000000000,0.706603957
small1,3,16,19,1,0.724941210,0.000000000,0.724941210
small1,3,16,20,1,0.742132384,0.000000000,0.742132384
small1,3,16,21,1,0.758249110,0.000000000,0.758249110
small1,3,16,22,1,0.773358541,0.000000000,0.773358541
small1,3,16,23,1,0.787523632,0.000000000,0.787523632
small1,3,16,24,1,0.800803405,0.000000000,0.800803405
small1,3,16,25,1,0.813253192,0.000000000,0.813253192
small1,3,16,26,1,0.824924868,0.000000000,0.824924868
small1,3,16,27,1,0.835867064,0.000000000,0.835867064
small1,3,16,28,1,0.846125372,0.000000000,0.846125372
small1,3,16,29,1,0.855742536,0.000000000,0.855742536
small1,3,16,30,1,0.864758628,0.000000000,0.864758628
small1,3,16,31,1,0.873211214,0.000000000,0.873211214
small1,3,16,32,1,0.881135513,0.000000000,0.881135513
small1,3,16,33,1,0.888564543,0.000000000,0.888564543
small1,3,16,34,1,0.895529259,0.000000000,0.895529259
small1,3,16,35,1,0.902058681,0.000000000,0.902058681
small1,3,16,36,1,0.908180013,0.000000000,0.908180013
small1,3,16,37,1,0.913918762,0.000000000,0.913918762
small1,3,16,38,1,0.919298840,0.000000000,0.919298840
small1,3,16,39,1,0.924342662,0.000000000,0.924342662
small1,3,16,40,1,0.929071246,0.000000000,0.929071246
small1,3,16,41,1,0.933504293,0.000000000,0.933504293
small1,3,16,42,1,0.937660275,0.000000000,0.937660275
small1,3,16,43,1,0.941556507,0.000000000,0.941556507
small1,3,16,44,1,0.945209226,0.000000000,0.945209226
small1,3,16,45,1,0.948633649,0.000000000,0.948633649
small1,3,16,46,1,0.951844046,0.000000000,0.951844046
small1,3,16,47,1,0.954853793,0.000000000,0.954853793
small1,3,16,48,1,0.957675431,0.000000000,0.957675431
small1,3,16,49,1,0.960320717,0.000000000,0.960320717
small1,3,16,50,1,0.962800672,0.000000000,0.962800672
small1,3,16,51,1,0.965125630,0.000000000,0.965125630
small1,3,16,52,1,0.967305278,0.000000000,0.967305278
small1,3,16,53,1,0.969348698,0.000000000,0.969348698
small1,3,16,54,1,0.971264404,0.000000000,0.971264404
small1,3,16,55,1,0.973060379,0.000000000,0.973060379
small1,3,16,56,1,0.974744105,0.000000000,0.974744105
small1,3,16,57,1,0.976322599,0.000000000,0.976322599
small1,3,16,58,1,0.977802436,0.000000000,0.977802436
small1,3,16,59,1,0.979189784,0.000000000,0.979189784
small1,3,16,60,1,0.980490423,0.000000000,0.980490423
small1,3,16,61,1,0.981709771,0.000000000,0.981709771
small1,3,16,62,1,0.982852911,0.000000000,0.982852911
small1,3,16,63,1,0.983924604,0.000000000,0.983924604
small1,3,16,64,1,0.984929316,0.000000000,0.984929316
small1,3,16,65,1,0.985871234,0.000000000,0.985871234
small1,3,16,66,1,0.986754282,0.000000000,0.986754282
small1,3,16,67,1,0.987582139,0.000000000,0.987582139
small1,3,16,68,1,0.988358255,0.000000000,0.988358255
small1,3,16,69,1,0.989085864,0.000000000,0.989085864
small1,3,16,70,1,0.989767998,0.000000000,0.989767998
small1,3,16,71,1,0.990407498,0.000000000,0.990407498
small1,3,16,72,1,0.991007029,0.000000000,0.991007029
small1,3,16,73,1,0.991569090,0.000000000,0.991569090
small1,3,16,74,1,0.992096022,0.000000000,0.992096022
small1,3,16,75,1,0.992590021,0.000000000,0.992590021
small1,3,16,76,1,0.993053144,0.000000000,0.993053144
small1,3,16,77,1,0.993487323,0.000000000,0.993487323
small1,3,16,78,1,0.993894365,0.000000000,0.993894365
small1,3,16,79,1,0.994275967,0.000000000,0.994275967
small1,3,16,80,1,0.994633719,0.000000000,0.994633719
small1,3,16,81,1,0.994969112,0.000000000,0.994969112
small1,3,16,82,1,0.995283542,0.000000000,0.995283542
small1,3,16,83,1,0.995578321,0.000000000,0.995578321
small1,3,16,84,1,0.995854676,0.000000000,0.995854676
small1,3,16,85,1,0.996113759,0.000000000,0.996113759
small1,3,16,86,1,0.996356649,0.000000000,0.996356649
small1,3,16,87,1,0.996584358,0.000000000,0.996584358
small1,3,16,88,1,0.996797836,0.000000000,0.996797836
small1,3,16,89,1,0.996997971,0.000000000,0.996997971
small1,3,16,90,1,0.997185598,0.000000000,0.997185598
small1,3,16,91,1,0.997361498,0.000000000,0.997361498
small1,3,16,92,1,0.997526404,0.000000000,0.997526404
small1,3,16,93,1,0.997681004,0.000000000,0.997681004
small1,3,16,94,1,0.997825941,0.000000000,0.997825941
small1,3,16,95,1,0.997961820,0.000000000,0.997961820
small1,3,16,96,1,0.998089206,0.000000000,0.998089206
small1,3,16,97,1,0.998208631,0.000000000,0.998208631
small1,3,16,98,1,0.998320591,0.000000000,0.998320591
small1,3,16,99,1,0.998425554,0.000000000,0.998425554
small1,8,8,0,1,0.125000000,0.125000000,0.000000000
small1,8,8,1,1,0.234375000,0.234375000,0.000000000
small1,8,8,2,1,0.330078125,0.332031250,0.001953125
small1,8,8,3,1,0.413818359,0.417968750,0.004150391
small1,8,8,4,1,0.487091064,0.492187500,0.005096436
small1,8,8,5,1,0.551204681,0.558593750,0.007389069
small1,8,8,6,1,0.607304096,0.617187500,0.009883404
small1,8,8,7,1,0.656391084,0.667968750,0.011577666
small1,8,8,8,1,0.699342199,0.710937500,0.011595301
small1,8,8,9,1,0.736924424,0.750000000,0.013075576
small1,8,8,10,1,0.769808871,0.781250000,0.011441129
small1,8,8,11,1,0.798582762,0.808593750,0.010010988
small1,8,8,12,1,0.823759917,0.835937500,0.012177583
small1,8,8,13,1,0.845789927,0.859375000,0.013585073
small1,8,8,14,1,0.865066186,0.878906250,0.013840064
small1,8,8,15,1,0.881932913,0.894531250,0.012598337
small1,8,8,16,1,0.896691299,0.910156250,0.013464951
small1,8,8,17,1,0.909604886,0.921875000,0.012270114
small1,8,8,18,1,0.920904276,0.933593750,0.012689474
small1,8,8,19,1,0.930791241,0.945312500,0.014521259
small1,8,8,20,1,0.939442336,0.953125000,0.013682664
small1,8,8,21,1,0.947012044,0.960937500,0.013925456
small1,8,8,22,1,0.953635539,0.968750000,0.015114461
small1,8,8,23,1,0.959431096,0.972656250,0.013225154
small1,8,8,24,1,0.964502209,0.976562500,0.012060291
small1,8,8,25,1,0.968939433,0.980468750,0.011529317
small1,8,8,26,1,0.972822004,0.984375000,0.011552996
small1,8,8,27,1,0.976219253,0.988281250,0.012061997
small1,8,8,28,1,0.979191847,0.992187500,0.012995653
small1,8,8,29,1,0.981792866,0.996093750,0.014300884
small1,8,8,30,1,0.984068758,1.000000000,0.015931242
small1,8,8,31,1,0.986060163,1.000000000,0.013939837
small1,8,8,32,1,0.987802643,1.000000000,0.012197357
small1,8,8,33,1,0.989327312,1.000000000,0.010672688
small1,8,8,34,1,0.990661398,1.000000000,0.009338602
small1,8,8,35,1,0.991828723,1.000000000,0.008171277
small1,8,8,36,1,0.992850133,1.000000000,0.007149867
small1,8,8,37,1,0.993743866,1.000000000,0.006256134
small1,8,8,38,1,0.994525883,1.000000000,0.005474117
small1,8,8,39,1,0.995210148,1.000000000,0.004789852
small1,8,8,40,1,0.995808879,1.000000000,0.004191121
small1,8,8,41,1,0.996332769,1.000000000,0.003667231
small1,8,8,42,1,0.996791173,1.000000000,0.003208827
small1,8,8,43,1,0.997192277,1.000000000,0.002807723
small1,8,8,44,1,0.997543242,1.000000000,0.002456758
small1,8,8,45,1,0.997850337,1.000000000,0.002149663
small1,8,8,46,1,0.998119045,1.000000000,0.001880955
small1,8,8,47,1,0.998354164,1.000000000,0.001645836
small1,8,8,48,1,0.998559894,1.000000000,0.001440106
small1,8,8,49,1,0.998739907,1.000000000,0.001260093
small1,8,8,50,1,0.998897418,1.000000000,0.001102582
small1,8,8,51,1,0.999035241,1.000000000,0.000964759
small1,8,8,52,1,0.999155836,1.000000000,0.000844164
small1,8,8,53,1,0.999261357,1.000000000,0.000738643
small1,8,8,54,1,0.999353687,1.000000000,0.000646313
small1,8,8,55,1,0.999434476,1.000000000,0.000565524
small1,8,8,56,1,0.999505167,1.000000000,0.000494833
small1,8,8,57,1,0.999567021,1.000000000,0.000432979
small1,8,8,58,1,0.999621143,1.000000000,0.000378857
small1,8,8,59,1,0.999668500,1.000000000,0.000331500
small1,8,8,60,1,0.999709938,1.000000000,0.000290062
small1,8,8,61,1,0.999746196,1.000000000,0.000253804
small1,8,8,62,1,0.999777921,1.000000000,0.000222079
small1,8,8,63,1,0.999805681,1.000000000,0.000194319
small1,8,8,64,1,0.999829971,1.000000000,0.000170029
small1,8,8,65,1,0.999851224,1.000000000,0.000148776
small1,8,8,66,1,0.999869821,1.000000000,0.000130179
small1,8,8,67,1,0.999886094,1.000000000,0.000113906
small1,8,8,68,1,0.999900332,1.000000000,0.000099668
small1,8,8,69,1,0.999912791,1.000000000,0.000087209
small1,8,8,70,1,0.999923692,1.000000000,0.000076308
small1,8,8,71,1,0.999933230,1.000000000,0.000066770
small1,8,8,72,1,0.999941576,1.000000000,0.000058424
small1,8,8,73,1,0.999948879,1.000000000,0.000051121
small1,8,8,74,1,0.999955269,1.000000000,0.000044731
small1,8,8,75,1,0.999960861,1.000000000,0.000039139
small1,8,8,76,1,0.999965753,1.000000000,0.000034247
small1,8,8,77,1,0.999970034,1.000000000,0.000029966
small1,8,8,78,1,0.999973780,1.000000000,0.000026220
small1,8,8,79,1,0.999977057,1.000000000,0.000022943
small1,8,8,80,1,0.999979925,1.000000000,0.000020075
small1,8,8,81,1,0.999982435,1.000000000,0.000017565
small1,8,8,82,1,0.999984630,1.000000000,0.000015370
small1,8,8,83,1,0.999986551,1.000000000,0.000013449
small1,8,8,84,1,0.999988232,1.000000000,0.000011768
small1,8,8,85,1,0.999989703,1.000000000,0.000010297
small1,8,8,86,1,0.999990991,1.000000000,0.000009009
small1,8,8,87,1,0.999992117,1.000000000,0.000007883
small1,8,8,88,1,0.999993102,1.000000000,0.000006898
small1,8,8,89,1,0.999993964,1.000000000,0.000006036
small1,8,8,90,1,0.999994719,1.000000000,0.000005281
small1,8,8,91,1,0.999995379,1.000000000,0.000004621
small1,8,8,92,1,0.999995957,1.000000000,0.000004043
small1,8,8,93,1,0.999996462,1.000000000,0.000003538
small1,8,8,94,1,0.999996904,1.000000000,0.000003096
small1,8,8,95,1,0.999997291,1.000000000,0.000002709
small1,8,8,96,1,0.999997630,1.000000000,0.000002370
small1,8,8,97,1,0.999997926,1.000000000,0.000002074
small1,8,8,98,1,0.999998185,1.000000000,0.000001815
small1,8,8,99,1,0.999998412,1.000000000,0.000001588
small1,8,16,0,1,0.062500000,0.062500000,0.000000000
small1,8,16,1,1,0.121093750,0.121093750,0.000000000
small1,8,16,2,1,0.176025391,0.179687500,0.003662109
small1,8,16,3,1,0.227523804,0.234375000,0.006851196
small1,8,16,4,1,0.275803566,0.285156250,0.009352684
small1,8,16,5,1,0.321065843,0.332031250,0.010965407
small1,8,16,6,1,0.363499228,0.375000000,0.011500772
small1,8,16,7,1,0.403280526,0.414062500,0.010781974
small1,8,16,8,1,0.440575493,0.453125000,0.012549507
small1,8,16,9,1,0.475539525,0.488281250,0.012741725
small1,8,16,10,1,0.508318305,0.523437500,0.015119195
small1,8,16,11,1,0.539048411,0.554687500,0.015639089
small1,8,16,12,1,0.567857885,0.585937500,0.018079615
small1,8,16,13,1,0.594866767,0.613281250,0.018414483
small1,8,16,14,1,0.620187594,0.640625000,0.020437406
small1,8,16,15,1,0.643925870,0.664062500,0.020136630
small1,8,16,16,1,0.666180503,0.687500000,0.021319497
small1,8,16,17,1,0.687044221,0.707031250,0.019987029
small1,8,16,18,1,0.706603957,0.726562500,0.019958543
small1,8,16,19,1,0.724941210,0.746093750,0.021152540
small1,8,16,20,1,0.742132384,0.765625000,0.023492616
small1,8,16,21,1,0.758249110,0.781250000,0.023000890
small1,8,16,22,1,0.773358541,0.796875000,0.023516459
small1,8,16,23,1,0.787523632,0.812500000,0.024976368
small1,8,16,24,1,0.800803405,0.824218750,0.023415345
small1,8,16,25,1,0.813253192,0.835937500,0.022684308
small1,8,16,26,1,0.824924868,0.847656250,0.022731382
small1,8,16,27,1,0.835867064,0.859375000,0.023507936
small1,8,16,28,1,0.846125372,0.871093750,0.024968378
small1,8,16,29,1,0.855742536,0.882812500,0.027069964
small1,8,16,30,1,0.864758628,0.890625000,0.025866372
small1,8,16,31,1,0.873211214,0.898437500,0.025226286
small1,8,16,32,1,0.881135513,0.906250000,0.025114487
small1,8,16,33,1,0.888564543,0.914062500,0.025497957
small1,8,16,34,1,0.895529259,0.921875000,0.026345741
small1,8,16,35,1,0.902058681,0.929687500,0.027628819
small1,8,16,36,1,0.908180013,0.937500000,0.029319987
small1,8,16,37,1,0.913918762,0.941406250,0.027487488
small1,8,16,38,1,0.919298840,0.945312500,0.026013660
small1,8,16,39,1,0.924342662,0.949218750,0.024876088
small1,8,16,40,1,0.929071246,0.953125000,0.024053754
small1,8,16,41,1,0.933504293,0.957031250,0.023526957
small1,8,16,42,1,0.937660275,0.960937500,0.023277225
small1,8,16,43,1,0.941556507,0.964843750,0.023287243
small1,8,16,44,1,0.945209226,0.968750000,0.023540774
small1,8,16,45,1,0.948633649,0.972656250,0.024022601
small1,8,16,46,1,0.951844046,0.976562500,0.024718454
small1,8,16,47,1,0.954853793,0.980468750,0.025614957
small1,8,16,48,1,0.957675431,0.984375000,0.026699569
small1,8,16,49,1,0.960320717,0.988281250,0.027960533
small1,8,16,50,1,0.962800672,0.992187500,0.029386828
small1,8,16,51,1,0.965125630,0.996093750,0.030968120
small1,8,16,52,1,0.967305278,1.000000000,0.032694722
small1,8,16,53,1,0.969348698,1.000000000,0.030651302
small1,8,16,54,1,0.971264404,1.000000000,0.028735596
small1,8,16,55,1,0.973060379,1.000000000,0.026939621
small1,8,16,56,1,0.974744105,1.000000000,0.025255895
small1,8,16,57,1,0.976322599,1.000000000,0.023677401
small1,8,16,58,1,0.977802436,1.000000000,0.022197564
small1,8,16,59,1,0.979189784,1.000000000,0.020810216
small1,8,16,60,1,0.980490423,1.000000000,0.019509577
small1,8,16,61,1,0.981709771,1.000000000,0.018290229
small1,8,16,62,1,0.982852911,1.000000000,0.017147089
small1,8,16,63,1,0.983924604,1.000000000,0.016075396
small1,8,16,64,1,0.984929316,1.000000000,0.015070684
small1,8,16,65,1,0.985871234,1.000000000,0.014128766
small1,8,16,66,1,0.986754282,1.000000000,0.013245718
small1,8,16,67,1,0.987582139,1.000000000,0.012417861
small1,8,16,68,1,0.988358255,1.000000000,0.011641745
small1,8,16,69,1,0.989085864,1.000000000,0.010914136
small1,8,16,70,1,0.989767998,1.000000000,0.010232002
small1,8,16,71,1,0.990407498,1.000000000,0.009592502
small1,8,16,72,1,0.991007029,1.000000000,0.008992971
small1,8,16,73,1,0.991569090,1.000000000,0.008430910
small1,8,16,74,1,0.992096022,1.000000000,0.007903978
small1,8,16,75,1,0.992590021,1.000000000,0.007409979
small1,8,16,76,1,0.993053144,1.000000000,0.006946856
small1,8,16,77,1,0.993487323,1.000000000,0.006512677
small1,8,16,78,1,0.993894365,1.000000000,0.006105635
small1,8,16,79,1,0.994275967,1.000000000,0.005724033
small1,8,16,80,1,0.994633719,1.000000000,0.005366281
small1,8,16,81,1,0.994969112,1.000000000,0.005030888
small1,8,16,82,1,0.995283542,1.000000000,0.004716458
small1,8,16,83,1,0.995578321,1.000000000,0.004421679
small1,8,16,84,1,0.995854676,1.000000000,0.004145324
small1,8,16,85,1,0.996113759,1.000000000,0.003886241
small1,8,16,86,1,0.996356649,1.000000000,0.003643351
small1,8,16,87,1,0.996584358,1.000000000,0.003415642
small1,8,16,88,1,0.996797836,1.000000000,0.003202164
small1,8,16,89,1,0.996997971,1.000000000,0.003002029
small1,8,16,90,1,0.997185598,1.000000000,0.002814402
small1,8,16,91,1,0.997361498,1.000000000,0.002638502
small1,8,16,92,1,0.997526404,1.000000000,0.002473596
small1,8,16,93,1,0.997681004,1.000000000,0.002318996
small1,8,16,94,1,0.997825941,1.000000000,0.002174059
small1,8,16,95,1,0.997961820,1.000000000,0.002038180
small1,8,16,96,1,0.998089206,1.000000000,0.001910794
small1,8,16,97,1,0.998208631,1.000000000,0.001791369
small1,8,16,98,1,0.998320591,1.000000000,0.001679409
small1,8,16,99,1,0.998425554,1.000000000,0.001574446
small1,10,8,0,1,0.125000000,0.125000000,0.000000000
small1,10,8,1,1,0.234375000,0.234375000,0.000000000
small1,10,8,2,1,0.330078125,0.330078125,0.000000000
small1,10,8,3,1,0.413818359,0.414062500,0.000244141
small1,10,8,4,1,0.487091064,0.487304688,0.000213623
small1,10,8,5,1,0.551204681,0.551757812,0.000553131
small1,10,8,6,1,0.607304096,0.608398438,0.001094341
small1,10,8,7,1,0.656391084,0.658203125,0.001812041
small1,10,8,8,1,0.699342199,0.701171875,0.001829676
small1,10,8,9,1,0.736924424,0.739257812,0.002333389
small1,10,8,10,1,0.769808871,0.772460938,0.002652067
small1,10,8,11,1,0.798582762,0.801757812,0.003175051
small1,10,8,12,1,0.823759917,0.827148438,0.003388521
small1,10,8,13,1,0.845789927,0.849609375,0.003819448
small1,10,8,14,1,0.865066186,0.869140625,0.004074439
small1,10,8,15,1,0.881932913,0.885742188,0.003809275
small1,10,8,16,1,0.896691299,0.900390625,0.003699326
small1,10,8,17,1,0.909604886,0.913085938,0.003481051
small1,10,8,18,1,0.920904276,0.924804688,0.003900412
small1,10,8,19,1,0.930791241,0.934570312,0.003779071
small1,10,8,20,1,0.939442336,0.943359375,0.003917039
small1,10,8,21,1,0.947012044,0.951171875,0.004159831
small1,10,8,22,1,0.953635539,0.958007812,0.004372274
small1,10,8,23,1,0.959431096,0.963867188,0.004436091
small1,10,8,24,1,0.964502209,0.968750000,0.004247791
small1,10,8,25,1,0.968939433,0.972656250,0.003716817
small1,10,8,26,1,0.972822004,0.976562500,0.003740496
small1,10,8,27,1,0.976219253,0.979492188,0.003272934
small1,10,8,28,1,0.979191847,0.982421875,0.003230028
small1,10,8,29,1,0.981792866,0.985351562,0.003558697
small1,10,8,30,1,0.984068758,0.987304688,0.003235930
small1,10,8,31,1,0.986060163,0.989257812,0.003197650
small1,10,8,32,1,0.987802643,0.991210938,0.003408295
small1,10,8,33,1,0.989327312,0.993164062,0.003836750
small1,10,8,34,1,0.990661398,0.994140625,0.003479227
small1,10,8,35,1,0.991828723,0.995117188,0.003288464
small1,10,8,36,1,0.992850133,0.996093750,0.003243617
small1,10,8,37,1,0.993743866,0.997070312,0.003326446
small1,10,8,38,1,0.994525883,0.998046875,0.003520992
small1,10,8,39,1,0.995210148,0.999023438,0.003813290
small1,10,8,40,1,0.995808879,1.000000000,0.004191121
small1,10,8,41,1,0.996332769,1.000000000,0.003667231
small1,10,8,42,1,0.996791173,1.000000000,0.003208827
small1,10,8,43,1,0.997192277,1.000000000,0.002807723
small1,10,8,44,1,0.997543242,1.000000000,0.002456758
small1,10,8,45,1,0.997850337,1.000000000,0.002149663
small1,10,8,46,1,0.998119045,1.000000000,0.001880955
small1,10,8,47,1,0.998354164,1.000000000,0.001645836
small1,10,8,48,1,0.998559894,1.000000000,0.001440106
small1,10,8,49,1,0.998739907,1.000000000,0.001260093
small1,10,8,50,1,0.998897418,1.000000000,0.001102582
small1,10,8,51,1,0.999035241,1.000000000,0.000964759
small1,10,8,52,1,0.999155836,1.000000000,0.000844164
small1,10,8,53,1,0.999261357,1.000000000,0.000738643
small1,10,8,54,1,0.999353687,1.000000000,0.000646313
small1,10,8,55,1,0.999434476,1.000000000,0.000565524
small1,10,8,56,1,0.999505167,1.000000000,0.000494833
small1,10,8,57,1,0.999567021,1.000000000,0.000432979
small1,10,8,58,1,0.999621143,1.000000000,0.000378857
small1,10,8,59,1,0.999668500,1.000000000,0.000331500
small1,10,8,60,1,0.999709938,1.000000000,0.000290062
small1,10,8,61,1,0.999746196,1.000000000,0.000253804
small1,10,8,62,1,0.999777921,1.000000000,0.000222079
small1,10,8,63,1,0.999805681,1.000000000,0.000194319
small1,10,8,64,1,0.999829971,1.000000000,0.000170029
small1,10,8,65,1,0.999851224,1.000000000,0.000148776
small1,10,8,66,1,0.999869821,1.000000000,0.000130179
small1,10,8,67,1,0.999886094,1.000000000,0.000113906
small1,10,8,68,1,0.999900332,1.000000000,0.000099668
small1,10,8,69,1,0.999912791,1.000000000,0.000087209
small1,10,8,70,1,0.999923692,1.000000000,0.000076308
small1,10,8,71,1,0.999933230,1.000000000,0.000066770
small1,10,8,72,1,0.999941576,1.000000000,0.000058424
small1,10,8,73,1,0.999948879,1.000000000,0.000051121
small1,10,8,74,1,0.999955269,1.000000000,0.000044731
small1,10,8,75,1,0.999960861,1.000000000,0.000039139
small1,10,8,76,1,0.999965753,1.000000000,0.000034247
small1,10,8,77,1,0.999970034,1.000000000,0.000029966
small1,10,8,78,1,0.999973780,1.000000000,0.000026220
small1,10,8,79,1,0.999977057,1.000000000,0.000022943
small1,10,8,80,1,0.999979925,1.000000000,0.000020075
small1,10,8,81,1,0.999982435,1.000000000,0.000017565
small1,10,8,82,1,0.999984630,1.000000000,0.000015370
small1,10,8,83,1,0.999986551,1.000000000,0.000013449
small1,10,8,84,1,0.999988232,1.000000000,0.000011768
small1,10,8,85,1,0.999989703,1.000000000,0.000010297
small1,10,8,86,1,0.999990991,1.000000000,0.000009009
small1,10,8,87,1,0.999992117,1.000000000,0.000007883
small1,10,8,88,1,0.999993102,1.000000000,0.000006898
small1,10,8,89,1,0.999993964,1.000000000,0.000006036
small1,10,8,90,1,0.999994719,1.000000000,0.000005281
small1,10,8,91,1,0.999995379,1.000000000,0.000004621
small1,10,8,92,1,0.999995957,1.000000000,0.000004043
small1,10,8,93,1,0.999996462,1.000000000,0.000003538
small1,10,8,94,1,0.999996904,1.000000000,0.000003096
small1,10,8,95,1,0.999997291,1.000000000,0.000002709
small1,10,8,96,1,0.999997630,1.000000000,0.000002370
small1,10,8,97,1,0.999997926,1.000000000,0.000002074
small1,10,8,98,1,0.999998185,1.000000000,0.000001815
small1,10,8,99,1,0.999998412,1.000000000,0.000001588
small1,10,16,0,1,0.062500000,0.062500000,0.000000000
small1,10,16,1,1,0.121093750,0.121093750,0.000000000
small1,10,16,2,1,0.176025391,0.176757812,0.000732422
small1,10,16,3,1,0.227523804,0.228515625,0.000991821
small1,10,16,4,1,0.275803566,0.277343750,0.001540184
small1,10,16,5,1,0.321065843,0.323242188,0.002176344
small1,10,16,6,1,0.363499228,0.366210938,0.002711710
small1,10,16,7,1,0.403280526,0.406250000,0.002969474
small1,10,16,8,1,0.440575493,0.443359375,0.002783882
small1,10,16,9,1,0.475539525,0.478515625,0.002976100
small1,10,16,10,1,0.508318305,0.511718750,0.003400445
small1,10,16,11,1,0.539048411,0.542968750,0.003920339
small1,10,16,12,1,0.567857885,0.572265625,0.004407740
small1,10,16,13,1,0.594866767,0.599609375,0.004742608
small1,10,16,14,1,0.620187594,0.625000000,0.004812406
small1,10,16,15,1,0.643925870,0.648437500,0.004511630
small1,10,16,16,1,0.666180503,0.670898438,0.004717935
small1,10,16,17,1,0.687044221,0.692382812,0.005338591
small1,10,16,18,1,0.706603957,0.711914062,0.005310105
small1,10,16,19,1,0.724941210,0.730468750,0.005527540
small1,10,16,20,1,0.742132384,0.748046875,0.005914491
small1,10,16,21,1,0.758249110,0.764648438,0.006399327
small1,10,16,22,1,0.773358541,0.780273438,0.006914896
small1,10,16,23,1,0.787523632,0.794921875,0.007398243
small1,10,16,24,1,0.800803405,0.808593750,0.007790345
small1,10,16,25,1,0.813253192,0.821289062,0.008035870
small1,10,16,26,1,0.824924868,0.833007812,0.008082945
small1,10,16,27,1,0.835867064,0.843750000,0.007882936
small1,10,16,28,1,0.846125372,0.853515625,0.007390253
small1,10,16,29,1,0.855742536,0.863281250,0.007538714
small1,10,16,30,1,0.864758628,0.872070312,0.007311685
small1,10,16,31,1,0.873211214,0.880859375,0.007648161
small1,10,16,32,1,0.881135513,0.888671875,0.007536362
small1,10,16,33,1,0.888564543,0.896484375,0.007919832
small1,10,16,34,1,0.895529259,0.903320312,0.007791053
small1,10,16,35,1,0.902058681,0.910156250,0.008097569
small1,10,16,36,1,0.908180013,0.916015625,0.007835612
small1,10,16,37,1,0.913918762,0.921875000,0.007956238
small1,10,16,38,1,0.919298840,0.926757812,0.007458973
small1,10,16,39,1,0.924342662,0.931640625,0.007297963
small1,10,16,40,1,0.929071246,0.936523438,0.007452192
small1,10,16,41,1,0.933504293,0.941406250,0.007901957
small1,10,16,42,1,0.937660275,0.945312500,0.007652225
small1,10,16,43,1,0.941556507,0.949218750,0.007662243
small1,10,16,44,1,0.945209226,0.953125000,0.007915774
small1,10,16,45,1,0.948633649,0.956054688,0.007421038
small1,10,16,46,1,0.951844046,0.958984375,0.007140329
small1,10,16,47,1,0.954853793,0.961914062,0.007060269
small1,10,16,48,1,0.957675431,0.964843750,0.007168319
small1,10,16,49,1,0.960320717,0.967773438,0.007452721
small1,10,16,50,1,0.962800672,0.970703125,0.007902453
small1,10,16,51,1,0.965125630,0.972656250,0.007530620
small1,10,16,52,1,0.967305278,0.974609375,0.007304097
small1,10,16,53,1,0.969348698,0.976562500,0.007213802
small1,10,16,54,1,0.971264404,0.978515625,0.007251221
small1,10,16,55,1,0.973060379,0.980468750,0.007408371
small1,10,16,56,1,0.974744105,0.982421875,0.007677770
small1,10,16,57,1,0.976322599,0.984375000,0.008052401
small1,10,16,58,1,0.977802436,0.985351562,0.007549126
small1,10,16,59,1,0.979189784,0.986328125,0.007138341
small1,10,16,60,1,0.980490423,0.987304688,0.006814265
small1,10,16,61,1,0.981709771,0.988281250,0.006571479
small1,10,16,62,1,0.982852911,0.989257812,0.006404902
small1,10,16,63,1,0.983924604,0.990234375,0.006309771
small1,10,16,64,1,0.984929316,0.991210938,0.006281622
small1,10,16,65,1,0.985871234,0.992187500,0.006316266
small1,10,16,66,1,0.986754282,0.993164062,0.006409781
small1,10,16,67,1,0.987582139,0.994140625,0.006558486
small1,10,16,68,1,0.988358255,0.995117188,0.006758932
small1,10,16,69,1,0.989085864,0.996093750,0.007007886
small1,10,16,70,1,0.989767998,0.997070312,0.007302315
small1,10,16,71,1,0.990407498,0.998046875,0.007639377
small1,10,16,72,1,0.991007029,0.999023438,0.008016408
small1,10,16,73,1,0.991569090,1.000000000,0.008430910
small1,10,16,74,1,0.992096022,1.000000000,0.007903978
small1,10,16,75,1,0.992590021,1.000000000,0.007409979
small1,10,16,76,1,0.993053144,1.000000000,0.006946856
small1,10,16,77,1,0.993487323,1.000000000,0.006512677
small1,10,16,78,1,0.993894365,1.000000000,0.006105635
small1,10,16,79,1,0.994275967,1.000000000,0.005724033
small1,10,16,80,1,0.994633719,1.000000000,0.005366281
small1,10,16,81,1,0.994969112,1.000000000,0.005030888
small1,10,16,82,1,0.995283542,1.000000000,0.004716458
small1,10,16,83,1,0.995578321,1.000000000,0.004421679
small1,10,16,84,1,0.995854676,1.000000000,0.004145324
small1,10,16,85,1,0.996113759,1.000000000,0.003886241
small1,10,16,86,1,0.996356649,1.000000000,0.003643351
small1,10,16,87,1,0.996584358,1.000000000,0.003415642
small1,10,16,88,1,0.996797836,1.000000000,0.003202164
small1,10,16,89,1,0.996997971,1.000000000,0.003002029
small1,10,16,90,1,0.997185598,1.000000000,0.002814402
small1,10,16,91,1,0.997361498,1.000000000,0.002638502
small1,10,16,92,1,0.997526404,1.000000000,0.002473596
small1,10,16,93,1,0.997681004,1.000000000,0.002318996
small1,10,16,94,1,0.997825941,1.000000000,0.002174059
small1,10,16,95,1,0.997961820,1.000000000,0.002038180
small1,10,16,96,1,0.998089206,1.000000000,0.001910794
small1,10,16,97,1,0.998208631,1.000000000,0.001791369
small1,10,16,98,1,0.998320591,1.000000000,0.001679409
small1,10,16,99,1,0.998425554,1.000000000,0.001574446
alternating,0,8,0,0,0.000000000,0.000000000,0.000000000
alternating,0,8,1,100,12.500000000,12.000000000,0.500000000
alternating,0,8,2,0,10.937500000,11.000000000,0.062500000
alternating,0,8,3,100,22.070312500,22.000000000,0.070312500
alternating,0,8,4,0,19.311523438,20.000000000,0.688476562
alternating,0,8,5,100,29.397583008,30.000000000,0.602416992
alternating,0,8,6,0,25.722885132,27.000000000,1.277114868
alternating,0,8,7,100,35.007524490,36.000000000,0.992475510
alternating,0,8,8,0,30.631583929,32.000000000,1.368416071
alternating,0,8,9,100,39.302635938,40.000000000,0.697364062
alternating,0,8,10,0,34.389806446,35.000000000,0.610193554
alternating,0,8,11,100,42.591080640,43.000000000,0.408919360
alternating,0,8,12,0,37.267195560,38.000000000,0.732804440
alternating,0,8,13,100,45.108796115,46.000000000,0.891203885
alternating,0,8,14,0,39.470196601,41.000000000,1.529803399
alternating,0,8,15,100,47.036422026,48.000000000,0.963577974
alternating,0,8,16,0,41.156869272,42.000000000,0.843130728
alternating,0,8,17,100,48.512260613,49.000000000,0.487739387
alternating,0,8,18,0,42.448228037,43.000000000,0.551771963
alternating,0,8,19,100,49.642199532,50.000000000,0.357800468
alternating,0,8,20,0,43.436924591,44.000000000,0.563075409
alternating,0,8,21,100,50.507309017,51.000000000,0.492690983
alternating,0,8,22,0,44.193895390,45.000000000,0.806104610
alternating,0,8,23,100,51.169658466,52.000000000,0.830341534
alternating,0,8,24,0,44.773451158,46.000000000,1.226548842
alternating,0,8,25,100,51.676769763,53.000000000,1.323230237
alternating,0,8,26,0,45.217173543,47.000000000,1.782826457
alternating,0,8,27,100,52.065026850,54.000000000,1.934973150
alternating,0,8,28,0,45.556898494,48.000000000,2.443101506
alternating,0,8,29,100,52.362286182,54.000000000,1.637713818
alternating,0,8,30,0,45.817000409,48.000000000,2.182999591
alternating,0,8,31,100,52.589875358,54.000000000,1.410124642
alternating,0,8,32,0,46.016140938,48.000000000,1.983859062
alternating,0,8,33,100,52.764123321,54.000000000,1.235876679
alternating,0,8,34,0,46.168607906,48.000000000,1.831392094
alternating,0,8,35,100,52.897531918,54.000000000,1.102468082
alternating,0,8,36,0,46.285340428,48.000000000,1.714659572
alternating,0,8,37,100,52.999672874,54.000000000,1.000327126
alternating,0,8,38,0,46.374713765,48.000000000,1.625286235
alternating,0,8,39,100,53.077874544,54.000000000,0.922125456
alternating,0,8,40,0,46.443140226,48.000000000,1.556859774
alternating,0,8,41,100,53.137747698,54.000000000,0.862252302
alternating,0,8,42,0,46.495529236,48.000000000,1.504470764
alternating,0,8,43,100,53.183588081,54.000000000,0.816411919
alternating,0,8,44,0,46.535639571,48.000000000,1.464360429
alternating,0,8,45,100,53.218684625,54.000000000,0.781315375
alternating,0,8,46,0,46.566349047,48.000000000,1.433650953
alternating,0,8,47,100,53.245555416,54.000000000,0.754444584
alternating,0,8,48,0,46.589860989,48.000000000,1.410139011
alternating,0,8,49,100,53.266128365,54.000000000,0.733871635
alternating,0,8,50,0,46.607862320,48.000000000,1.392137680
alternating,0,8,51,100,53.281879530,54.000000000,0.718120470
alternating,0,8,52,0,46.621644588,48.000000000,1.378355412
alternating,0,8,53,100,53.293939015,54.000000000,0.706060985
alternating,0,8,54,0,46.632196638,48.000000000,1.367803362
alternating,0,8,55,100,53.303172058,54.000000000,0.696827942
alternating,0,8,56,0,46.640275551,48.000000000,1.359724449
alternating,0,8,57,100,53.310241107,54.000000000,0.689758893
alternating,0,8,58,0,46.646460969,48.000000000,1.353539031
alternating,0,8,59,100,53.315653348,54.000000000,0.684346652
alternating,0,8,60,0,46.651196679,48.000000000,1.348803321
alternating,0,8,61,100,53.319797094,54.000000000,0.680202906
alternating,0,8,62,0,46.654822458,48.000000000,1.345177542
alternating,0,8,63,100,53.322969650,54.000000000,0.677030350
alternating,0,8,64,0,46.657598444,48.000000000,1.342401556
alternating,0,8,65,100,53.325398639,54.000000000,0.674601361
alternating,0,8,66,0,46.659723809,48.000000000,1.340276191
alternating,0,8,67,100,53.327258333,54.000000000,0.672741667
alternating,0,8,68,0,46.661351041,48.000000000,1.338648959
alternating,0,8,69,100,53.328682161,54.000000000,0.671317839
alternating,0,8,70,0,46.662596891,48.000000000,1.337403109
alternating,0,8,71,100,53.329772279,54.000000000,0.670227721
alternating,0,8,72,0,46.663550745,48.000000000,1.336449255
alternating,0,8,73,100,53.330606901,54.000000000,0.669393099
alternating,0,8,74,0,46.664281039,48.000000000,1.335718961
alternating,0,8,75,100,53.331245909,54.000000000,0.668754091
alternating,0,8,76,0,46.664840170,48.000000000,1.335159830
alternating,0,8,77,100,53.331735149,54.000000000,0.668264851
alternating,0,8,78,0,46.665268255,48.000000000,1.334731745
alternating,0,8,79,100,53.332109723,54.000000000,0.667890277
alternating,0,8,80,0,46.665596008,48.000000000,1.334403992
alternating,0,8,81,100,53.332396507,54.000000000,0.667603493
alternating,0,8,82,0,46.665846944,48.000000000,1.334153056
alternating,0,8,83,100,53.332616076,54.000000000,0.667383924
alternating,0,8,84,0,46.666039066,48.000000000,1.333960934
alternating,0,8,85,100,53.332784183,54.000000000,0.667215817
alternating,0,8,86,0,46.666186160,48.000000000,1.333813840
alternating,0,8,87,100,53.332912890,54.000000000,0.667087110
alternating,0,8,88,0,46.666298779,48.000000000,1.333701221
alternating,0,8,89,100,53.333011431,54.000000000,0.666988569
alternating,0,8,90,0,46.666385003,48.000000000,1.333614997
alternating,0,8,91,100,53.333086877,54.000000000,0.666913123
alternating,0,8,92,0,46.666451018,48.000000000,1.333548982
alternating,0,8,93,100,53.333144640,54.000000000,0.666855360
alternating,0,8,94,0,46.666501560,48.000000000,1.333498440
alternating,0,8,95,100,53.333188865,54.000000000,0.666811135
alternating,0,8,96,0,46.666540257,48.000000000,1.333459743
alternating,0,8,97,100,53.333222725,54.000000000,0.666777275
alternating,0,8,98,0,46.666569884,48.000000000,1.333430116
alternating,0,8,99,100,53.333248649,54.000000000,0.666751351
alternating,0,16,0,0,0.000000000,0.000000000,0.000000000
alternating,0,16,1,100,6.250000000,6.000000000,0.250000000
alternating,0,16,2,0,5.859375000,6.000000000,0.140625000
alternating,0,16,3,100,11.743164062,12.000000000,0.256835938
alternating,0,16,4,0,11.009216309,12.000000000,0.990783691
alternating,0,16,5,100,16.571140289,18.000000000,1.428859711
alternating,0,16,6,0,15.535444021,17.000000000,1.464555979
alternating,0,16,7,100,20.814478770,22.000000000,1.185521230
alternating,0,16,8,0,19.513573847,21.000000000,1.486426153
alternating,0,16,9,100,24.543975481,26.000000000,1.456024519
alternating,0,16,10,0,23.009977014,25.000000000,1.990022986
alternating,0,16,11,100,27.821853450,30.000000000,2.178146550
alternating,0,16,12,0,26.082987610,29.000000000,2.917012390
alternating,0,16,13,100,30.702800884,34.000000000,3.297199116
alternating,0,16,14,0,28.783875829,32.000000000,3.216124171
alternating,0,16,15,100,33.234883590,36.000000000,2.765116410
alternating,0,16,16,0,31.157703365,34.000000000,2.842296635
alternating,0,16,17,100,35.460346905,38.000000000,2.539653095
alternating,0,16,18,0,33.244075223,36.000000000,2.755924777
alternating,0,16,19,100,37.416320522,40.000000000,2.583679478
alternating,0,16,20,0,35.077800489,38.000000000,2.922199511
alternating,0,16,21,100,39.135437959,42.000000000,2.864562041
alternating,0,16,22,0,36.689473086,40.000000000,3.310526914
alternating,0,16,23,100,40.646381018,44.000000000,3.353618982
alternating,0,16,24,0,38.105982205,42.000000000,3.894017795
alternating,0,16,25,100,41.974358317,46.000000000,4.025641683
alternating,0,16,26,0,39.350960922,44.000000000,4.649039078
alternating,0,16,27,100,43.141525864,48.000000000,4.858474136
alternating,0,16,28,0,40.445180498,45.000000000,4.554819502
alternating,0,16,29,100,44.167356717,49.000000000,4.832643283
alternating,0,16,30,0,41.406896922,46.000000000,4.593103078
alternating,0,16,31,100,45.068965864,50.000000000,4.931034136
alternating,0,16,32,0,42.252155498,47.000000000,4.747844502
alternating,0,16,33,100,45.861395779,51.000000000,5.138604221
alternating,0,16,34,0,42.995058543,48.000000000,5.004941457
alternating,0,16,35,100,46.557867384,51.000000000,4.442132616
alternating,0,16,36,0,43.648000673,48.000000000,4.351999327
alternating,0,16,37,100,47.170000631,51.000000000,3.829999369
alternating,0,16,38,0,44.221875591,48.000000000,3.778124409
alternating,0,16,39,100,47.708008367,51.000000000,3.291991633
alternating,0,16,40,0,44.726257844,48.000000000,3.273742156
alternating,0,16,41,100,48.180866729,51.000000000,2.819133271
alternating,0,16,42,0,45.169562558,48.000000000,2.830437442
alternating,0,16,43,100,48.596464898,51.000000000,2.403535102
alternating,0,16,44,0,45.559185842,48.000000000,2.440814158
alternating,0,16,45,100,48.961736727,51.000000000,2.038263273
alternating,0,16,46,0,45.901628181,48.000000000,2.098371819
alternating,0,16,47,100,49.282776420,51.000000000,1.717223580
alternating,0,16,48,0,46.202602894,48.000000000,1.797397106
alternating,0,16,49,100,49.564940213,51.000000000,1.435059787
alternating,0,16,50,0,46.467131450,48.000000000,1.532868550
alternating,0,16,51,100,49.812935734,51.000000000,1.187064266
alternating,0,16,52,0,46.699627251,48.000000000,1.300372749
alternating,0,16,53,100,50.030900548,51.000000000,0.969099452
alternating,0,16,54,0,46.903969263,48.000000000,1.096030737
alternating,0,16,55,100,50.222471184,51.000000000,0.777528816
alternating,0,16,56,0,47.083566735,48.000000000,0.916433265
alternating,0,16,57,100,50.390843814,51.000000000,0.609156186
alternating,0,16,58,0,47.241416076,48.000000000,0.758583924
alternating,0,16,59,100,50.538827571,51.000000000,0.461172429
alternating,0,16,60,0,47.380150848,48.000000000,0.619849152
alternating,0,16,61,100,50.668891420,51.000000000,0.331108580
alternating,0,16,62,0,47.502085706,48.000000000,0.497914294
alternating,0,16,63,100,50.783205350,51.000000000,0.216794650
alternating,0,16,64,0,47.609255015,48.000000000,0.390744985
alternating,0,16,65,100,50.883676577,51.000000000,0.116323423
alternating,0,16,66,0,47.703446791,48.000000000,0.296553209
alternating,0,16,67,100,50.971981366,51.000000000,0.028018634
alternating,0,16,68,0,47.786232531,48.000000000,0.213767469
alternating,0,16,69,100,51.049592998,51.000000000,0.049592998
alternating,0,16,70,0,47.858993435,48.000000000,0.141006565
alternating,0,16,71,100,51.117806346,51.000000000,0.117806346
alternating,0,16,72,0,47.922943449,48.000000000,0.077056551
alternating,0,16,73,100,51.177759484,51.000000000,0.177759484
alternating,0,16,74,0,47.979149516,48.000000000,0.020850484
alternating,0,16,75,100,51.230452671,51.000000000,0.230452671
alternating,0,16,76,0,48.028549379,48.000000000,0.028549379
alternating,0,16,77,100,51.276765043,51.000000000,0.276765043
alternating,0,16,78,0,48.071967228,48.000000000,0.071967228
alternating,0,16,79,100,51.317469276,51.000000000,0.317469276
alternating,0,16,80,0,48.110127446,48.000000000,0.110127446
alternating,0,16,81,100,51.353244481,51.000000000,0.353244481
alternating,0,16,82,0,48.143666701,48.000000000,0.143666701
alternating,0,16,83,100,51.384687532,51.000000000,0.384687532
alternating,0,16,84,0,48.173144561,48.000000000,0.173144561
alternating,0,16,85,100,51.412323026,51.000000000,0.412323026
alternating,0,16,86,0,48.199052837,48.000000000,0.199052837
alternating,0,16,87,100,51.436612035,51.000000000,0.436612035
alternating,0,16,88,0,48.221823783,48.000000000,0.221823783
alternating,0,16,89,100,51.457959796,51.000000000,0.457959796
alternating,0,16,90,0,48.241837309,48.000000000,0.241837309
alternating,0,16,91,100,51.476722477,51.000000000,0.476722477
alternating,0,16,92,0,48.259427322,48.000000000,0.259427322
alternating,0,16,93,100,51.493213115,51.000000000,0.493213115
alternating,0,16,94,0,48.274887295,48.000000000,0.274887295
alternating,0,16,95,100,51.507706839,51.000000000,0.507706839
alternating,0,16,96,0,48.288475162,48.000000000,0.288475162
alternating,0,16,97,100,51.520445464,51.000000000,0.520445464
alternating,0,16,98,0,48.300417622,48.000000000,0.300417622
alternating,0,16,99,100,51.531641521,51.000000000,0.531641521
alternating,3,8,0,0,0.000000000,0.000000000,0.000000000
alternating,3,8,1,100,12.500000000,12.500000000,0.000000000
alternating,3,8,2,0,10.937500000,11.000000000,0.062500000
alternating,3,8,3,100,22.070312500,22.125000000,0.054687500
alternating,3,8,4,0,19.311523438,19.375000000,0.063476562
alternating,3,8,5,100,29.397583008,29.500000000,0.102416992
alternating,3,8,6,0,25.722885132,25.875000000,0.152114868
alternating,3,8,7,100,35.007524490,35.250000000,0.242475510
alternating,3,8,8,0,30.631583929,30.875000000,0.243416071
alternating,3,8,9,100,39.302635938,39.625000000,0.322364062
alternating,3,8,10,0,34.389806446,34.750000000,0.360193554
alternating,3,8,11,100,42.591080640,43.000000000,0.408919360
alternating,3,8,12,0,37.267195560,37.625000000,0.357804440
alternating,3,8,13,100,45.108796115,45.500000000,0.391203885
alternating,3,8,14,0,39.470196601,39.875000000,0.404803399
alternating,3,8,15,100,47.036422026,47.500000000,0.463577974
alternating,3,8,16,0,41.156869272,41.625000000,0.468130728
alternating,3,8,17,100,48.512260613,49.000000000,0.487739387
alternating,3,8,18,0,42.448228037,42.875000000,0.426771963
alternating,3,8,19,100,49.642199532,50.125000000,0.482800468
alternating,3,8,20,0,43.436924591,43.875000000,0.438075409
alternating,3,8,21,100,50.507309017,51.000000000,0.492690983
alternating,3,8,22,0,44.193895390,44.625000000,0.431104610
alternating,3,8,23,100,51.169658466,51.625000000,0.455341534
alternating,3,8,24,0,44.773451158,45.250000000,0.476548842
alternating,3,8,25,100,51.676769763,52.125000000,0.448230237
alternating,3,8,26,0,45.217173543,45.625000000,0.407826457
alternating,3,8,27,100,52.065026850,52.500000000,0.434973150
alternating,3,8,28,0,45.556898494,46.000000000,0.443101506
alternating,3,8,29,100,52.362286182,52.750000000,0.387713818
alternating,3,8,30,0,45.817000409,46.250000000,0.432999591
alternating,3,8,31,100,52.589875358,53.000000000,0.410124642
alternating,3,8,32,0,46.016140938,46.375000000,0.358859062
alternating,3,8,33,100,52.764123321,53.125000000,0.360876679
alternating,3,8,34,0,46.168607906,46.500000000,0.331392094
alternating,3,8,35,100,52.897531918,53.250000000,0.352468082
alternating,3,8,36,0,46.285340428,46.625000000,0.339659572
alternating,3,8,37,100,52.999672874,53.375000000,0.375327126
alternating,3,8,38,0,46.374713765,46.750000000,0.375286235
alternating,3,8,39,100,53.077874544,53.500000000,0.422125456
alternating,3,8,40,0,46.443140226,46.875000000,0.431859774
alternating,3,8,41,100,53.137747698,53.625000000,0.487252302
alternating,3,8,42,0,46.495529236,47.000000000,0.504470764
alternating,3,8,43,100,53.183588081,53.625000000,0.441411919
alternating,3,8,44,0,46.535639571,47.000000000,0.464360429
alternating,3,8,45,100,53.218684625,53.625000000,0.406315375
alternating,3,8,46,0,46.566349047,47.000000000,0.433650953
alternating,3,8,47,100,53.245555416,53.625000000,0.379444584
alternating,3,8,48,0,46.589860989,47.000000000,0.410139011
alternating,3,8,49,100,53.266128365,53.625000000,0.358871635
alternating,3,8,50,0,46.607862320,47.000000000,0.392137680
alternating,3,8,51,100,53.281879530,53.625000000,0.343120470
alternating,3,8,52,0,46.621644588,47.000000000,0.378355412
alternating,3,8,53,100,53.293939015,53.625000000,0.331060985
alternating,3,8,54,0,46.632196638,47.000000000,0.367803362
alternating,3,8,55,100,53.303172058,53.625000000,0.321827942
alternating,3,8,56,0,46.640275551,47.000000000,0.359724449
alternating,3,8,57,100,53.310241107,53.625000000,0.314758893
alternating,3,8,58,0,46.646460969,47.000000000,0.353539031
alternating,3,8,59,100,53.315653348,53.625000000,0.309346652
alternating,3,8,60,0,46.651196679,47.000000000,0.348803321
alternating,3,8,61,100,53.319797094,53.625000000,0.305202906
alternating,3,8,62,0,46.654822458,47.000000000,0.345177542
alternating,3,8,63,100,53.322969650,53.625000000,0.302030350
alternating,3,8,64,0,46.657598444,47.000000000,0.342401556
alternating,3,8,65,100,53.325398639,53.625000000,0.299601361
alternating,3,8,66,0,46.659723809,47.000000000,0.340276191
alternating,3,8,67,100,53.327258333,53.625000000,0.297741667
alternating,3,8,68,0,46.661351041,47.000000000,0.338648959
alternating,3,8,69,100,53.328682161,53.625000000,0.296317839
alternating,3,8,70,0,46.662596891,47.000000000,0.337403109
alternating,3,8,71,100,53.329772279,53.625000000,0.295227721
alternating,3,8,72,0,46.663550745,47.000000000,0.336449255
alternating,3,8,73,100,53.330606901,53.625000000,0.294393099
alternating,3,8,74,0,46.664281039,47.000000000,0.335718961
alternating,3,8,75,100,53.331245909,53.625000000,0.293754091
alternating,3,8,76,0,46.664840170,47.000000000,0.335159830
alternating,3,8,77,100,53.331735149,53.625000000,0.293264851
alternating,3,8,78,0,46.665268255,47.000000000,0.334731745
alternating,3,8,79,100,53.332109723,53.625000000,0.292890277
alternating,3,8,80,0,46.665596008,47.000000000,0.334403992
alternating,3,8,81,100,53.332396507,53.625000000,0.292603493
alternating,3,8,82,0,46.665846944,47.000000000,0.334153056
alternating,3,8,83,100,53.332616076,53.625000000,0.292383924
alternating,3,8,84,0,46.666039066,47.000000000,0.333960934
alternating,3,8,85,100,53.332784183,53.625000000,0.292215817
alternating,3,8,86,0,46.666186160,47.000000000,0.333813840
alternating,3,8,87,100,53.332912890,53.625000000,0.292087110
alternating,3,8,88,0,46.666298779,47.000000000,0.333701221
alternating,3,8,89,100,53.333011431,53.625000000,0.291988569
alternating,3,8,90,0,46.666385003,47.000000000,0.333614997
alternating,3,8,91,100,53.333086877,53.625000000,0.291913123
alternating,3,8,92,0,46.666451018,47.000000000,0.333548982
alternating,3,8,93,100,53.333144640,53.625000000,0.291855360
alternating,3,8,94,0,46.666501560,47.000000000,0.333498440
alternating,3,8,95,100,53.333188865,53.625000000,0.291811135
alternating,3,8,96,0,46.666540257,47.000000000,0.333459743
alternating,3,8,97,100,53.333222725,53.625000000,0.291777275
alternating,3,8,98,0,46.666569884,47.000000000,0.333430116
alternating,3,8,99,100,53.333248649,53.625000000,0.291751351
alternating,3,16,0,0,0.000000000,0.000000000,0.000000000
alternating,3,16,1,100,6.250000000,6.250000000,0.000000000
alternating,3,16,2,0,5.859375000,5.875000000,0.015625000
alternating,3,16,3,100,11.743164062,11.875000000,0.131835938
alternating,3,16,4,0,11.009216309,11.250000000,0.240783691
alternating,3,16,5,100,16.571140289,16.875000000,0.303859711
alternating,3,16,6,0,15.535444021,15.875000000,0.339555979
alternating,3,16,7,100,20.814478770,21.250000000,0.435521230
alternating,3,16,8,0,19.513573847,20.000000000,0.486426153
alternating,3,16,9,100,24.543975481,25.000000000,0.456024519
alternating,3,16,10,0,23.009977014,23.500000000,0.490022986
alternating,3,16,11,100,27.821853450,28.375000000,0.553146550
alternating,3,16,12,0,26.082987610,26.625000000,0.542012390
alternating,3,16,13,100,30.702800884,31.250000000,0.547199116
alternating,3,16,14,0,28.783875829,29.375000000,0.591124171
alternating,3,16,15,100,33.234883590,33.875000000,0.640116410
alternating,3,16,16,0,31.157703365,31.875000000,0.717296635
alternating,3,16,17,100,35.460346905,36.250000000,0.789653095
alternating,3,16,18,0,33.244075223,34.000000000,0.755924777
alternating,3,16,19,100,37.416320522,38.125000000,0.708679478
alternating,3,16,20,0,35.077800489,35.750000000,0.672199511
alternating,3,16,21,100,39.135437959,39.875000000,0.739562041
alternating,3,16,22,0,36.689473086,37.500000000,0.810526914
alternating,3,16,23,100,40.646381018,41.500000000,0.853618982
alternating,3,16,24,0,38.105982205,39.000000000,0.894017795
alternating,3,16,25,100,41.974358317,42.875000000,0.900641683
alternating,3,16,26,0,39.350960922,40.250000000,0.899039078
alternating,3,16,27,100,43.141525864,44.000000000,0.858474136
alternating,3,16,28,0,40.445180498,41.250000000,0.804819502
alternating,3,16,29,100,44.167356717,45.000000000,0.832643283
alternating,3,16,30,0,41.406896922,42.250000000,0.843103078
alternating,3,16,31,100,45.068965864,45.875000000,0.806034136
alternating,3,16,32,0,42.252155498,43.125000000,0.872844502
alternating,3,16,33,100,45.861395779,46.750000000,0.888604221
alternating,3,16,34,0,42.995058543,43.875000000,0.879941457
alternating,3,16,35,100,46.557867384,47.500000000,0.942132616
alternating,3,16,36,0,43.648000673,44.625000000,0.976999327
alternating,3,16,37,100,47.170000631,48.125000000,0.954999369
alternating,3,16,38,0,44.221875591,45.125000000,0.903124409
alternating,3,16,39,100,47.708008367,48.625000000,0.916991633
alternating,3,16,40,0,44.726257844,45.625000000,0.898742156
alternating,3,16,41,100,48.180866729,49.125000000,0.944133271
alternating,3,16,42,0,45.169562558,46.125000000,0.955437442
alternating,3,16,43,100,48.596464898,49.500000000,0.903535102
alternating,3,16,44,0,45.559185842,46.500000000,0.940814158
alternating,3,16,45,100,48.961736727,49.875000000,0.913263273
alternating,3,16,46,0,45.901628181,46.875000000,0.973371819
alternating,3,16,47,100,49.282776420,50.250000000,0.967223580
alternating,3,16,48,0,46.202602894,47.125000000,0.922397106
alternating,3,16,49,100,49.564940213,50.500000000,0.935059787
alternating,3,16,50,0,46.467131450,47.375000000,0.907868550
alternating,3,16,51,100,49.812935734,50.750000000,0.937064266
alternating,3,16,52,0,46.699627251,47.625000000,0.925372749
alternating,3,16,53,100,50.030900548,51.000000000,0.969099452
alternating,3,16,54,0,46.903969263,47.875000000,0.971030737
alternating,3,16,55,100,50.222471184,51.250000000,1.027528816
alternating,3,16,56,0,47.083566735,48.125000000,1.041433265
alternating,3,16,57,100,50.390843814,51.375000000,0.984156186
alternating,3,16,58,0,47.241416076,48.250000000,1.008583924
alternating,3,16,59,100,50.538827571,51.500000000,0.961172429
alternating,3,16,60,0,47.380150848,48.375000000,0.994849152
alternating,3,16,61,100,50.668891420,51.625000000,0.956108580
alternating,3,16,62,0,47.502085706,48.500000000,0.997914294
alternating,3,16,63,100,50.783205350,51.750000000,0.966794650
alternating,3,16,64,0,47.609255015,48.625000000,1.015744985
alternating,3,16,65,100,50.883676577,51.875000000,0.991323423
alternating,3,16,66,0,47.703446791,48.750000000,1.046553209
alternating,3,16,67,100,50.971981366,52.000000000,1.028018634
alternating,3,16,68,0,47.786232531,48.750000000,0.963767469
alternating,3,16,69,100,51.049592998,52.000000000,0.950407002
alternating,3,16,70,0,47.858993435,48.750000000,0.891006565
alternating,3,16,71,100,51.117806346,52.000000000,0.882193654
alternating,3,16,72,0,47.922943449,48.750000000,0.827056551
alternating,3,16,73,100,51.177759484,52.000000000,0.822240516
alternating,3,16,74,0,47.979149516,48.750000000,0.770850484
alternating,3,16,75,100,51.230452671,52.000000000,0.769547329
alternating,3,16,76,0,48.028549379,48.750000000,0.721450621
alternating,3,16,77,100,51.276765043,52.000000000,0.723234957
alternating,3,16,78,0,48.071967228,48.750000000,0.678032772
alternating,3,16,79,100,51.317469276,52.000000000,0.682530724
alternating,3,16,80,0,48.110127446,48.750000000,0.639872554
alternating,3,16,81,100,51.353244481,52.000000000,0.646755519
alternating,3,16,82,0,48.143666701,48.750000000,0.606333299
alternating,3,16,83,100,51.384687532,52.000000000,0.615312468
alternating,3,16,84,0,48.173144561,48.750000000,0.576855439
alternating,3,16,85,100,51.412323026,52.000000000,0.587676974
alternating,3,16,86,0,48.199052837,48.750000000,0.550947163
alternating,3,16,87,100,51.436612035,52.000000000,0.563387965
alternating,3,16,88,0,48.221823783,48.750000000,0.528176217
alternating,3,16,89,100,51.457959796,52.000000000,0.542040204
alternating,3,16,90,0,48.241837309,48.750000000,0.508162691
alternating,3,16,91,100,51.476722477,52.000000000,0.523277523
alternating,3,16,92,0,48.259427322,48.750000000,0.490572678
alternating,3,16,93,100,51.493213115,52.000000000,0.506786885
alternating,3,16,94,0,48.274887295,48.750000000,0.475112705
alternating,3,16,95,100,51.507706839,52.000000000,0.492293161
alternating,3,16,96,0,48.288475162,48.750000000,0.461524838
alternating,3,16,97,100,51.520445464,52.000000000,0.479554536
alternating,3,16,98,0,48.300417622,48.750000000,0.449582378
alternating,3,16,99,100,51.531641521,52.000000000,0.468358479
alternating,8,8,0,0,0.000000000,0.000000000,0.000000000
alternating,8,8,1,100,12.500000000,12.500000000,0.000000000
alternating,8,8,2,0,10.937500000,10.937500000,0.000000000
alternating,8,8,3,100,22.070312500,22.070312500,0.000000000
alternating,8,8,4,0,19.311523438,19.312500000,0.000976562
alternating,8,8,5,100,29.397583008,29.398437500,0.000854492
alternating,8,8,6,0,25.722885132,25.726562500,0.003677368
alternating,8,8,7,100,35.007524490,35.011718750,0.004194260
alternating,8,8,8,0,30.631583929,30.636718750,0.005134821
alternating,8,8,9,100,39.302635938,39.308593750,0.005957812
alternating,8,8,10,0,34.389806446,34.398437500,0.008631054
alternating,8,8,11,100,42.591080640,42.601562500,0.010481860
alternating,8,8,12,0,37.267195560,37.277343750,0.010148190
alternating,8,8,13,100,45.108796115,45.121093750,0.012297635
alternating,8,8,14,0,39.470196601,39.484375000,0.014178399
alternating,8,8,15,100,47.036422026,47.050781250,0.014359224
alternating,8,8,16,0,41.156869272,41.171875000,0.015005728
alternating,8,8,17,100,48.512260613,48.527343750,0.015083137
alternating,8,8,18,0,42.448228037,42.464843750,0.016615713
alternating,8,8,19,100,49.642199532,49.660156250,0.017956718
alternating,8,8,20,0,43.436924591,43.453125000,0.016200409
alternating,8,8,21,100,50.507309017,50.523437500,0.016128483
alternating,8,8,22,0,44.193895390,44.210937500,0.017042110
alternating,8,8,23,100,51.169658466,51.187500000,0.017841534
alternating,8,8,24,0,44.773451158,44.789062500,0.015611342
alternating,8,8,25,100,51.676769763,51.691406250,0.014636487
alternating,8,8,26,0,45.217173543,45.230468750,0.013295207
alternating,8,8,27,100,52.065026850,52.078125000,0.013098150
alternating,8,8,28,0,45.556898494,45.570312500,0.013414006
alternating,8,8,29,100,52.362286182,52.375000000,0.012713818
alternating,8,8,30,0,45.817000409,45.828125000,0.011124591
alternating,8,8,31,100,52.589875358,52.601562500,0.011687142
alternating,8,8,32,0,46.016140938,46.027343750,0.011202812
alternating,8,8,33,100,52.764123321,52.777343750,0.013220429
alternating,8,8,34,0,46.168607906,46.183593750,0.014985844
alternating,8,8,35,100,52.897531918,52.914062500,0.016530582
alternating,8,8,36,0,46.285340428,46.300781250,0.015440822
alternating,8,8,37,100,52.999672874,53.015625000,0.015952126
alternating,8,8,38,0,46.374713765,46.390625000,0.015911235
alternating,8,8,39,100,53.077874544,53.093750000,0.015875456
alternating,8,8,40,0,46.443140226,46.457031250,0.013891024
alternating,8,8,41,100,53.137747698,53.152343750,0.014596052
alternating,8,8,42,0,46.495529236,46.511718750,0.016189514
alternating,8,8,43,100,53.183588081,53.199218750,0.015630669
alternating,8,8,44,0,46.535639571,46.550781250,0.015141679
alternating,8,8,45,100,53.218684625,53.234375000,0.015690375
alternating,8,8,46,0,46.566349047,46.582031250,0.015682203
alternating,8,8,47,100,53.245555416,53.261718750,0.016163334
alternating,8,8,48,0,46.589860989,46.605468750,0.015607761
alternating,8,8,49,100,53.266128365,53.281250000,0.015121635
alternating,8,8,50,0,46.607862320,46.621093750,0.013231430
alternating,8,8,51,100,53.281879530,53.296875000,0.014995470
alternating,8,8,52,0,46.621644588,46.636718750,0.015074162
alternating,8,8,53,100,53.293939015,53.308593750,0.014654735
alternating,8,8,54,0,46.632196638,46.648437500,0.016240862
alternating,8,8,55,100,53.303172058,53.320312500,0.017140442
alternating,8,8,56,0,46.640275551,46.656250000,0.015974449
alternating,8,8,57,100,53.310241107,53.324218750,0.013977643
alternating,8,8,58,0,46.646460969,46.660156250,0.013695281
alternating,8,8,59,100,53.315653348,53.328125000,0.012471652
alternating,8,8,60,0,46.651196679,46.664062500,0.012865821
alternating,8,8,61,100,53.319797094,53.332031250,0.012234156
alternating,8,8,62,0,46.654822458,46.667968750,0.013146292
alternating,8,8,63,100,53.322969650,53.335937500,0.012967850
alternating,8,8,64,0,46.657598444,46.671875000,0.014276556
alternating,8,8,65,100,53.325398639,53.339843750,0.014445111
alternating,8,8,66,0,46.659723809,46.675781250,0.016057441
alternating,8,8,67,100,53.327258333,53.343750000,0.016491667
alternating,8,8,68,0,46.661351041,46.675781250,0.014430209
alternating,8,8,69,100,53.328682161,53.343750000,0.015067839
alternating,8,8,70,0,46.662596891,46.675781250,0.013184359
alternating,8,8,71,100,53.329772279,53.343750000,0.013977721
alternating,8,8,72,0,46.663550745,46.675781250,0.012230505
alternating,8,8,73,100,53.330606901,53.343750000,0.013143099
alternating,8,8,74,0,46.664281039,46.675781250,0.011500211
alternating,8,8,75,100,53.331245909,53.343750000,0.012504091
alternating,8,8,76,0,46.664840170,46.675781250,0.010941080
alternating,8,8,77,100,53.331735149,53.343750000,0.012014851
alternating,8,8,78,0,46.665268255,46.675781250,0.010512995
alternating,8,8,79,100,53.332109723,53.343750000,0.011640277
alternating,8,8,80,0,46.665596008,46.675781250,0.010185242
alternating,8,8,81,100,53.332396507,53.343750000,0.011353493
alternating,8,8,82,0,46.665846944,46.675781250,0.009934306
alternating,8,8,83,100,53.332616076,53.343750000,0.011133924
alternating,8,8,84,0,46.666039066,46.675781250,0.009742184
alternating,8,8,85,100,53.332784183,53.343750000,0.010965817
alternating,8,8,86,0,46.666186160,46.675781250,0.009595090
alternating,8,8,87,100,53.332912890,53.343750000,0.010837110
alternating,8,8,88,0,46.666298779,46.675781250,0.009482471
alternating,8,8,89,100,53.333011431,53.343750000,0.010738569
alternating,8,8,90,0,46.666385003,46.675781250,0.009396247
alternating,8,8,91,100,53.333086877,53.343750000,0.010663123
alternating,8,8,92,0,46.666451018,46.675781250,0.009330232
alternating,8,8,93,100,53.333144640,53.343750000,0.010605360
alternating,8,8,94,0,46.666501560,46.675781250,0.009279690
alternating,8,8,95,100,53.333188865,53.343750000,0.010561135
alternating,8,8,96,0,46.666540257,46.675781250,0.009240993
alternating,8,8,97,100,53.333222725,53.343750000,0.010527275
alternating,8,8,98,0,46.666569884,46.675781250,0.009211366
alternating,8,8,99,100,53.333248649,53.343750000,0.010501351
alternating,8,16,0,0,0.000000000,0.000000000,0.000000000
alternating,8,16,1,100,6.250000000,6.250000000,0.000000000
alternating,8,16,2,0,5.859375000,5.859375000,0.000000000
alternating,8,16,3,100,11.743164062,11.746093750,0.002929688
alternating,8,16,4,0,11.009216309,11.015625000,0.006408691
alternating,8,16,5,100,16.571140289,16.578125000,0.006984711
alternating,8,16,6,0,15.535444021,15.542968750,0.007524729
alternating,8,16,7,100,20.814478770,20.824218750,0.009739980
alternating,8,16,8,0,19.513573847,19.523437500,0.009863653
alternating,8,16,9,100,24.543975481,24.554687500,0.010712019
alternating,8,16,10,0,23.009977014,23.023437500,0.013460486
alternating,8,16,11,100,27.821853450,27.835937500,0.014084050
alternating,8,16,12,0,26.082987610,26.097656250,0.014668640
alternating,8,16,13,100,30.702800884,30.718750000,0.015949116
alternating,8,16,14,0,28.783875829,28.800781250,0.016905421
alternating,8,16,15,100,33.234883590,33.253906250,0.019022660
alternating,8,16,16,0,31.157703365,31.175781250,0.018077885
alternating,8,16,17,100,35.460346905,35.480468750,0.020121845
alternating,8,16,18,0,33.244075223,33.265625000,0.021549777
alternating,8,16,19,100,37.416320522,37.437500000,0.021179478
alternating,8,16,20,0,35.077800489,35.097656250,0.019855761
alternating,8,16,21,100,39.135437959,39.156250000,0.020812041
alternating,8,16,22,0,36.689473086,36.710937500,0.021464414
alternating,8,16,23,100,40.646381018,40.667968750,0.021587732
alternating,8,16,24,0,38.105982205,38.128906250,0.022924045
alternating,8,16,25,100,41.974358317,41.996093750,0.021735433
alternating,8,16,26,0,39.350960922,39.375000000,0.024039078
alternating,8,16,27,100,43.141525864,43.164062500,0.022536636
alternating,8,16,28,0,40.445180498,40.468750000,0.023569502
alternating,8,16,29,100,44.167356717,44.191406250,0.024049533
alternating,8,16,30,0,41.406896922,41.429687500,0.022790578
alternating,8,16,31,100,45.068965864,45.093750000,0.024784136
alternating,8,16,32,0,42.252155498,42.277343750,0.025188252
alternating,8,16,33,100,45.861395779,45.886718750,0.025322971
alternating,8,16,34,0,42.995058543,43.019531250,0.024472707
alternating,8,16,35,100,46.557867384,46.582031250,0.024163866
alternating,8,16,36,0,43.648000673,43.671875000,0.023874327
alternating,8,16,37,100,47.170000631,47.195312500,0.025311869
alternating,8,16,38,0,44.221875591,44.246093750,0.024218159
alternating,8,16,39,100,47.708008367,47.734375000,0.026366633
alternating,8,16,40,0,44.726257844,44.753906250,0.027648406
alternating,8,16,41,100,48.180866729,48.207031250,0.026164521
alternating,8,16,42,0,45.169562558,45.195312500,0.025749942
alternating,8,16,43,100,48.596464898,48.621093750,0.024628852
alternating,8,16,44,0,45.559185842,45.585937500,0.026751658
alternating,8,16,45,100,48.961736727,48.988281250,0.026544523
alternating,8,16,46,0,45.901628181,45.929687500,0.028059319
alternating,8,16,47,100,49.282776420,49.312500000,0.029723580
alternating,8,16,48,0,46.202602894,46.230468750,0.027865856
alternating,8,16,49,100,49.564940213,49.593750000,0.028809787
alternating,8,16,50,0,46.467131450,46.496093750,0.028962300
alternating,8,16,51,100,49.812935734,49.843750000,0.030814266
alternating,8,16,52,0,46.699627251,46.730468750,0.030841499
alternating,8,16,53,100,50.030900548,50.062500000,0.031599452
alternating,8,16,54,0,46.903969263,46.933593750,0.029624487
alternating,8,16,55,100,50.222471184,50.253906250,0.031435066
alternating,8,16,56,0,47.083566735,47.113281250,0.029714515
alternating,8,16,57,100,50.390843814,50.421875000,0.031031186
alternating,8,16,58,0,47.241416076,47.273437500,0.032021424
alternating,8,16,59,100,50.538827571,50.570312500,0.031484929
alternating,8,16,60,0,47.380150848,47.410156250,0.030005402
alternating,8,16,61,100,50.668891420,50.699218750,0.030327330
alternating,8,16,62,0,47.502085706,47.531250000,0.029164294
alternating,8,16,63,100,50.783205350,50.812500000,0.029294650
alternating,8,16,64,0,47.609255015,47.636718750,0.027463735
alternating,8,16,65,100,50.883676577,50.910156250,0.026479673
alternating,8,16,66,0,47.703446791,47.730468750,0.027021959
alternating,8,16,67,100,50.971981366,51.000000000,0.028018634
alternating,8,16,68,0,47.786232531,47.812500000,0.026267469
alternating,8,16,69,100,51.049592998,51.074218750,0.024625752
alternating,8,16,70,0,47.858993435,47.882812500,0.023819065
alternating,8,16,71,100,51.117806346,51.140625000,0.022818654
alternating,8,16,72,0,47.922943449,47.945312500,0.022369051
alternating,8,16,73,100,51.177759484,51.199218750,0.021459266
alternating,8,16,74,0,47.979149516,48.000000000,0.020850484
alternating,8,16,75,100,51.230452671,51.250000000,0.019547329
alternating,8,16,76,0,48.028549379,48.046875000,0.018325621
alternating,8,16,77,100,51.276765043,51.296875000,0.020109957
alternating,8,16,78,0,48.071967228,48.093750000,0.021782772
alternating,8,16,79,100,51.317469276,51.339843750,0.022374474
alternating,8,16,80,0,48.110127446,48.132812500,0.022685054
alternating,8,16,81,100,51.353244481,51.375000000,0.021755519
alternating,8,16,82,0,48.143666701,48.164062500,0.020395799
alternating,8,16,83,100,51.384687532,51.406250000,0.021562468
alternating,8,16,84,0,48.173144561,48.195312500,0.022167939
alternating,8,16,85,100,51.412323026,51.433593750,0.021270724
alternating,8,16,86,0,48.199052837,48.222656250,0.023603413
alternating,8,16,87,100,51.436612035,51.460937500,0.024325465
alternating,8,16,88,0,48.221823783,48.246093750,0.024269967
alternating,8,16,89,100,51.457959796,51.484375000,0.026415204
alternating,8,16,90,0,48.241837309,48.269531250,0.027693941
alternating,8,16,91,100,51.476722477,51.503906250,0.027183773
alternating,8,16,92,0,48.259427322,48.285156250,0.025728928
alternating,8,16,93,100,51.493213115,51.519531250,0.026318135
alternating,8,16,94,0,48.274887295,48.300781250,0.025893955
alternating,8,16,95,100,51.507706839,51.535156250,0.027449411
alternating,8,16,96,0,48.288475162,48.316406250,0.027931088
alternating,8,16,97,100,51.520445464,51.546875000,0.026429536
alternating,8,16,98,0,48.300417622,48.328125000,0.027707378
alternating,8,16,99,100,51.531641521,51.558593750,0.026952229
alternating,10,8,0,0,0.000000000,0.000000000,0.000000000
alternating,10,8,1,100,12.500000000,12.500000000,0.000000000
alternating,10,8,2,0,10.937500000,10.937500000,0.000000000
alternating,10,8,3,100,22.070312500,22.070312500,0.000000000
alternating,10,8,4,0,19.311523438,19.311523438,0.000000000
alternating,10,8,5,100,29.397583008,29.398437500,0.000854492
alternating,10,8,6,0,25.722885132,25.723632812,0.000747681
alternating,10,8,7,100,35.007524490,35.008789062,0.001264572
alternating,10,8,8,0,30.631583929,30.632812500,0.001228571
alternating,10,8,9,100,39.302635938,39.303710938,0.001075000
alternating,10,8,10,0,34.389806446,34.391601562,0.001795117
alternating,10,8,11,100,42.591080640,42.592773438,0.001692798
alternating,10,8,12,0,37.267195560,37.269531250,0.002335690
alternating,10,8,13,100,45.108796115,45.111328125,0.002532010
alternating,10,8,14,0,39.470196601,39.472656250,0.002459649
alternating,10,8,15,100,47.036422026,47.039062500,0.002640474
alternating,10,8,16,0,41.156869272,41.159179688,0.002310415
alternating,10,8,17,100,48.512260613,48.514648438,0.002387824
alternating,10,8,18,0,42.448228037,42.451171875,0.002943838
alternating,10,8,19,100,49.642199532,49.645507812,0.003308280
alternating,10,8,20,0,43.436924591,43.440429688,0.003505097
alternating,10,8,21,100,50.507309017,50.510742188,0.003433171
alternating,10,8,22,0,44.193895390,44.197265625,0.003370235
alternating,10,8,23,100,51.169658466,51.172851562,0.003193097
alternating,10,8,24,0,44.773451158,44.776367188,0.002916030
alternating,10,8,25,100,51.676769763,51.679687500,0.002917737
alternating,10,8,26,0,45.217173543,45.219726562,0.002553020
alternating,10,8,27,100,52.065026850,52.067382812,0.002355963
alternating,10,8,28,0,45.556898494,45.559570312,0.002671819
alternating,10,8,29,100,52.362286182,52.365234375,0.002948193
alternating,10,8,30,0,45.817000409,45.820312500,0.003312091
alternating,10,8,31,100,52.589875358,52.592773438,0.002898080
alternating,10,8,32,0,46.016140938,46.019531250,0.003390312
alternating,10,8,33,100,52.764123321,52.767578125,0.003454804
alternating,10,8,34,0,46.168607906,46.171875000,0.003267094
alternating,10,8,35,100,52.897531918,52.900390625,0.002858707
alternating,10,8,36,0,46.285340428,46.288085938,0.002745510
alternating,10,8,37,100,52.999672874,53.002929688,0.003256813
alternating,10,8,38,0,46.374713765,46.377929688,0.003215922
alternating,10,8,39,100,53.077874544,53.081054688,0.003180143
alternating,10,8,40,0,46.443140226,46.446289062,0.003148836
alternating,10,8,41,100,53.137747698,53.140625000,0.002877302
alternating,10,8,42,0,46.495529236,46.498046875,0.002517639
alternating,10,8,43,100,53.183588081,53.186523438,0.002935356
alternating,10,8,44,0,46.535639571,46.539062500,0.003422929
alternating,10,8,45,100,53.218684625,53.221679688,0.002995063
alternating,10,8,46,0,46.566349047,46.569335938,0.002986891
alternating,10,8,47,100,53.245555416,53.249023438,0.003468022
alternating,10,8,48,0,46.589860989,46.593750000,0.003889011
alternating,10,8,49,100,53.266128365,53.269531250,0.003402885
alternating,10,8,50,0,46.607862320,46.611328125,0.003465805
alternating,10,8,51,100,53.281879530,53.285156250,0.003276720
alternating,10,8,52,0,46.621644588,46.625000000,0.003355412
alternating,10,8,53,100,53.293939015,53.296875000,0.002935985
alternating,10,8,54,0,46.632196638,46.634765625,0.002568987
alternating,10,8,55,100,53.303172058,53.305664062,0.002492004
alternating,10,8,56,0,46.640275551,46.642578125,0.002302574
alternating,10,8,57,100,53.310241107,53.312500000,0.002258893
alternating,10,8,58,0,46.646460969,46.648437500,0.001976531
alternating,10,8,59,100,53.315653348,53.317382812,0.001729465
alternating,10,8,60,0,46.651196679,46.653320312,0.002123633
alternating,10,8,61,100,53.319797094,53.322265625,0.002468531
alternating,10,8,62,0,46.654822458,46.657226562,0.002404105
alternating,10,8,63,100,53.322969650,53.325195312,0.002225662
alternating,10,8,64,0,46.657598444,46.660156250,0.002557806
alternating,10,8,65,100,53.325398639,53.328125000,0.002726361
alternating,10,8,66,0,46.659723809,46.662109375,0.002385566
alternating,10,8,67,100,53.327258333,53.330078125,0.002819792
alternating,10,8,68,0,46.661351041,46.664062500,0.002711459
alternating,10,8,69,100,53.328682161,53.331054688,0.002372527
alternating,10,8,70,0,46.662596891,46.665039062,0.002442172
alternating,10,8,71,100,53.329772279,53.332031250,0.002258971
alternating,10,8,72,0,46.663550745,46.666015625,0.002464880
alternating,10,8,73,100,53.330606901,53.333007812,0.002400911
alternating,10,8,74,0,46.664281039,46.666992188,0.002711149
alternating,10,8,75,100,53.331245909,53.333984375,0.002738466
alternating,10,8,76,0,46.664840170,46.667968750,0.003128580
alternating,10,8,77,100,53.331735149,53.334960938,0.003225788
alternating,10,8,78,0,46.665268255,46.668945312,0.003677057
alternating,10,8,79,100,53.332109723,53.335937500,0.003827777
alternating,10,8,80,0,46.665596008,46.668945312,0.003349304
alternating,10,8,81,100,53.332396507,53.335937500,0.003540993
alternating,10,8,82,0,46.665846944,46.668945312,0.003098369
alternating,10,8,83,100,53.332616076,53.335937500,0.003321424
alternating,10,8,84,0,46.666039066,46.668945312,0.002906246
alternating,10,8,85,100,53.332784183,53.335937500,0.003153317
alternating,10,8,86,0,46.666186160,46.668945312,0.002759152
alternating,10,8,87,100,53.332912890,53.335937500,0.003024610
alternating,10,8,88,0,46.666298779,46.668945312,0.002646534
alternating,10,8,89,100,53.333011431,53.335937500,0.002926069
alternating,10,8,90,0,46.666385003,46.668945312,0.002560310
alternating,10,8,91,100,53.333086877,53.335937500,0.002850623
alternating,10,8,92,0,46.666451018,46.668945312,0.002494295
alternating,10,8,93,100,53.333144640,53.335937500,0.002792860
alternating,10,8,94,0,46.666501560,46.668945312,0.002443752
alternating,10,8,95,100,53.333188865,53.335937500,0.002748635
alternating,10,8,96,0,46.666540257,46.668945312,0.002405055
alternating,10,8,97,100,53.333222725,53.335937500,0.002714775
alternating,10,8,98,0,46.666569884,46.668945312,0.002375428
alternating,10,8,99,100,53.333248649,53.335937500,0.002688851
alternating,10,16,0,0,0.000000000,0.000000000,0.000000000
alternating,10,16,1,100,6.250000000,6.250000000,0.000000000
alternating,10,16,2,0,5.859375000,5.859375000,0.000000000
alternating,10,16,3,100,11.743164062,11.743164062,0.000000000
alternating,10,16,4,0,11.009216309,11.009765625,0.000549316
alternating,10,16,5,100,16.571140289,16.572265625,0.001125336
alternating,10,16,6,0,15.535444021,15.537109375,0.001665354
alternating,10,16,7,100,20.814478770,20.816406250,0.001927480
alternating,10,16,8,0,19.513573847,19.515625000,0.002051153
alternating,10,16,9,100,24.543975481,24.545898438,0.001922956
alternating,10,16,10,0,23.009977014,23.012695312,0.002718299
alternating,10,16,11,100,27.821853450,27.825195312,0.003341862
alternating,10,16,12,0,26.082987610,26.086914062,0.003926453
alternating,10,16,13,100,30.702800884,30.707031250,0.004230366
alternating,10,16,14,0,28.783875829,28.788085938,0.004210109
alternating,10,16,15,100,33.234883590,33.239257812,0.004374223
alternating,10,16,16,0,31.157703365,31.162109375,0.004406010
alternating,10,16,17,100,35.460346905,35.464843750,0.004496845
alternating,10,16,18,0,33.244075223,33.249023438,0.004948214
alternating,10,16,19,100,37.416320522,37.421875000,0.005554478
alternating,10,16,20,0,35.077800489,35.083007812,0.005207323
alternating,10,16,21,100,39.135437959,39.140625000,0.005187041
alternating,10,16,22,0,36.689473086,36.694335938,0.004862851
alternating,10,16,23,100,40.646381018,40.651367188,0.004986169
alternating,10,16,24,0,38.105982205,38.111328125,0.005345920
alternating,10,16,25,100,41.974358317,41.979492188,0.005133871
alternating,10,16,26,0,39.350960922,39.356445312,0.005484390
alternating,10,16,27,100,43.141525864,43.147460938,0.005935073
alternating,10,16,28,0,40.445180498,40.451171875,0.005991377
alternating,10,16,29,100,44.167356717,44.173828125,0.006471408
alternating,10,16,30,0,41.406896922,41.413085938,0.006189015
alternating,10,16,31,100,45.068965864,45.075195312,0.006229448
alternating,10,16,32,0,42.252155498,42.258789062,0.006633565
alternating,10,16,33,100,45.861395779,45.868164062,0.006768283
alternating,10,16,34,0,42.995058543,43.001953125,0.006894582
alternating,10,16,35,100,46.557867384,46.564453125,0.006585741
alternating,10,16,36,0,43.648000673,43.654296875,0.006296202
alternating,10,16,37,100,47.170000631,47.176757812,0.006757182
alternating,10,16,38,0,44.221875591,44.228515625,0.006640034
alternating,10,16,39,100,47.708008367,47.714843750,0.006835383
alternating,10,16,40,0,44.726257844,44.733398438,0.007140594
alternating,10,16,41,100,48.180866729,48.188476562,0.007609834
alternating,10,16,42,0,45.169562558,45.176757812,0.007195254
alternating,10,16,43,100,48.596464898,48.603515625,0.007050727
alternating,10,16,44,0,45.559185842,45.566406250,0.007220408
alternating,10,16,45,100,48.961736727,48.968750000,0.007013273
alternating,10,16,46,0,45.901628181,45.908203125,0.006574944
alternating,10,16,47,100,49.282776420,49.289062500,0.006286080
alternating,10,16,48,0,46.202602894,46.208984375,0.006381481
alternating,10,16,49,100,49.564940213,49.571289062,0.006348850
alternating,10,16,50,0,46.467131450,46.473632812,0.006501363
alternating,10,16,51,100,49.812935734,49.819335938,0.006400203
alternating,10,16,52,0,46.699627251,46.706054688,0.006427437
alternating,10,16,53,100,50.030900548,50.037109375,0.006208827
alternating,10,16,54,0,46.903969263,46.910156250,0.006186987
alternating,10,16,55,100,50.222471184,50.228515625,0.006044441
alternating,10,16,56,0,47.083566735,47.089843750,0.006277015
alternating,10,16,57,100,50.390843814,50.397460938,0.006617123
alternating,10,16,58,0,47.241416076,47.248046875,0.006630799
alternating,10,16,59,100,50.538827571,50.545898438,0.007070866
alternating,10,16,60,0,47.380150848,47.387695312,0.007544464
alternating,10,16,61,100,50.668891420,50.676757812,0.007866392
alternating,10,16,62,0,47.502085706,47.509765625,0.007679919
alternating,10,16,63,100,50.783205350,50.791015625,0.007810275
alternating,10,16,64,0,47.609255015,47.617187500,0.007932485
alternating,10,16,65,100,50.883676577,50.891601562,0.007924986
alternating,10,16,66,0,47.703446791,47.710937500,0.007490709
alternating,10,16,67,100,50.971981366,50.979492188,0.007510821
alternating,10,16,68,0,47.786232531,47.793945312,0.007712782
alternating,10,16,69,100,51.049592998,51.057617188,0.008024190
alternating,10,16,70,0,47.858993435,47.867187500,0.008194065
alternating,10,16,71,100,51.117806346,51.125976562,0.008170217
alternating,10,16,72,0,47.922943449,47.930664062,0.007720613
alternating,10,16,73,100,51.177759484,51.185546875,0.007787391
alternating,10,16,74,0,47.979149516,47.987304688,0.008155172
alternating,10,16,75,100,51.230452671,51.238281250,0.007828579
alternating,10,16,76,0,48.028549379,48.036132812,0.007583433
alternating,10,16,77,100,51.276765043,51.284179688,0.007414645
alternating,10,16,78,0,48.071967228,48.079101562,0.007134335
alternating,10,16,79,100,51.317469276,51.324218750,0.006749474
alternating,10,16,80,0,48.110127446,48.117187500,0.007060054
alternating,10,16,81,100,51.353244481,51.360351562,0.007107082
alternating,10,16,82,0,48.143666701,48.150390625,0.006723924
alternating,10,16,83,100,51.384687532,51.391601562,0.006914030
alternating,10,16,84,0,48.173144561,48.179687500,0.006542939
alternating,10,16,85,100,51.412323026,51.418945312,0.006622286
alternating,10,16,86,0,48.199052837,48.206054688,0.007001850
alternating,10,16,87,100,51.436612035,51.443359375,0.006747340
alternating,10,16,88,0,48.221823783,48.228515625,0.006691842
alternating,10,16,89,100,51.457959796,51.464843750,0.006883954
alternating,10,16,90,0,48.241837309,48.249023438,0.007186129
alternating,10,16,91,100,51.476722477,51.484375000,0.007652523
alternating,10,16,92,0,48.259427322,48.266601562,0.007174240
alternating,10,16,93,100,51.493213115,51.500000000,0.006786885
alternating,10,16,94,0,48.274887295,48.281250000,0.006362705
alternating,10,16,95,100,51.507706839,51.513671875,0.005965036
alternating,10,16,96,0,48.288475162,48.294921875,0.006446713
alternating,10,16,97,100,51.520445464,51.527343750,0.006898286
alternating,10,16,98,0,48.300417622,48.307617188,0.007199565
alternating,10,16,99,100,51.531641521,51.539062500,0.007420979
