block_size,range_name,trial,max_abs_error,rmse,mean_abs_error
4,small,0,0,0.000000,0.000000
4,small,1,0,0.000000,0.000000
4,small,2,0,0.000000,0.000000
4,small,3,0,0.000000,0.000000
4,small,4,0,0.000000,0.000000
4,small,5,0,0.000000,0.000000
4,small,6,0,0.000000,0.000000
4,small,7,0,0.000000,0.000000
4,small,8,0,0.000000,0.000000
4,small,9,0,0.000000,0.000000
4,small,10,0,0.000000,0.000000
4,small,11,0,0.000000,0.000000
4,small,12,0,0.000000,0.000000
4,small,13,0,0.000000,0.000000
4,small,14,0,0.000000,0.000000
4,small,15,0,0.000000,0.000000
4,small,16,0,0.000000,0.000000
4,small,17,0,0.000000,0.000000
4,small,18,0,0.000000,0.000000
4,small,19,0,0.000000,0.000000
4,small,20,0,0.000000,0.000000
4,small,21,0,0.000000,0.000000
4,small,22,0,0.000000,0.000000
4,small,23,0,0.000000,0.000000
4,small,24,0,0.000000,0.000000
4,small,25,0,0.000000,0.000000
4,small,26,0,0.000000,0.000000
4,small,27,0,0.000000,0.000000
4,small,28,0,0.000000,0.000000
4,small,29,0,0.000000,0.000000
4,small,30,0,0.000000,0.000000
4,small,31,0,0.000000,0.000000
4,small,32,0,0.000000,0.000000
4,small,33,0,0.000000,0.000000
4,small,34,0,0.000000,0.000000
4,small,35,0,0.000000,0.000000
4,small,36,0,0.000000,0.000000
4,small,37,0,0.000000,0.000000
4,small,38,0,0.000000,0.000000
4,small,39,0,0.000000,0.000000
4,small,40,0,0.000000,0.000000
4,small,41,0,0.000000,0.000000
4,small,42,0,0.000000,0.000000
4,small,43,0,0.000000,0.000000
4,small,44,0,0.000000,0.000000
4,small,45,0,0.000000,0.000000
4,small,46,0,0.000000,0.000000
4,small,47,0,0.000000,0.000000
4,small,48,0,0.000000,0.000000
4,small,49,0,0.000000,0.000000
4,small,50,0,0.000000,0.000000
4,small,51,0,0.000000,0.000000
4,small,52,0,0.000000,0.000000
4,small,53,0,0.000000,0.000000
4,small,54,0,0.000000,0.000000
4,small,55,0,0.000000,0.000000
4,small,56,0,0.000000,0.000000
4,small,57,0,0.000000,0.000000
4,small,58,0,0.000000,0.000000
4,small,59,0,0.000000,0.000000
4,small,60,0,0.000000,0.000000
4,small,61,0,0.000000,0.000000
4,small,62,0,0.000000,0.000000
4,small,63,0,0.000000,0.000000
4,small,64,0,0.000000,0.000000
4,small,65,0,0.000000,0.000000
4,small,66,0,0.000000,0.000000
4,small,67,0,0.000000,0.000000
4,small,68,0,0.000000,0.000000
4,small,69,0,0.000000,0.000000
4,small,70,0,0.000000,0.000000
4,small,71,0,0.000000,0.000000
4,small,72,0,0.000000,0.000000
4,small,73,0,0.000000,0.000000
4,small,74,0,0.000000,0.000000
4,small,75,0,0.000000,0.000000
4,small,76,0,0.000000,0.000000
4,small,77,0,0.000000,0.000000
4,small,78,0,0.000000,0.000000
4,small,79,0,0.000000,0.000000
4,small,80,0,0.000000,0.000000
4,small,81,0,0.000000,0.000000
4,small,82,0,0.000000,0.000000
4,small,83,0,0.000000,0.000000
4,small,84,0,0.000000,0.000000
4,small,85,0,0.000000,0.000000
4,small,86,0,0.000000,0.000000
4,small,87,0,0.000000,0.000000
4,small,88,0,0.000000,0.000000
4,small,89,0,0.000000,0.000000
4,small,90,0,0.000000,0.000000
4,small,91,0,0.000000,0.000000
4,small,92,0,0.000000,0.000000
4,small,93,0,0.000000,0.000000
4,small,94,0,0.000000,0.000000
4,small,95,0,0.000000,0.000000
4,small,96,0,0.000000,0.000000
4,small,97,0,0.000000,0.000000
4,small,98,0,0.000000,0.000000
4,small,99,0,0.000000,0.000000
4,small,100,0,0.000000,0.000000
4,small,101,0,0.000000,0.000000
4,small,102,0,0.000000,0.000000
4,small,103,0,0.000000,0.000000
4,small,104,0,0.000000,0.000000
4,small,105,0,0.000000,0.000000
4,small,106,0,0.000000,0.000000
4,small,107,0,0.000000,0.000000
4,small,108,0,0.000000,0.000000
4,small,109,0,0.000000,0.000000
4,small,110,0,0.000000,0.000000
4,small,111,0,0.000000,0.000000
4,small,112,0,0.000000,0.000000
4,small,113,0,0.000000,0.000000
4,small,114,0,0.000000,0.000000
4,small,115,0,0.000000,0.000000
4,small,116,0,0.000000,0.000000
4,small,117,0,0.000000,0.000000
4,small,118,0,0.000000,0.000000
4,small,119,0,0.000000,0.000000
4,small,120,0,0.000000,0.000000
4,small,121,0,0.000000,0.000000
4,small,122,0,0.000000,0.000000
4,small,123,0,0.000000,0.000000
4,small,124,0,0.000000,0.000000
4,small,125,0,0.000000,0.000000
4,small,126,0,0.000000,0.000000
4,small,127,0,0.000000,0.000000
4,small,128,0,0.000000,0.000000
4,small,129,0,0.000000,0.000000
4,small,130,0,0.000000,0.000000
4,small,131,0,0.000000,0.000000
4,small,132,0,0.000000,0.000000
4,small,133,0,0.000000,0.000000
4,small,134,0,0.000000,0.000000
4,small,135,0,0.000000,0.000000
4,small,136,0,0.000000,0.000000
4,small,137,0,0.000000,0.000000
4,small,138,0,0.000000,0.000000
4,small,139,0,0.000000,0.000000
4,small,140,0,0.000000,0.000000
4,small,141,0,0.000000,0.000000
4,small,142,0,0.000000,0.000000
4,small,143,0,0.000000,0.000000
4,small,144,0,0.000000,0.000000
4,small,145,0,0.000000,0.000000
4,small,146,0,0.000000,0.000000
4,small,147,0,0.000000,0.000000
4,small,148,0,0.000000,0.000000
4,small,149,0,0.000000,0.000000
4,small,150,0,0.000000,0.000000
4,small,151,0,0.000000,0.000000
4,small,152,0,0.000000,0.000000
4,small,153,0,0.000000,0.000000
4,small,154,0,0.000000,0.000000
4,small,155,0,0.000000,0.000000
4,small,156,0,0.000000,0.000000
4,small,157,0,0.000000,0.000000
4,small,158,0,0.000000,0.000000
4,small,159,0,0.000000,0.000000
4,small,160,0,0.000000,0.000000
4,small,161,0,0.000000,0.000000
4,small,162,0,0.000000,0.000000
4,small,163,0,0.000000,0.000000
4,small,164,0,0.000000,0.000000
4,small,165,0,0.000000,0.000000
4,small,166,0,0.000000,0.000000
4,small,167,0,0.000000,0.000000
4,small,168,0,0.000000,0.000000
4,small,169,0,0.000000,0.000000
4,small,170,0,0.000000,0.000000
4,small,171,0,0.000000,0.000000
4,small,172,0,0.000000,0.000000
4,small,173,0,0.000000,0.000000
4,small,174,0,0.000000,0.000000
4,small,175,0,0.000000,0.000000
4,small,176,0,0.000000,0.000000
4,small,177,0,0.000000,0.000000
4,small,178,0,0.000000,0.000000
4,small,179,0,0.000000,0.000000
4,small,180,0,0.000000,0.000000
4,small,181,0,0.000000,0.000000
4,small,182,0,0.000000,0.000000
4,small,183,0,0.000000,0.000000
4,small,184,0,0.000000,0.000000
4,small,185,0,0.000000,0.000000
4,small,186,0,0.000000,0.000000
4,small,187,0,0.000000,0.000000
4,small,188,0,0.000000,0.000000
4,small,189,0,0.000000,0.000000
4,small,190,0,0.000000,0.000000
4,small,191,0,0.000000,0.000000
4,small,192,0,0.000000,0.000000
4,small,193,0,0.000000,0.000000
4,small,194,0,0.000000,0.000000
4,small,195,0,0.000000,0.000000
4,small,196,0,0.000000,0.000000
4,small,197,0,0.000000,0.000000
4,small,198,0,0.000000,0.000000
4,small,199,0,0.000000,0.000000
4,small,200,0,0.000000,0.000000
4,small,201,0,0.000000,0.000000
4,small,202,0,0.000000,0.000000
4,small,203,0,0.000000,0.000000
4,small,204,0,0.000000,0.000000
4,small,205,0,0.000000,0.000000
4,small,206,0,0.000000,0.000000
4,small,207,0,0.000000,0.000000
4,small,208,0,0.000000,0.000000
4,small,209,0,0.000000,0.000000
4,small,210,0,0.000000,0.000000
4,small,211,0,0.000000,0.000000
4,small,212,0,0.000000,0.000000
4,small,213,0,0.000000,0.000000
4,small,214,0,0.000000,0.000000
4,small,215,0,0.000000,0.000000
4,small,216,0,0.000000,0.000000
4,small,217,0,0.000000,0.000000
4,small,218,0,0.000000,0.000000
4,small,219,0,0.000000,0.000000
4,small,220,0,0.000000,0.000000
4,small,221,0,0.000000,0.000000
4,small,222,0,0.000000,0.000000
4,small,223,0,0.000000,0.000000
4,small,224,0,0.000000,0.000000
4,small,225,0,0.000000,0.000000
4,small,226,0,0.000000,0.000000
4,small,227,0,0.000000,0.000000
4,small,228,0,0.000000,0.000000
4,small,229,0,0.000000,0.000000
4,small,230,0,0.000000,0.000000
4,small,231,0,0.000000,0.000000
4,small,232,0,0.000000,0.000000
4,small,233,0,0.000000,0.000000
4,small,234,0,0.000000,0.000000
4,small,235,0,0.000000,0.000000
4,small,236,0,0.000000,0.000000
4,small,237,0,0.000000,0.000000
4,small,238,0,0.000000,0.000000
4,small,239,0,0.000000,0.000000
4,small,240,0,0.000000,0.000000
4,small,241,0,0.000000,0.000000
4,small,242,0,0.000000,0.000000
4,small,243,0,0.000000,0.000000
4,small,244,0,0.000000,0.000000
4,small,245,0,0.000000,0.000000
4,small,246,0,0.000000,0.000000
4,small,247,0,0.000000,0.000000
4,small,248,0,0.000000,0.000000
4,small,249,0,0.000000,0.000000
4,small,250,0,0.000000,0.000000
4,small,251,0,0.000000,0.000000
4,small,252,0,0.000000,0.000000
4,small,253,0,0.000000,0.000000
4,small,254,0,0.000000,0.000000
4,small,255,0,0.000000,0.000000
4,small,256,0,0.000000,0.000000
4,small,257,0,0.000000,0.000000
4,small,258,0,0.000000,0.000000
4,small,259,0,0.000000,0.000000
4,small,260,0,0.000000,0.000000
4,small,261,0,0.000000,0.000000
4,small,262,0,0.000000,0.000000
4,small,263,0,0.000000,0.000000
4,small,264,0,0.000000,0.000000
4,small,265,0,0.000000,0.000000
4,small,266,0,0.000000,0.000000
4,small,267,0,0.000000,0.000000
4,small,268,0,0.000000,0.000000
4,small,269,0,0.000000,0.000000
4,small,270,0,0.000000,0.000000
4,small,271,0,0.000000,0.000000
4,small,272,0,0.000000,0.000000
4,small,273,0,0.000000,0.000000
4,small,274,0,0.000000,0.000000
4,small,275,0,0.000000,0.000000
4,small,276,0,0.000000,0.000000
4,small,277,0,0.000000,0.000000
4,small,278,0,0.000000,0.000000
4,small,279,0,0.000000,0.000000
4,small,280,0,0.000000,0.000000
4,small,281,0,0.000000,0.000000
4,small,282,0,0.000000,0.000000
4,small,283,0,0.000000,0.000000
4,small,284,0,0.000000,0.000000
4,small,285,0,0.000000,0.000000
4,small,286,0,0.000000,0.000000
4,small,287,0,0.000000,0.000000
4,small,288,0,0.000000,0.000000
4,small,289,0,0.000000,0.000000
4,small,290,0,0.000000,0.000000
4,small,291,0,0.000000,0.000000
4,small,292,0,0.000000,0.000000
4,small,293,0,0.000000,0.000000
4,small,294,1,0.250000,0.062500
4,small,295,0,0.000000,0.000000
4,small,296,0,0.000000,0.000000
4,small,297,0,0.000000,0.000000
4,small,298,0,0.000000,0.000000
4,small,299,0,0.000000,0.000000
4,small,300,0,0.000000,0.000000
4,small,301,0,0.000000,0.000000
4,small,302,0,0.000000,0.000000
4,small,303,0,0.000000,0.000000
4,small,304,0,0.000000,0.000000
4,small,305,0,0.000000,0.000000
4,small,306,0,0.000000,0.000000
4,small,307,0,0.000000,0.000000
4,small,308,0,0.000000,0.000000
4,small,309,0,0.000000,0.000000
4,small,310,0,0.000000,0.000000
4,small,311,0,0.000000,0.000000
4,small,312,0,0.000000,0.000000
4,small,313,0,0.000000,0.000000
4,small,314,0,0.000000,0.000000
4,small,315,0,0.000000,0.000000
4,small,316,0,0.000000,0.000000
4,small,317,0,0.000000,0.000000
4,small,318,0,0.000000,0.000000
4,small,319,0,0.000000,0.000000
4,small,320,0,0.000000,0.000000
4,small,321,0,0.000000,0.000000
4,small,322,0,0.000000,0.000000
4,small,323,0,0.000000,0.000000
4,small,324,0,0.000000,0.000000
4,small,325,0,0.000000,0.000000
4,small,326,0,0.000000,0.000000
4,small,327,0,0.000000,0.000000
4,small,328,0,0.000000,0.000000
4,small,329,0,0.000000,0.000000
4,small,330,0,0.000000,0.000000
4,small,331,0,0.000000,0.000000
4,small,332,1,0.250000,0.062500
4,small,333,0,0.000000,0.000000
4,small,334,0,0.000000,0.000000
4,small,335,0,0.000000,0.000000
4,small,336,0,0.000000,0.000000
4,small,337,0,0.000000,0.000000
4,small,338,0,0.000000,0.000000
4,small,339,0,0.000000,0.000000
4,small,340,0,0.000000,0.000000
4,small,341,0,0.000000,0.000000
4,small,342,0,0.000000,0.000000
4,small,343,0,0.000000,0.000000
4,small,344,0,0.000000,0.000000
4,small,345,0,0.000000,0.000000
4,small,346,0,0.000000,0.000000
4,small,347,0,0.000000,0.000000
4,small,348,0,0.000000,0.000000
4,small,349,0,0.000000,0.000000
4,small,350,0,0.000000,0.000000
4,small,351,0,0.000000,0.000000
4,small,352,0,0.000000,0.000000
4,small,353,0,0.000000,0.000000
4,small,354,0,0.000000,0.000000
4,small,355,0,0.000000,0.000000
4,small,356,0,0.000000,0.000000
4,small,357,0,0.000000,0.000000
4,small,358,0,0.000000,0.000000
4,small,359,0,0.000000,0.000000
4,small,360,0,0.000000,0.000000
4,small,361,0,0.000000,0.000000
4,small,362,0,0.000000,0.000000
4,small,363,0,0.000000,0.000000
4,small,364,0,0.000000,0.000000
4,small,365,0,0.000000,0.000000
4,small,366,0,0.000000,0.000000
4,small,367,0,0.000000,0.000000
4,small,368,0,0.000000,0.000000
4,small,369,0,0.000000,0.000000
4,small,370,0,0.000000,0.000000
4,small,371,0,0.000000,0.000000
4,small,372,0,0.000000,0.000000
4,small,373,0,0.000000,0.000000
4,small,374,0,0.000000,0.000000
4,small,375,0,0.000000,0.000000
4,small,376,0,0.000000,0.000000
4,small,377,0,0.000000,0.000000
4,small,378,0,0.000000,0.000000
4,small,379,0,0.000000,0.000000
4,small,380,0,0.000000,0.000000
4,small,381,0,0.000000,0.000000
4,small,382,0,0.000000,0.000000
4,small,383,0,0.000000,0.000000
4,small,384,0,0.000000,0.000000
4,small,385,0,0.000000,0.000000
4,small,386,0,0.000000,0.000000
4,small,387,0,0.000000,0.000000
4,small,388,0,0.000000,0.000000
4,small,389,0,0.000000,0.000000
4,small,390,0,0.000000,0.000000
4,small,391,0,0.000000,0.000000
4,small,392,0,0.000000,0.000000
4,small,393,0,0.000000,0.000000
4,small,394,0,0.000000,0.000000
4,small,395,0,0.000000,0.000000
4,small,396,0,0.000000,0.000000
4,small,397,0,0.000000,0.000000
4,small,398,0,0.000000,0.000000
4,small,399,0,0.000000,0.000000
4,small,400,0,0.000000,0.000000
4,small,401,0,0.000000,0.000000
4,small,402,0,0.000000,0.000000
4,small,403,0,0.000000,0.000000
4,small,404,0,0.000000,0.000000
4,small,405,0,0.000000,0.000000
4,small,406,0,0.000000,0.000000
4,small,407,0,0.000000,0.000000
4,small,408,0,0.000000,0.000000
4,small,409,0,0.000000,0.000000
4,small,410,0,0.000000,0.000000
4,small,411,0,0.000000,0.000000
4,small,412,0,0.000000,0.000000
4,small,413,0,0.000000,0.000000
4,small,414,0,0.000000,0.000000
4,small,415,0,0.000000,0.000000
4,small,416,0,0.000000,0.000000
4,small,417,0,0.000000,0.000000
4,small,418,0,0.000000,0.000000
4,small,419,0,0.000000,0.000000
4,small,420,0,0.000000,0.000000
4,small,421,0,0.000000,0.000000
4,small,422,0,0.000000,0.000000
4,small,423,0,0.000000,0.000000
4,small,424,0,0.000000,0.000000
4,small,425,0,0.000000,0.000000
4,small,426,0,0.000000,0.000000
4,small,427,0,0.000000,0.000000
4,small,428,0,0.000000,0.000000
4,small,429,0,0.000000,0.000000
4,small,430,0,0.000000,0.000000
4,small,431,0,0.000000,0.000000
4,small,432,0,0.000000,0.000000
4,small,433,0,0.000000,0.000000
4,small,434,0,0.000000,0.000000
4,small,435,0,0.000000,0.000000
4,small,436,0,0.000000,0.000000
4,small,437,1,0.250000,0.062500
4,small,438,0,0.000000,0.000000
4,small,439,0,0.000000,0.000000
4,small,440,0,0.000000,0.000000
4,small,441,0,0.000000,0.000000
4,small,442,0,0.000000,0.000000
4,small,443,0,0.000000,0.000000
4,small,444,0,0.000000,0.000000
4,small,445,0,0.000000,0.000000
4,small,446,0,0.000000,0.000000
4,small,447,0,0.000000,0.000000
4,small,448,0,0.000000,0.000000
4,small,449,0,0.000000,0.000000
4,small,450,0,0.000000,0.000000
4,small,451,0,0.000000,0.000000
4,small,452,0,0.000000,0.000000
4,small,453,0,0.000000,0.000000
4,small,454,0,0.000000,0.000000
4,small,455,0,0.000000,0.000000
4,small,456,0,0.000000,0.000000
4,small,457,0,0.000000,0.000000
4,small,458,0,0.000000,0.000000
4,small,459,0,0.000000,0.000000
4,small,460,0,0.000000,0.000000
4,small,461,0,0.000000,0.000000
4,small,462,0,0.000000,0.000000
4,small,463,0,0.000000,0.000000
4,small,464,0,0.000000,0.000000
4,small,465,0,0.000000,0.000000
4,small,466,0,0.000000,0.000000
4,small,467,0,0.000000,0.000000
4,small,468,0,0.000000,0.000000
4,small,469,0,0.000000,0.000000
4,small,470,0,0.000000,0.000000
4,small,471,0,0.000000,0.000000
4,small,472,0,0.000000,0.000000
4,small,473,0,0.000000,0.000000
4,small,474,0,0.000000,0.000000
4,small,475,0,0.000000,0.000000
4,small,476,0,0.000000,0.000000
4,small,477,0,0.000000,0.000000
4,small,478,0,0.000000,0.000000
4,small,479,0,0.000000,0.000000
4,small,480,0,0.000000,0.000000
4,small,481,0,0.000000,0.000000
4,small,482,0,0.000000,0.000000
4,small,483,0,0.000000,0.000000
4,small,484,0,0.000000,0.000000
4,small,485,0,0.000000,0.000000
4,small,486,0,0.000000,0.000000
4,small,487,0,0.000000,0.000000
4,small,488,0,0.000000,0.000000
4,small,489,0,0.000000,0.000000
4,small,490,0,0.000000,0.000000
4,small,491,0,0.000000,0.000000
4,small,492,0,0.000000,0.000000
4,small,493,0,0.000000,0.000000
4,small,494,0,0.000000,0.000000
4,small,495,0,0.000000,0.000000
4,small,496,0,0.000000,0.000000
4,small,497,0,0.000000,0.000000
4,small,498,0,0.000000,0.000000
4,small,499,0,0.000000,0.000000
4,small,500,0,0.000000,0.000000
4,small,501,0,0.000000,0.000000
4,small,502,0,0.000000,0.000000
4,small,503,0,0.000000,0.000000
4,small,504,0,0.000000,0.000000
4,small,505,0,0.000000,0.000000
4,small,506,0,0.000000,0.000000
4,small,507,0,0.000000,0.000000
4,small,508,0,0.000000,0.000000
4,small,509,0,0.000000,0.000000
4,small,510,0,0.000000,0.000000
4,small,511,0,0.000000,0.000000
4,small,512,0,0.000000,0.000000
4,small,513,0,0.000000,0.000000
4,small,514,0,0.000000,0.000000
4,small,515,0,0.000000,0.000000
4,small,516,0,0.000000,0.000000
4,small,517,0,0.000000,0.000000
4,small,518,0,0.000000,0.000000
4,small,519,0,0.000000,0.000000
4,small,520,0,0.000000,0.000000
4,small,521,0,0.000000,0.000000
4,small,522,0,0.000000,0.000000
4,small,523,0,0.000000,0.000000
4,small,524,0,0.000000,0.000000
4,small,525,0,0.000000,0.000000
4,small,526,0,0.000000,0.000000
4,small,527,0,0.000000,0.000000
4,small,528,0,0.000000,0.000000
4,small,529,0,0.000000,0.000000
4,small,530,0,0.000000,0.000000
4,small,531,0,0.000000,0.000000
4,small,532,0,0.000000,0.000000
4,small,533,0,0.000000,0.000000
4,small,534,0,0.000000,0.000000
4,small,535,0,0.000000,0.000000
4,small,536,0,0.000000,0.000000
4,small,537,0,0.000000,0.000000
4,small,538,0,0.000000,0.000000
4,small,539,0,0.000000,0.000000
4,small,540,0,0.000000,0.000000
4,small,541,0,0.000000,0.000000
4,small,542,0,0.000000,0.000000
4,small,543,0,0.000000,0.000000
4,small,544,0,0.000000,0.000000
4,small,545,0,0.000000,0.000000
4,small,546,0,0.000000,0.000000
4,small,547,0,0.000000,0.000000
4,small,548,0,0.000000,0.000000
4,small,549,0,0.000000,0.000000
4,small,550,0,0.000000,0.000000
4,small,551,0,0.000000,0.000000
4,small,552,0,0.000000,0.000000
4,small,553,0,0.000000,0.000000
4,small,554,0,0.000000,0.000000
4,small,555,0,0.000000,0.000000
4,small,556,0,0.000000,0.000000
4,small,557,0,0.000000,0.000000
4,small,558,0,0.000000,0.000000
4,small,559,0,0.000000,0.000000
4,small,560,0,0.000000,0.000000
4,small,561,0,0.000000,0.000000
4,small,562,0,0.000000,0.000000
4,small,563,0,0.000000,0.000000
4,small,564,0,0.000000,0.000000
4,small,565,0,0.000000,0.000000
4,small,566,0,0.000000,0.000000
4,small,567,0,0.000000,0.000000
4,small,568,0,0.000000,0.000000
4,small,569,0,0.000000,0.000000
4,small,570,0,0.000000,0.000000
4,small,571,0,0.000000,0.000000
4,small,572,0,0.000000,0.000000
4,small,573,0,0.000000,0.000000
4,small,574,0,0.000000,0.000000
4,small,575,0,0.000000,0.000000
4,small,576,0,0.000000,0.000000
4,small,577,0,0.000000,0.000000
4,small,578,0,0.000000,0.000000
4,small,579,0,0.000000,0.000000
4,small,580,0,0.000000,0.000000
4,small,581,0,0.000000,0.000000
4,small,582,0,0.000000,0.000000
4,small,583,0,0.000000,0.000000
4,small,584,0,0.000000,0.000000
4,small,585,0,0.000000,0.000000
4,small,586,0,0.000000,0.000000
4,small,587,0,0.000000,0.000000
4,small,588,0,0.000000,0.000000
4,small,589,0,0.000000,0.000000
4,small,590,0,0.000000,0.000000
4,small,591,0,0.000000,0.000000
4,small,592,0,0.000000,0.000000
4,small,593,0,0.000000,0.000000
4,small,594,0,0.000000,0.000000
4,small,595,0,0.000000,0.000000
4,small,596,0,0.000000,0.000000
4,small,597,0,0.000000,0.000000
4,small,598,0,0.000000,0.000000
4,small,599,0,0.000000,0.000000
4,small,600,0,0.000000,0.000000
4,small,601,0,0.000000,0.000000
4,small,602,0,0.000000,0.000000
4,small,603,0,0.000000,0.000000
4,small,604,0,0.000000,0.000000
4,small,605,0,0.000000,0.000000
4,small,606,0,0.000000,0.000000
4,small,607,0,0.000000,0.000000
4,small,608,0,0.000000,0.000000
4,small,609,0,0.000000,0.000000
4,small,610,0,0.000000,0.000000
4,small,611,0,0.000000,0.000000
4,small,612,0,0.000000,0.000000
4,small,613,0,0.000000,0.000000
4,small,614,0,0.000000,0.000000
4,small,615,0,0.000000,0.000000
4,small,616,0,0.000000,0.000000
4,small,617,0,0.000000,0.000000
4,small,618,0,0.000000,0.000000
4,small,619,0,0.000000,0.000000
4,small,620,0,0.000000,0.000000
4,small,621,0,0.000000,0.000000
4,small,622,0,0.000000,0.000000
4,small,623,0,0.000000,0.000000
4,small,624,0,0.000000,0.000000
4,small,625,0,0.000000,0.000000
4,small,626,0,0.000000,0.000000
4,small,627,0,0.000000,0.000000
4,small,628,0,0.000000,0.000000
4,small,629,0,0.000000,0.000000
4,small,630,0,0.000000,0.000000
4,small,631,0,0.000000,0.000000
4,small,632,0,0.000000,0.000000
4,small,633,0,0.000000,0.000000
4,small,634,0,0.000000,0.000000
4,small,635,0,0.000000,0.000000
4,small,636,0,0.000000,0.000000
4,small,637,0,0.000000,0.000000
4,small,638,0,0.000000,0.000000
4,small,639,0,0.000000,0.000000
4,small,640,0,0.000000,0.000000
4,small,641,0,0.000000,0.000000
4,small,642,0,0.000000,0.000000
4,small,643,0,0.000000,0.000000
4,small,644,1,0.250000,0.062500
4,small,645,0,0.000000,0.000000
4,small,646,0,0.000000,0.000000
4,small,647,0,0.000000,0.000000
4,small,648,0,0.000000,0.000000
4,small,649,0,0.000000,0.000000
4,small,650,0,0.000000,0.000000
4,small,651,0,0.000000,0.000000
4,small,652,0,0.000000,0.000000
4,small,653,0,0.000000,0.000000
4,small,654,0,0.000000,0.000000
4,small,655,0,0.000000,0.000000
4,small,656,0,0.000000,0.000000
4,small,657,0,0.000000,0.000000
4,small,658,0,0.000000,0.000000
4,small,659,0,0.000000,0.000000
4,small,660,0,0.000000,0.000000
4,small,661,0,0.000000,0.000000
4,small,662,0,0.000000,0.000000
4,small,663,0,0.000000,0.000000
4,small,664,0,0.000000,0.000000
4,small,665,0,0.000000,0.000000
4,small,666,0,0.000000,0.000000
4,small,667,0,0.000000,0.000000
4,small,668,0,0.000000,0.000000
4,small,669,0,0.000000,0.000000
4,small,670,0,0.000000,0.000000
4,small,671,0,0.000000,0.000000
4,small,672,0,0.000000,0.000000
4,small,673,0,0.000000,0.000000
4,small,674,0,0.000000,0.000000
4,small,675,0,0.000000,0.000000
4,small,676,0,0.000000,0.000000
4,small,677,0,0.000000,0.000000
4,small,678,0,0.000000,0.000000
4,small,679,0,0.000000,0.000000
4,small,680,0,0.000000,0.000000
4,small,681,0,0.000000,0.000000
4,small,682,0,0.000000,0.000000
4,small,683,0,0.000000,0.000000
4,small,684,0,0.000000,0.000000
4,small,685,0,0.000000,0.000000
4,small,686,0,0.000000,0.000000
4,small,687,0,0.000000,0.000000
4,small,688,0,0.000000,0.000000
4,small,689,0,0.000000,0.000000
4,small,690,0,0.000000,0.000000
4,small,691,0,0.000000,0.000000
4,small,692,0,0.000000,0.000000
4,small,693,0,0.000000,0.000000
4,small,694,0,0.000000,0.000000
4,small,695,0,0.000000,0.000000
4,small,696,0,0.000000,0.000000
4,small,697,0,0.000000,0.000000
4,small,698,0,0.000000,0.000000
4,small,699,0,0.000000,0.000000
4,small,700,0,0.000000,0.000000
4,small,701,0,0.000000,0.000000
4,small,702,0,0.000000,0.000000
4,small,703,0,0.000000,0.000000
4,small,704,0,0.000000,0.000000
4,small,705,0,0.000000,0.000000
4,small,706,0,0.000000,0.000000
4,small,707,0,0.000000,0.000000
4,small,708,0,0.000000,0.000000
4,small,709,0,0.000000,0.000000
4,small,710,0,0.000000,0.000000
4,small,711,0,0.000000,0.000000
4,small,712,0,0.000000,0.000000
4,small,713,0,0.000000,0.000000
4,small,714,0,0.000000,0.000000
4,small,715,0,0.000000,0.000000
4,small,716,0,0.000000,0.000000
4,small,717,0,0.000000,0.000000
4,small,718,0,0.000000,0.000000
4,small,719,0,0.000000,0.000000
4,small,720,0,0.000000,0.000000
4,small,721,0,0.000000,0.000000
4,small,722,0,0.000000,0.000000
4,small,723,0,0.000000,0.000000
4,small,724,0,0.000000,0.000000
4,small,725,0,0.000000,0.000000
4,small,726,0,0.000000,0.000000
4,small,727,0,0.000000,0.000000
4,small,728,0,0.000000,0.000000
4,small,729,0,0.000000,0.000000
4,small,730,0,0.000000,0.000000
4,small,731,0,0.000000,0.000000
4,small,732,0,0.000000,0.000000
4,small,733,0,0.000000,0.000000
4,small,734,0,0.000000,0.000000
4,small,735,0,0.000000,0.000000
4,small,736,0,0.000000,0.000000
4,small,737,0,0.000000,0.000000
4,small,738,0,0.000000,0.000000
4,small,739,0,0.000000,0.000000
4,small,740,0,0.000000,0.000000
4,small,741,0,0.000000,0.000000
4,small,742,0,0.000000,0.000000
4,small,743,0,0.000000,0.000000
4,small,744,0,0.000000,0.000000
4,small,745,0,0.000000,0.000000
4,small,746,0,0.000000,0.000000
4,small,747,0,0.000000,0.000000
4,small,748,0,0.000000,0.000000
4,small,749,0,0.000000,0.000000
4,small,750,0,0.000000,0.000000
4,small,751,0,0.000000,0.000000
4,small,752,0,0.000000,0.000000
4,small,753,0,0.000000,0.000000
4,small,754,0,0.000000,0.000000
4,small,755,0,0.000000,0.000000
4,small,756,0,0.000000,0.000000
4,small,757,0,0.000000,0.000000
4,small,758,0,0.000000,0.000000
4,small,759,0,0.000000,0.000000
4,small,760,0,0.000000,0.000000
4,small,761,0,0.000000,0.000000
4,small,762,0,0.000000,0.000000
4,small,763,0,0.000000,0.000000
4,small,764,0,0.000000,0.000000
4,small,765,0,0.000000,0.000000
4,small,766,0,0.000000,0.000000
4,small,767,0,0.000000,0.000000
4,small,768,0,0.000000,0.000000
4,small,769,0,0.000000,0.000000
4,small,770,0,0.000000,0.000000
4,small,771,0,0.000000,0.000000
4,small,772,0,0.000000,0.000000
4,small,773,0,0.000000,0.000000
4,small,774,0,0.000000,0.000000
4,small,775,0,0.000000,0.000000
4,small,776,0,0.000000,0.000000
4,small,777,0,0.000000,0.000000
4,small,778,0,0.000000,0.000000
4,small,779,0,0.000000,0.000000
4,small,780,0,0.000000,0.000000
4,small,781,0,0.000000,0.000000
4,small,782,0,0.000000,0.000000
4,small,783,0,0.000000,0.000000
4,small,784,0,0.000000,0.000000
4,small,785,0,0.000000,0.000000
4,small,786,0,0.000000,0.000000
4,small,787,0,0.000000,0.000000
4,small,788,0,0.000000,0.000000
4,small,789,0,0.000000,0.000000
4,small,790,0,0.000000,0.000000
4,small,791,0,0.000000,0.000000
4,small,792,0,0.000000,0.000000
4,small,793,0,0.000000,0.000000
4,small,794,0,0.000000,0.000000
4,small,795,0,0.000000,0.000000
4,small,796,0,0.000000,0.000000
4,small,797,0,0.000000,0.000000
4,small,798,0,0.000000,0.000000
4,small,799,0,0.000000,0.000000
4,small,800,0,0.000000,0.000000
4,small,801,0,0.000000,0.000000
4,small,802,0,0.000000,0.000000
4,small,803,0,0.000000,0.000000
4,small,804,0,0.000000,0.000000
4,small,805,0,0.000000,0.000000
4,small,806,0,0.000000,0.000000
4,small,807,0,0.000000,0.000000
4,small,808,0,0.000000,0.000000
4,small,809,0,0.000000,0.000000
4,small,810,0,0.000000,0.000000
4,small,811,0,0.000000,0.000000
4,small,812,0,0.000000,0.000000
4,small,813,0,0.000000,0.000000
4,small,814,0,0.000000,0.000000
4,small,815,0,0.000000,0.000000
4,small,816,0,0.000000,0.000000
4,small,817,0,0.000000,0.000000
4,small,818,0,0.000000,0.000000
4,small,819,0,0.000000,0.000000
4,small,820,0,0.000000,0.000000
4,small,821,0,0.000000,0.000000
4,small,822,0,0.000000,0.000000
4,small,823,0,0.000000,0.000000
4,small,824,0,0.000000,0.000000
4,small,825,0,0.000000,0.000000
4,small,826,0,0.000000,0.000000
4,small,827,0,0.000000,0.000000
4,small,828,0,0.000000,0.000000
4,small,829,0,0.000000,0.000000
4,small,830,0,0.000000,0.000000
4,small,831,0,0.000000,0.000000
4,small,832,0,0.000000,0.000000
4,small,833,0,0.000000,0.000000
4,small,834,0,0.000000,0.000000
4,small,835,0,0.000000,0.000000
4,small,836,0,0.000000,0.000000
4,small,837,0,0.000000,0.000000
4,small,838,0,0.000000,0.000000
4,small,839,0,0.000000,0.000000
4,small,840,0,0.000000,0.000000
4,small,841,0,0.000000,0.000000
4,small,842,1,0.250000,0.062500
4,small,843,0,0.000000,0.000000
4,small,844,0,0.000000,0.000000
4,small,845,0,0.000000,0.000000
4,small,846,0,0.000000,0.000000
4,small,847,0,0.000000,0.000000
4,small,848,0,0.000000,0.000000
4,small,849,0,0.000000,0.000000
4,small,850,0,0.000000,0.000000
4,small,851,0,0.000000,0.000000
4,small,852,0,0.000000,0.000000
4,small,853,0,0.000000,0.000000
4,small,854,0,0.000000,0.000000
4,small,855,0,0.000000,0.000000
4,small,856,0,0.000000,0.000000
4,small,857,0,0.000000,0.000000
4,small,858,0,0.000000,0.000000
4,small,859,0,0.000000,0.000000
4,small,860,0,0.000000,0.000000
4,small,861,0,0.000000,0.000000
4,small,862,0,0.000000,0.000000
4,small,863,0,0.000000,0.000000
4,small,864,0,0.000000,0.000000
4,small,865,0,0.000000,0.000000
4,small,866,0,0.000000,0.000000
4,small,867,0,0.000000,0.000000
4,small,868,0,0.000000,0.000000
4,small,869,0,0.000000,0.000000
4,small,870,0,0.000000,0.000000
4,small,871,0,0.000000,0.000000
4,small,872,0,0.000000,0.000000
4,small,873,0,0.000000,0.000000
4,small,874,0,0.000000,0.000000
4,small,875,0,0.000000,0.000000
4,small,876,0,0.000000,0.000000
4,small,877,0,0.000000,0.000000
4,small,878,0,0.000000,0.000000
4,small,879,0,0.000000,0.000000
4,small,880,0,0.000000,0.000000
4,small,881,0,0.000000,0.000000
4,small,882,0,0.000000,0.000000
4,small,883,0,0.000000,0.000000
4,small,884,0,0.000000,0.000000
4,small,885,0,0.000000,0.000000
4,small,886,0,0.000000,0.000000
4,small,887,0,0.000000,0.000000
4,small,888,0,0.000000,0.000000
4,small,889,0,0.000000,0.000000
4,small,890,0,0.000000,0.000000
4,small,891,0,0.000000,0.000000
4,small,892,0,0.000000,0.000000
4,small,893,0,0.000000,0.000000
4,small,894,0,0.000000,0.000000
4,small,895,0,0.000000,0.000000
4,small,896,0,0.000000,0.000000
4,small,897,0,0.000000,0.000000
4,small,898,0,0.000000,0.000000
4,small,899,0,0.000000,0.000000
4,small,900,0,0.000000,0.000000
4,small,901,0,0.000000,0.000000
4,small,902,0,0.000000,0.000000
4,small,903,0,0.000000,0.000000
4,small,904,0,0.000000,0.000000
4,small,905,0,0.000000,0.000000
4,small,906,0,0.000000,0.000000
4,small,907,0,0.000000,0.000000
4,small,908,0,0.000000,0.000000
4,small,909,0,0.000000,0.000000
4,small,910,0,0.000000,0.000000
4,small,911,0,0.000000,0.000000
4,small,912,0,0.000000,0.000000
4,small,913,0,0.000000,0.000000
4,small,914,0,0.000000,0.000000
4,small,915,0,0.000000,0.000000
4,small,916,0,0.000000,0.000000
4,small,917,0,0.000000,0.000000
4,small,918,0,0.000000,0.000000
4,small,919,0,0.000000,0.000000
4,small,920,0,0.000000,0.000000
4,small,921,0,0.000000,0.000000
4,small,922,0,0.000000,0.000000
4,small,923,0,0.000000,0.000000
4,small,924,0,0.000000,0.000000
4,small,925,0,0.000000,0.000000
4,small,926,0,0.000000,0.000000
4,small,927,0,0.000000,0.000000
4,small,928,0,0.000000,0.000000
4,small,929,0,0.000000,0.000000
4,small,930,0,0.000000,0.000000
4,small,931,0,0.000000,0.000000
4,small,932,0,0.000000,0.000000
4,small,933,0,0.000000,0.000000
4,small,934,0,0.000000,0.000000
4,small,935,0,0.000000,0.000000
4,small,936,0,0.000000,0.000000
4,small,937,0,0.000000,0.000000
4,small,938,0,0.000000,0.000000
4,small,939,0,0.000000,0.000000
4,small,940,0,0.000000,0.000000
4,small,941,0,0.000000,0.000000
4,small,942,0,0.000000,0.000000
4,small,943,0,0.000000,0.000000
4,small,944,0,0.000000,0.000000
4,small,945,0,0.000000,0.000000
4,small,946,0,0.000000,0.000000
4,small,947,0,0.000000,0.000000
4,small,948,0,0.000000,0.000000
4,small,949,0,0.000000,0.000000
4,small,950,0,0.000000,0.000000
4,small,951,0,0.000000,0.000000
4,small,952,0,0.000000,0.000000
4,small,953,0,0.000000,0.000000
4,small,954,0,0.000000,0.000000
4,small,955,0,0.000000,0.000000
4,small,956,0,0.000000,0.000000
4,small,957,0,0.000000,0.000000
4,small,958,0,0.000000,0.000000
4,small,959,0,0.000000,0.000000
4,small,960,0,0.000000,0.000000
4,small,961,0,0.000000,0.000000
4,small,962,0,0.000000,0.000000
4,small,963,0,0.000000,0.000000
4,small,964,0,0.000000,0.000000
4,small,965,0,0.000000,0.000000
4,small,966,0,0.000000,0.000000
4,small,967,0,0.000000,0.000000
4,small,968,0,0.000000,0.000000
4,small,969,0,0.000000,0.000000
4,small,970,0,0.000000,0.000000
4,small,971,0,0.000000,0.000000
4,small,972,0,0.000000,0.000000
4,small,973,0,0.000000,0.000000
4,small,974,0,0.000000,0.000000
4,small,975,0,0.000000,0.000000
4,small,976,0,0.000000,0.000000
4,small,977,0,0.000000,0.000000
4,small,978,0,0.000000,0.000000
4,small,979,0,0.000000,0.000000
4,small,980,0,0.000000,0.000000
4,small,981,0,0.000000,0.000000
4,small,982,0,0.000000,0.000000
4,small,983,0,0.000000,0.000000
4,small,984,0,0.000000,0.000000
4,small,985,0,0.000000,0.000000
4,small,986,0,0.000000,0.000000
4,small,987,0,0.000000,0.000000
4,small,988,0,0.000000,0.000000
4,small,989,0,0.000000,0.000000
4,small,990,0,0.000000,0.000000
4,small,991,0,0.000000,0.000000
4,small,992,0,0.000000,0.000000
4,small,993,0,0.000000,0.000000
4,small,994,0,0.000000,0.000000
4,small,995,0,0.000000,0.000000
4,small,996,0,0.000000,0.000000
4,small,997,0,0.000000,0.000000
4,small,998,0,0.000000,0.000000
4,small,999,0,0.000000,0.000000
8,small,0,0,0.000000,0.000000
8,small,1,0,0.000000,0.000000
8,small,2,1,0.125000,0.015625
8,small,3,1,0.125000,0.015625
8,small,4,0,0.000000,0.000000
8,small,5,0,0.000000,0.000000
8,small,6,1,0.125000,0.015625
8,small,7,0,0.000000,0.000000
8,small,8,0,0.000000,0.000000
8,small,9,0,0.000000,0.000000
8,small,10,0,0.000000,0.000000
8,small,11,0,0.000000,0.000000
8,small,12,0,0.000000,0.000000
8,small,13,0,0.000000,0.000000
8,small,14,0,0.000000,0.000000
8,small,15,0,0.000000,0.000000
8,small,16,1,0.176777,0.031250
8,small,17,0,0.000000,0.000000
8,small,18,0,0.000000,0.000000
8,small,19,1,0.125000,0.015625
8,small,20,1,0.125000,0.015625
8,small,21,0,0.000000,0.000000
8,small,22,0,0.000000,0.000000
8,small,23,1,0.125000,0.015625
8,small,24,0,0.000000,0.000000
8,small,25,0,0.000000,0.000000
8,small,26,0,0.000000,0.000000
8,small,27,0,0.000000,0.000000
8,small,28,1,0.216506,0.046875
8,small,29,0,0.000000,0.000000
8,small,30,0,0.000000,0.000000
8,small,31,1,0.125000,0.015625
8,small,32,0,0.000000,0.000000
8,small,33,1,0.216506,0.046875
8,small,34,0,0.000000,0.000000
8,small,35,0,0.000000,0.000000
8,small,36,0,0.000000,0.000000
8,small,37,0,0.000000,0.000000
8,small,38,0,0.000000,0.000000
8,small,39,0,0.000000,0.000000
8,small,40,0,0.000000,0.000000
8,small,41,0,0.000000,0.000000
8,small,42,0,0.000000,0.000000
8,small,43,0,0.000000,0.000000
8,small,44,0,0.000000,0.000000
8,small,45,0,0.000000,0.000000
8,small,46,0,0.000000,0.000000
8,small,47,0,0.000000,0.000000
8,small,48,1,0.125000,0.015625
8,small,49,0,0.000000,0.000000
8,small,50,0,0.000000,0.000000
8,small,51,0,0.000000,0.000000
8,small,52,0,0.000000,0.000000
8,small,53,0,0.000000,0.000000
8,small,54,0,0.000000,0.000000
8,small,55,0,0.000000,0.000000
8,small,56,0,0.000000,0.000000
8,small,57,0,0.000000,0.000000
8,small,58,0,0.000000,0.000000
8,small,59,1,0.125000,0.015625
8,small,60,0,0.000000,0.000000
8,small,61,0,0.000000,0.000000
8,small,62,0,0.000000,0.000000
8,small,63,0,0.000000,0.000000
8,small,64,1,0.125000,0.015625
8,small,65,0,0.000000,0.000000
8,small,66,0,0.000000,0.000000
8,small,67,0,0.000000,0.000000
8,small,68,0,0.000000,0.000000
8,small,69,0,0.000000,0.000000
8,small,70,1,0.125000,0.015625
8,small,71,0,0.000000,0.000000
8,small,72,0,0.000000,0.000000
8,small,73,0,0.000000,0.000000
8,small,74,0,0.000000,0.000000
8,small,75,0,0.000000,0.000000
8,small,76,0,0.000000,0.000000
8,small,77,1,0.125000,0.015625
8,small,78,0,0.000000,0.000000
8,small,79,0,0.000000,0.000000
8,small,80,1,0.176777,0.031250
8,small,81,1,0.125000,0.015625
8,small,82,0,0.000000,0.000000
8,small,83,0,0.000000,0.000000
8,small,84,1,0.125000,0.015625
8,small,85,0,0.000000,0.000000
8,small,86,0,0.000000,0.000000
8,small,87,0,0.000000,0.000000
8,small,88,0,0.000000,0.000000
8,small,89,0,0.000000,0.000000
8,small,90,0,0.000000,0.000000
8,small,91,0,0.000000,0.000000
8,small,92,1,0.125000,0.015625
8,small,93,0,0.000000,0.000000
8,small,94,0,0.000000,0.000000
8,small,95,0,0.000000,0.000000
8,small,96,0,0.000000,0.000000
8,small,97,0,0.000000,0.000000
8,small,98,0,0.000000,0.000000
8,small,99,0,0.000000,0.000000
8,small,100,0,0.000000,0.000000
8,small,101,0,0.000000,0.000000
8,small,102,0,0.000000,0.000000
8,small,103,0,0.000000,0.000000
8,small,104,0,0.000000,0.000000
8,small,105,0,0.000000,0.000000
8,small,106,0,0.000000,0.000000
8,small,107,0,0.000000,0.000000
8,small,108,0,0.000000,0.000000
8,small,109,0,0.000000,0.000000
8,small,110,1,0.125000,0.015625
8,small,111,0,0.000000,0.000000
8,small,112,0,0.000000,0.000000
8,small,113,0,0.000000,0.000000
8,small,114,0,0.000000,0.000000
8,small,115,0,0.000000,0.000000
8,small,116,0,0.000000,0.000000
8,small,117,0,0.000000,0.000000
8,small,118,0,0.000000,0.000000
8,small,119,1,0.176777,0.031250
8,small,120,0,0.000000,0.000000
8,small,121,0,0.000000,0.000000
8,small,122,0,0.000000,0.000000
8,small,123,0,0.000000,0.000000
8,small,124,0,0.000000,0.000000
8,small,125,0,0.000000,0.000000
8,small,126,0,0.000000,0.000000
8,small,127,1,0.125000,0.015625
8,small,128,0,0.000000,0.000000
8,small,129,1,0.176777,0.031250
8,small,130,0,0.000000,0.000000
8,small,131,0,0.000000,0.000000
8,small,132,1,0.125000,0.015625
8,small,133,0,0.000000,0.000000
8,small,134,0,0.000000,0.000000
8,small,135,0,0.000000,0.000000
8,small,136,1,0.176777,0.031250
8,small,137,0,0.000000,0.000000
8,small,138,0,0.000000,0.000000
8,small,139,0,0.000000,0.000000
8,small,140,0,0.000000,0.000000
8,small,141,0,0.000000,0.000000
8,small,142,0,0.000000,0.000000
8,small,143,0,0.000000,0.000000
8,small,144,0,0.000000,0.000000
8,small,145,0,0.000000,0.000000
8,small,146,0,0.000000,0.000000
8,small,147,0,0.000000,0.000000
8,small,148,0,0.000000,0.000000
8,small,149,0,0.000000,0.000000
8,small,150,1,0.125000,0.015625
8,small,151,0,0.000000,0.000000
8,small,152,0,0.000000,0.000000
8,small,153,0,0.000000,0.000000
8,small,154,0,0.000000,0.000000
8,small,155,0,0.000000,0.000000
8,small,156,0,0.000000,0.000000
8,small,157,0,0.000000,0.000000
8,small,158,0,0.000000,0.000000
8,small,159,0,0.000000,0.000000
8,small,160,1,0.176777,0.031250
8,small,161,1,0.176777,0.031250
8,small,162,0,0.000000,0.000000
8,small,163,0,0.000000,0.000000
8,small,164,1,0.125000,0.015625
8,small,165,0,0.000000,0.000000
8,small,166,0,0.000000,0.000000
8,small,167,0,0.000000,0.000000
8,small,168,0,0.000000,0.000000
8,small,169,0,0.000000,0.000000
8,small,170,0,0.000000,0.000000
8,small,171,0,0.000000,0.000000
8,small,172,0,0.000000,0.000000
8,small,173,0,0.000000,0.000000
8,small,174,0,0.000000,0.000000
8,small,175,0,0.000000,0.000000
8,small,176,0,0.000000,0.000000
8,small,177,0,0.000000,0.000000
8,small,178,0,0.000000,0.000000
8,small,179,0,0.000000,0.000000
8,small,180,0,0.000000,0.000000
8,small,181,0,0.000000,0.000000
8,small,182,0,0.000000,0.000000
8,small,183,0,0.000000,0.000000
8,small,184,0,0.000000,0.000000
8,small,185,0,0.000000,0.000000
8,small,186,0,0.000000,0.000000
8,small,187,0,0.000000,0.000000
8,small,188,1,0.125000,0.015625
8,small,189,0,0.000000,0.000000
8,small,190,0,0.000000,0.000000
8,small,191,0,0.000000,0.000000
8,small,192,0,0.000000,0.000000
8,small,193,0,0.000000,0.000000
8,small,194,0,0.000000,0.000000
8,small,195,0,0.000000,0.000000
8,small,196,0,0.000000,0.000000
8,small,197,0,0.000000,0.000000
8,small,198,1,0.216506,0.046875
8,small,199,0,0.000000,0.000000
8,small,200,1,0.125000,0.015625
8,small,201,0,0.000000,0.000000
8,small,202,0,0.000000,0.000000
8,small,203,1,0.216506,0.046875
8,small,204,0,0.000000,0.000000
8,small,205,0,0.000000,0.000000
8,small,206,1,0.176777,0.031250
8,small,207,0,0.000000,0.000000
8,small,208,1,0.176777,0.031250
8,small,209,1,0.125000,0.015625
8,small,210,0,0.000000,0.000000
8,small,211,0,0.000000,0.000000
8,small,212,1,0.125000,0.015625
8,small,213,1,0.176777,0.031250
8,small,214,0,0.000000,0.000000
8,small,215,0,0.000000,0.000000
8,small,216,1,0.125000,0.015625
8,small,217,1,0.125000,0.015625
8,small,218,0,0.000000,0.000000
8,small,219,0,0.000000,0.000000
8,small,220,1,0.176777,0.031250
8,small,221,0,0.000000,0.000000
8,small,222,0,0.000000,0.000000
8,small,223,0,0.000000,0.000000
8,small,224,1,0.330719,0.109375
8,small,225,0,0.000000,0.000000
8,small,226,0,0.000000,0.000000
8,small,227,0,0.000000,0.000000
8,small,228,0,0.000000,0.000000
8,small,229,0,0.000000,0.000000
8,small,230,0,0.000000,0.000000
8,small,231,0,0.000000,0.000000
8,small,232,0,0.000000,0.000000
8,small,233,0,0.000000,0.000000
8,small,234,1,0.125000,0.015625
8,small,235,0,0.000000,0.000000
8,small,236,0,0.000000,0.000000
8,small,237,0,0.000000,0.000000
8,small,238,0,0.000000,0.000000
8,small,239,0,0.000000,0.000000
8,small,240,0,0.000000,0.000000
8,small,241,1,0.125000,0.015625
8,small,242,1,0.125000,0.015625
8,small,243,0,0.000000,0.000000
8,small,244,1,0.125000,0.015625
8,small,245,0,0.000000,0.000000
8,small,246,1,0.125000,0.015625
8,small,247,0,0.000000,0.000000
8,small,248,0,0.000000,0.000000
8,small,249,0,0.000000,0.000000
8,small,250,0,0.000000,0.000000
8,small,251,0,0.000000,0.000000
8,small,252,1,0.176777,0.031250
8,small,253,1,0.125000,0.015625
8,small,254,0,0.000000,0.000000
8,small,255,0,0.000000,0.000000
8,small,256,0,0.000000,0.000000
8,small,257,1,0.125000,0.015625
8,small,258,0,0.000000,0.000000
8,small,259,0,0.000000,0.000000
8,small,260,1,0.216506,0.046875
8,small,261,1,0.176777,0.031250
8,small,262,0,0.000000,0.000000
8,small,263,1,0.176777,0.031250
8,small,264,1,0.125000,0.015625
8,small,265,0,0.000000,0.000000
8,small,266,0,0.000000,0.000000
8,small,267,0,0.000000,0.000000
8,small,268,0,0.000000,0.000000
8,small,269,0,0.000000,0.000000
8,small,270,0,0.000000,0.000000
8,small,271,0,0.000000,0.000000
8,small,272,0,0.000000,0.000000
8,small,273,0,0.000000,0.000000
8,small,274,0,0.000000,0.000000
8,small,275,0,0.000000,0.000000
8,small,276,0,0.000000,0.000000
8,small,277,1,0.125000,0.015625
8,small,278,0,0.000000,0.000000
8,small,279,0,0.000000,0.000000
8,small,280,0,0.000000,0.000000
8,small,281,0,0.000000,0.000000
8,small,282,0,0.000000,0.000000
8,small,283,0,0.000000,0.000000
8,small,284,0,0.000000,0.000000
8,small,285,0,0.000000,0.000000
8,small,286,0,0.000000,0.000000
8,small,287,1,0.250000,0.062500
8,small,288,1,0.176777,0.031250
8,small,289,1,0.176777,0.031250
8,small,290,0,0.000000,0.000000
8,small,291,0,0.000000,0.000000
8,small,292,0,0.000000,0.000000
8,small,293,1,0.216506,0.046875
8,small,294,0,0.000000,0.000000
8,small,295,0,0.000000,0.000000
8,small,296,0,0.000000,0.000000
8,small,297,0,0.000000,0.000000
8,small,298,0,0.000000,0.000000
8,small,299,0,0.000000,0.000000
8,small,300,1,0.125000,0.015625
8,small,301,0,0.000000,0.000000
8,small,302,1,0.125000,0.015625
8,small,303,0,0.000000,0.000000
8,small,304,1,0.125000,0.015625
8,small,305,0,0.000000,0.000000
8,small,306,0,0.000000,0.000000
8,small,307,0,0.000000,0.000000
8,small,308,1,0.125000,0.015625
8,small,309,0,0.000000,0.000000
8,small,310,0,0.000000,0.000000
8,small,311,0,0.000000,0.000000
8,small,312,0,0.000000,0.000000
8,small,313,0,0.000000,0.000000
8,small,314,0,0.000000,0.000000
8,small,315,0,0.000000,0.000000
8,small,316,0,0.000000,0.000000
8,small,317,1,0.125000,0.015625
8,small,318,1,0.125000,0.015625
8,small,319,0,0.000000,0.000000
8,small,320,0,0.000000,0.000000
8,small,321,0,0.000000,0.000000
8,small,322,0,0.000000,0.000000
8,small,323,0,0.000000,0.000000
8,small,324,0,0.000000,0.000000
8,small,325,0,0.000000,0.000000
8,small,326,0,0.000000,0.000000
8,small,327,0,0.000000,0.000000
8,small,328,0,0.000000,0.000000
8,small,329,0,0.000000,0.000000
8,small,330,0,0.000000,0.000000
8,small,331,0,0.000000,0.000000
8,small,332,0,0.000000,0.000000
8,small,333,0,0.000000,0.000000
8,small,334,0,0.000000,0.000000
8,small,335,1,0.125000,0.015625
8,small,336,0,0.000000,0.000000
8,small,337,0,0.000000,0.000000
8,small,338,0,0.000000,0.000000
8,small,339,0,0.000000,0.000000
8,small,340,0,0.000000,0.000000
8,small,341,1,0.125000,0.015625
8,small,342,0,0.000000,0.000000
8,small,343,0,0.000000,0.000000
8,small,344,0,0.000000,0.000000
8,small,345,0,0.000000,0.000000
8,small,346,0,0.000000,0.000000
8,small,347,0,0.000000,0.000000
8,small,348,0,0.000000,0.000000
8,small,349,0,0.000000,0.000000
8,small,350,1,0.125000,0.015625
8,small,351,1,0.125000,0.015625
8,small,352,0,0.000000,0.000000
8,small,353,1,0.125000,0.015625
8,small,354,0,0.000000,0.000000
8,small,355,0,0.000000,0.000000
8,small,356,0,0.000000,0.000000
8,small,357,0,0.000000,0.000000
8,small,358,0,0.000000,0.000000
8,small,359,0,0.000000,0.000000
8,small,360,0,0.000000,0.000000
8,small,361,0,0.000000,0.000000
8,small,362,1,0.125000,0.015625
8,small,363,1,0.176777,0.031250
8,small,364,0,0.000000,0.000000
8,small,365,0,0.000000,0.000000
8,small,366,0,0.000000,0.000000
8,small,367,1,0.125000,0.015625
8,small,368,0,0.000000,0.000000
8,small,369,0,0.000000,0.000000
8,small,370,0,0.000000,0.000000
8,small,371,0,0.000000,0.000000
8,small,372,0,0.000000,0.000000
8,small,373,0,0.000000,0.000000
8,small,374,0,0.000000,0.000000
8,small,375,0,0.000000,0.000000
8,small,376,1,0.125000,0.015625
8,small,377,0,0.000000,0.000000
8,small,378,0,0.000000,0.000000
8,small,379,0,0.000000,0.000000
8,small,380,0,0.000000,0.000000
8,small,381,0,0.000000,0.000000
8,small,382,0,0.000000,0.000000
8,small,383,0,0.000000,0.000000
8,small,384,0,0.000000,0.000000
8,small,385,0,0.000000,0.000000
8,small,386,0,0.000000,0.000000
8,small,387,0,0.000000,0.000000
8,small,388,1,0.125000,0.015625
8,small,389,0,0.000000,0.000000
8,small,390,0,0.000000,0.000000
8,small,391,0,0.000000,0.000000
8,small,392,0,0.000000,0.000000
8,small,393,0,0.000000,0.000000
8,small,394,1,0.125000,0.015625
8,small,395,0,0.000000,0.000000
8,small,396,0,0.000000,0.000000
8,small,397,0,0.000000,0.000000
8,small,398,0,0.000000,0.000000
8,small,399,1,0.125000,0.015625
8,small,400,0,0.000000,0.000000
8,small,401,0,0.000000,0.000000
8,small,402,0,0.000000,0.000000
8,small,403,0,0.000000,0.000000
8,small,404,0,0.000000,0.000000
8,small,405,0,0.000000,0.000000
8,small,406,0,0.000000,0.000000
8,small,407,0,0.000000,0.000000
8,small,408,0,0.000000,0.000000
8,small,409,1,0.125000,0.015625
8,small,410,0,0.000000,0.000000
8,small,411,0,0.000000,0.000000
8,small,412,0,0.000000,0.000000
8,small,413,0,0.000000,0.000000
8,small,414,0,0.000000,0.000000
8,small,415,1,0.125000,0.015625
8,small,416,0,0.000000,0.000000
8,small,417,0,0.000000,0.000000
8,small,418,0,0.000000,0.000000
8,small,419,0,0.000000,0.000000
8,small,420,0,0.000000,0.000000
8,small,421,0,0.000000,0.000000
8,small,422,0,0.000000,0.000000
8,small,423,0,0.000000,0.000000
8,small,424,0,0.000000,0.000000
8,small,425,0,0.000000,0.000000
8,small,426,1,0.176777,0.031250
8,small,427,1,0.176777,0.031250
8,small,428,1,0.216506,0.046875
8,small,429,0,0.000000,0.000000
8,small,430,0,0.000000,0.000000
8,small,431,0,0.000000,0.000000
8,small,432,1,0.125000,0.015625
8,small,433,0,0.000000,0.000000
8,small,434,1,0.125000,0.015625
8,small,435,1,0.125000,0.015625
8,small,436,0,0.000000,0.000000
8,small,437,0,0.000000,0.000000
8,small,438,0,0.000000,0.000000
8,small,439,0,0.000000,0.000000
8,small,440,0,0.000000,0.000000
8,small,441,0,0.000000,0.000000
8,small,442,0,0.000000,0.000000
8,small,443,0,0.000000,0.000000
8,small,444,0,0.000000,0.000000
8,small,445,0,0.000000,0.000000
8,small,446,0,0.000000,0.000000
8,small,447,0,0.000000,0.000000
8,small,448,0,0.000000,0.000000
8,small,449,0,0.000000,0.000000
8,small,450,0,0.000000,0.000000
8,small,451,0,0.000000,0.000000
8,small,452,1,0.125000,0.015625
8,small,453,0,0.000000,0.000000
8,small,454,0,0.000000,0.000000
8,small,455,0,0.000000,0.000000
8,small,456,0,0.000000,0.000000
8,small,457,0,0.000000,0.000000
8,small,458,1,0.176777,0.031250
8,small,459,0,0.000000,0.000000
8,small,460,0,0.000000,0.000000
8,small,461,1,0.125000,0.015625
8,small,462,0,0.000000,0.000000
8,small,463,0,0.000000,0.000000
8,small,464,0,0.000000,0.000000
8,small,465,1,0.176777,0.031250
8,small,466,0,0.000000,0.000000
8,small,467,0,0.000000,0.000000
8,small,468,0,0.000000,0.000000
8,small,469,0,0.000000,0.000000
8,small,470,0,0.000000,0.000000
8,small,471,0,0.000000,0.000000
8,small,472,0,0.000000,0.000000
8,small,473,0,0.000000,0.000000
8,small,474,1,0.125000,0.015625
8,small,475,0,0.000000,0.000000
8,small,476,0,0.000000,0.000000
8,small,477,0,0.000000,0.000000
8,small,478,0,0.000000,0.000000
8,small,479,1,0.125000,0.015625
8,small,480,0,0.000000,0.000000
8,small,481,0,0.000000,0.000000
8,small,482,0,0.000000,0.000000
8,small,483,1,0.125000,0.015625
8,small,484,1,0.125000,0.015625
8,small,485,0,0.000000,0.000000
8,small,486,0,0.000000,0.000000
8,small,487,0,0.000000,0.000000
8,small,488,0,0.000000,0.000000
8,small,489,0,0.000000,0.000000
8,small,490,0,0.000000,0.000000
8,small,491,1,0.125000,0.015625
8,small,492,0,0.000000,0.000000
8,small,493,0,0.000000,0.000000
8,small,494,0,0.000000,0.000000
8,small,495,0,0.000000,0.000000
8,small,496,0,0.000000,0.000000
8,small,497,0,0.000000,0.000000
8,small,498,0,0.000000,0.000000
8,small,499,1,0.250000,0.062500
8,small,500,0,0.000000,0.000000
8,small,501,0,0.000000,0.000000
8,small,502,0,0.000000,0.000000
8,small,503,0,0.000000,0.000000
8,small,504,0,0.000000,0.000000
8,small,505,0,0.000000,0.000000
8,small,506,0,0.000000,0.000000
8,small,507,0,0.000000,0.000000
8,small,508,0,0.000000,0.000000
8,small,509,0,0.000000,0.000000
8,small,510,0,0.000000,0.000000
8,small,511,0,0.000000,0.000000
8,small,512,0,0.000000,0.000000
8,small,513,1,0.176777,0.031250
8,small,514,0,0.000000,0.000000
8,small,515,0,0.000000,0.000000
8,small,516,0,0.000000,0.000000
8,small,517,0,0.000000,0.000000
8,small,518,0,0.000000,0.000000
8,small,519,0,0.000000,0.000000
8,small,520,0,0.000000,0.000000
8,small,521,1,0.125000,0.015625
8,small,522,1,0.125000,0.015625
8,small,523,0,0.000000,0.000000
8,small,524,0,0.000000,0.000000
8,small,525,0,0.000000,0.000000
8,small,526,0,0.000000,0.000000
8,small,527,0,0.000000,0.000000
8,small,528,1,0.125000,0.015625
8,small,529,0,0.000000,0.000000
8,small,530,0,0.000000,0.000000
8,small,531,1,0.125000,0.015625
8,small,532,0,0.000000,0.000000
8,small,533,0,0.000000,0.000000
8,small,534,0,0.000000,0.000000
8,small,535,1,0.125000,0.015625
8,small,536,0,0.000000,0.000000
8,small,537,0,0.000000,0.000000
8,small,538,0,0.000000,0.000000
8,small,539,0,0.000000,0.000000
8,small,540,0,0.000000,0.000000
8,small,541,0,0.000000,0.000000
8,small,542,0,0.000000,0.000000
8,small,543,0,0.000000,0.000000
8,small,544,0,0.000000,0.000000
8,small,545,0,0.000000,0.000000
8,small,546,0,0.000000,0.000000
8,small,547,1,0.125000,0.015625
8,small,548,0,0.000000,0.000000
8,small,549,0,0.000000,0.000000
8,small,550,0,0.000000,0.000000
8,small,551,0,0.000000,0.000000
8,small,552,0,0.000000,0.000000
8,small,553,0,0.000000,0.000000
8,small,554,0,0.000000,0.000000
8,small,555,1,0.125000,0.015625
8,small,556,0,0.000000,0.000000
8,small,557,0,0.000000,0.000000
8,small,558,0,0.000000,0.000000
8,small,559,0,0.000000,0.000000
8,small,560,1,0.125000,0.015625
8,small,561,0,0.000000,0.000000
8,small,562,0,0.000000,0.000000
8,small,563,0,0.000000,0.000000
8,small,564,0,0.000000,0.000000
8,small,565,1,0.125000,0.015625
8,small,566,0,0.000000,0.000000
8,small,567,0,0.000000,0.000000
8,small,568,0,0.000000,0.000000
8,small,569,0,0.000000,0.000000
8,small,570,0,0.000000,0.000000
8,small,571,0,0.000000,0.000000
8,small,572,0,0.000000,0.000000
8,small,573,0,0.000000,0.000000
8,small,574,0,0.000000,0.000000
8,small,575,0,0.000000,0.000000
8,small,576,0,0.000000,0.000000
8,small,577,0,0.000000,0.000000
8,small,578,0,0.000000,0.000000
8,small,579,0,0.000000,0.000000
8,small,580,0,0.000000,0.000000
8,small,581,0,0.000000,0.000000
8,small,582,0,0.000000,0.000000
8,small,583,0,0.000000,0.000000
8,small,584,1,0.125000,0.015625
8,small,585,0,0.000000,0.000000
8,small,586,0,0.000000,0.000000
8,small,587,0,0.000000,0.000000
8,small,588,0,0.000000,0.000000
8,small,589,1,0.125000,0.015625
8,small,590,0,0.000000,0.000000
8,small,591,0,0.000000,0.000000
8,small,592,0,0.000000,0.000000
8,small,593,0,0.000000,0.000000
8,small,594,0,0.000000,0.000000
8,small,595,1,0.176777,0.031250
8,small,596,0,0.000000,0.000000
8,small,597,0,0.000000,0.000000
8,small,598,0,0.000000,0.000000
8,small,599,0,0.000000,0.000000
8,small,600,0,0.000000,0.000000
8,small,601,0,0.000000,0.000000
8,small,602,0,0.000000,0.000000
8,small,603,0,0.000000,0.000000
8,small,604,0,0.000000,0.000000
8,small,605,0,0.000000,0.000000
8,small,606,0,0.000000,0.000000
8,small,607,0,0.000000,0.000000
8,small,608,0,0.000000,0.000000
8,small,609,0,0.000000,0.000000
8,small,610,0,0.000000,0.000000
8,small,611,1,0.176777,0.031250
8,small,612,1,0.176777,0.031250
8,small,613,0,0.000000,0.000000
8,small,614,0,0.000000,0.000000
8,small,615,1,0.125000,0.015625
8,small,616,0,0.000000,0.000000
8,small,617,0,0.000000,0.000000
8,small,618,0,0.000000,0.000000
8,small,619,0,0.000000,0.000000
8,small,620,0,0.000000,0.000000
8,small,621,0,0.000000,0.000000
8,small,622,0,0.000000,0.000000
8,small,623,0,0.000000,0.000000
8,small,624,1,0.216506,0.046875
8,small,625,0,0.000000,0.000000
8,small,626,0,0.000000,0.000000
8,small,627,0,0.000000,0.000000
8,small,628,0,0.000000,0.000000
8,small,629,0,0.000000,0.000000
8,small,630,0,0.000000,0.000000
8,small,631,0,0.000000,0.000000
8,small,632,0,0.000000,0.000000
8,small,633,0,0.000000,0.000000
8,small,634,0,0.000000,0.000000
8,small,635,0,0.000000,0.000000
8,small,636,0,0.000000,0.000000
8,small,637,0,0.000000,0.000000
8,small,638,1,0.125000,0.015625
8,small,639,0,0.000000,0.000000
8,small,640,0,0.000000,0.000000
8,small,641,0,0.000000,0.000000
8,small,642,0,0.000000,0.000000
8,small,643,0,0.000000,0.000000
8,small,644,1,0.125000,0.015625
8,small,645,0,0.000000,0.000000
8,small,646,0,0.000000,0.000000
8,small,647,0,0.000000,0.000000
8,small,648,0,0.000000,0.000000
8,small,649,0,0.000000,0.000000
8,small,650,0,0.000000,0.000000
8,small,651,0,0.000000,0.000000
8,small,652,0,0.000000,0.000000
8,small,653,1,0.125000,0.015625
8,small,654,1,0.125000,0.015625
8,small,655,0,0.000000,0.000000
8,small,656,0,0.000000,0.000000
8,small,657,1,0.125000,0.015625
8,small,658,0,0.000000,0.000000
8,small,659,0,0.000000,0.000000
8,small,660,0,0.000000,0.000000
8,small,661,0,0.000000,0.000000
8,small,662,0,0.000000,0.000000
8,small,663,0,0.000000,0.000000
8,small,664,0,0.000000,0.000000
8,small,665,0,0.000000,0.000000
8,small,666,0,0.000000,0.000000
8,small,667,1,0.176777,0.031250
8,small,668,1,0.125000,0.015625
8,small,669,0,0.000000,0.000000
8,small,670,0,0.000000,0.000000
8,small,671,0,0.000000,0.000000
8,small,672,0,0.000000,0.000000
8,small,673,0,0.000000,0.000000
8,small,674,0,0.000000,0.000000
8,small,675,1,0.125000,0.015625
8,small,676,0,0.000000,0.000000
8,small,677,0,0.000000,0.000000
8,small,678,0,0.000000,0.000000
8,small,679,0,0.000000,0.000000
8,small,680,0,0.000000,0.000000
8,small,681,0,0.000000,0.000000
8,small,682,0,0.000000,0.000000
8,small,683,1,0.125000,0.015625
8,small,684,0,0.000000,0.000000
8,small,685,0,0.000000,0.000000
8,small,686,0,0.000000,0.000000
8,small,687,0,0.000000,0.000000
8,small,688,1,0.125000,0.015625
8,small,689,0,0.000000,0.000000
8,small,690,0,0.000000,0.000000
8,small,691,0,0.000000,0.000000
8,small,692,0,0.000000,0.000000
8,small,693,0,0.000000,0.000000
8,small,694,0,0.000000,0.000000
8,small,695,1,0.125000,0.015625
8,small,696,1,0.176777,0.031250
8,small,697,0,0.000000,0.000000
8,small,698,0,0.000000,0.000000
8,small,699,0,0.000000,0.000000
8,small,700,0,0.000000,0.000000
8,small,701,0,0.000000,0.000000
8,small,702,0,0.000000,0.000000
8,small,703,1,0.176777,0.031250
8,small,704,0,0.000000,0.000000
8,small,705,1,0.125000,0.015625
8,small,706,0,0.000000,0.000000
8,small,707,1,0.176777,0.031250
8,small,708,0,0.000000,0.000000
8,small,709,0,0.000000,0.000000
8,small,710,0,0.000000,0.000000
8,small,711,0,0.000000,0.000000
8,small,712,0,0.000000,0.000000
8,small,713,0,0.000000,0.000000
8,small,714,0,0.000000,0.000000
8,small,715,0,0.000000,0.000000
8,small,716,0,0.000000,0.000000
8,small,717,0,0.000000,0.000000
8,small,718,0,0.000000,0.000000
8,small,719,0,0.000000,0.000000
8,small,720,0,0.000000,0.000000
8,small,721,0,0.000000,0.000000
8,small,722,0,0.000000,0.000000
8,small,723,1,0.125000,0.015625
8,small,724,1,0.125000,0.015625
8,small,725,0,0.000000,0.000000
8,small,726,0,0.000000,0.000000
8,small,727,0,0.000000,0.000000
8,small,728,0,0.000000,0.000000
8,small,729,0,0.000000,0.000000
8,small,730,0,0.000000,0.000000
8,small,731,0,0.000000,0.000000
8,small,732,0,0.000000,0.000000
8,small,733,0,0.000000,0.000000
8,small,734,0,0.000000,0.000000
8,small,735,0,0.000000,0.000000
8,small,736,0,0.000000,0.000000
8,small,737,0,0.000000,0.000000
8,small,738,0,0.000000,0.000000
8,small,739,0,0.000000,0.000000
8,small,740,1,0.176777,0.031250
8,small,741,0,0.000000,0.000000
8,small,742,0,0.000000,0.000000
8,small,743,0,0.000000,0.000000
8,small,744,1,0.125000,0.015625
8,small,745,0,0.000000,0.000000
8,small,746,1,0.125000,0.015625
8,small,747,0,0.000000,0.000000
8,small,748,0,0.000000,0.000000
8,small,749,0,0.000000,0.000000
8,small,750,1,0.125000,0.015625
8,small,751,0,0.000000,0.000000
8,small,752,0,0.000000,0.000000
8,small,753,0,0.000000,0.000000
8,small,754,0,0.000000,0.000000
8,small,755,1,0.125000,0.015625
8,small,756,1,0.176777,0.031250
8,small,757,0,0.000000,0.000000
8,small,758,0,0.000000,0.000000
8,small,759,0,0.000000,0.000000
8,small,760,0,0.000000,0.000000
8,small,761,0,0.000000,0.000000
8,small,762,0,0.000000,0.000000
8,small,763,0,0.000000,0.000000
8,small,764,0,0.000000,0.000000
8,small,765,0,0.000000,0.000000
8,small,766,1,0.125000,0.015625
8,small,767,0,0.000000,0.000000
8,small,768,0,0.000000,0.000000
8,small,769,0,0.000000,0.000000
8,small,770,0,0.000000,0.000000
8,small,771,0,0.000000,0.000000
8,small,772,0,0.000000,0.000000
8,small,773,0,0.000000,0.000000
8,small,774,0,0.000000,0.000000
8,small,775,0,0.000000,0.000000
8,small,776,0,0.000000,0.000000
8,small,777,0,0.000000,0.000000
8,small,778,0,0.000000,0.000000
8,small,779,0,0.000000,0.000000
8,small,780,0,0.000000,0.000000
8,small,781,0,0.000000,0.000000
8,small,782,0,0.000000,0.000000
8,small,783,0,0.000000,0.000000
8,small,784,0,0.000000,0.000000
8,small,785,1,0.125000,0.015625
8,small,786,0,0.000000,0.000000
8,small,787,0,0.000000,0.000000
8,small,788,0,0.000000,0.000000
8,small,789,1,0.125000,0.015625
8,small,790,0,0.000000,0.000000
8,small,791,0,0.000000,0.000000
8,small,792,0,0.000000,0.000000
8,small,793,0,0.000000,0.000000
8,small,794,0,0.000000,0.000000
8,small,795,0,0.000000,0.000000
8,small,796,1,0.125000,0.015625
8,small,797,1,0.125000,0.015625
8,small,798,0,0.000000,0.000000
8,small,799,1,0.125000,0.015625
8,small,800,1,0.176777,0.031250
8,small,801,0,0.000000,0.000000
8,small,802,0,0.000000,0.000000
8,small,803,0,0.000000,0.000000
8,small,804,0,0.000000,0.000000
8,small,805,0,0.000000,0.000000
8,small,806,0,0.000000,0.000000
8,small,807,0,0.000000,0.000000
8,small,808,0,0.000000,0.000000
8,small,809,0,0.000000,0.000000
8,small,810,0,0.000000,0.000000
8,small,811,0,0.000000,0.000000
8,small,812,0,0.000000,0.000000
8,small,813,0,0.000000,0.000000
8,small,814,0,0.000000,0.000000
8,small,815,0,0.000000,0.000000
8,small,816,0,0.000000,0.000000
8,small,817,0,0.000000,0.000000
8,small,818,0,0.000000,0.000000
8,small,819,0,0.000000,0.000000
8,small,820,0,0.000000,0.000000
8,small,821,0,0.000000,0.000000
8,small,822,0,0.000000,0.000000
8,small,823,0,0.000000,0.000000
8,small,824,0,0.000000,0.000000
8,small,825,0,0.000000,0.000000
8,small,826,0,0.000000,0.000000
8,small,827,0,0.000000,0.000000
8,small,828,0,0.000000,0.000000
8,small,829,0,0.000000,0.000000
8,small,830,0,0.000000,0.000000
8,small,831,1,0.125000,0.015625
8,small,832,0,0.000000,0.000000
8,small,833,1,0.125000,0.015625
8,small,834,0,0.000000,0.000000
8,small,835,0,0.000000,0.000000
8,small,836,0,0.000000,0.000000
8,small,837,1,0.125000,0.015625
8,small,838,0,0.000000,0.000000
8,small,839,0,0.000000,0.000000
8,small,840,0,0.000000,0.000000
8,small,841,0,0.000000,0.000000
8,small,842,0,0.000000,0.000000
8,small,843,0,0.000000,0.000000
8,small,844,0,0.000000,0.000000
8,small,845,0,0.000000,0.000000
8,small,846,0,0.000000,0.000000
8,small,847,0,0.000000,0.000000
8,small,848,1,0.216506,0.046875
8,small,849,0,0.000000,0.000000
8,small,850,0,0.000000,0.000000
8,small,851,1,0.125000,0.015625
8,small,852,0,0.000000,0.000000
8,small,853,0,0.000000,0.000000
8,small,854,0,0.000000,0.000000
8,small,855,0,0.000000,0.000000
8,small,856,0,0.000000,0.000000
8,small,857,0,0.000000,0.000000
8,small,858,1,0.125000,0.015625
8,small,859,0,0.000000,0.000000
8,small,860,1,0.176777,0.031250
8,small,861,0,0.000000,0.000000
8,small,862,0,0.000000,0.000000
8,small,863,0,0.000000,0.000000
8,small,864,0,0.000000,0.000000
8,small,865,0,0.000000,0.000000
8,small,866,1,0.125000,0.015625
8,small,867,0,0.000000,0.000000
8,small,868,0,0.000000,0.000000
8,small,869,0,0.000000,0.000000
8,small,870,0,0.000000,0.000000
8,small,871,0,0.000000,0.000000
8,small,872,0,0.000000,0.000000
8,small,873,0,0.000000,0.000000
8,small,874,0,0.000000,0.000000
8,small,875,0,0.000000,0.000000
8,small,876,0,0.000000,0.000000
8,small,877,0,0.000000,0.000000
8,small,878,0,0.000000,0.000000
8,small,879,0,0.000000,0.000000
8,small,880,0,0.000000,0.000000
8,small,881,0,0.000000,0.000000
8,small,882,0,0.000000,0.000000
8,small,883,0,0.000000,0.000000
8,small,884,1,0.125000,0.015625
8,small,885,0,0.000000,0.000000
8,small,886,0,0.000000,0.000000
8,small,887,0,0.000000,0.000000
8,small,888,0,0.000000,0.000000
8,small,889,0,0.000000,0.000000
8,small,890,0,0.000000,0.000000
8,small,891,0,0.000000,0.000000
8,small,892,0,0.000000,0.000000
8,small,893,0,0.000000,0.000000
8,small,894,0,0.000000,0.000000
8,small,895,0,0.000000,0.000000
8,small,896,0,0.000000,0.000000
8,small,897,0,0.000000,0.000000
8,small,898,0,0.000000,0.000000
8,small,899,0,0.000000,0.000000
8,small,900,0,0.000000,0.000000
8,small,901,0,0.000000,0.000000
8,small,902,0,0.000000,0.000000
8,small,903,0,0.000000,0.000000
8,small,904,0,0.000000,0.000000
8,small,905,0,0.000000,0.000000
8,small,906,0,0.000000,0.000000
8,small,907,0,0.000000,0.000000
8,small,908,0,0.000000,0.000000
8,small,909,1,0.125000,0.015625
8,small,910,0,0.000000,0.000000
8,small,911,0,0.000000,0.000000
8,small,912,1,0.250000,0.062500
8,small,913,0,0.000000,0.000000
8,small,914,0,0.000000,0.000000
8,small,915,0,0.000000,0.000000
8,small,916,0,0.000000,0.000000
8,small,917,0,0.000000,0.000000
8,small,918,0,0.000000,0.000000
8,small,919,0,0.000000,0.000000
8,small,920,0,0.000000,0.000000
8,small,921,0,0.000000,0.000000
8,small,922,0,0.000000,0.000000
8,small,923,0,0.000000,0.000000
8,small,924,0,0.000000,0.000000
8,small,925,0,0.000000,0.000000
8,small,926,1,0.125000,0.015625
8,small,927,0,0.000000,0.000000
8,small,928,0,0.000000,0.000000
8,small,929,0,0.000000,0.000000
8,small,930,0,0.000000,0.000000
8,small,931,0,0.000000,0.000000
8,small,932,0,0.000000,0.000000
8,small,933,0,0.000000,0.000000
8,small,934,0,0.000000,0.000000
8,small,935,0,0.000000,0.000000
8,small,936,0,0.000000,0.000000
8,small,937,0,0.000000,0.000000
8,small,938,1,0.125000,0.015625
8,small,939,1,0.125000,0.015625
8,small,940,0,0.000000,0.000000
8,small,941,1,0.176777,0.031250
8,small,942,0,0.000000,0.000000
8,small,943,1,0.125000,0.015625
8,small,944,0,0.000000,0.000000
8,small,945,0,0.000000,0.000000
8,small,946,0,0.000000,0.000000
8,small,947,1,0.216506,0.046875
8,small,948,0,0.000000,0.000000
8,small,949,0,0.000000,0.000000
8,small,950,0,0.000000,0.000000
8,small,951,0,0.000000,0.000000
8,small,952,0,0.000000,0.000000
8,small,953,0,0.000000,0.000000
8,small,954,0,0.000000,0.000000
8,small,955,0,0.000000,0.000000
8,small,956,0,0.000000,0.000000
8,small,957,0,0.000000,0.000000
8,small,958,0,0.000000,0.000000
8,small,959,0,0.000000,0.000000
8,small,960,0,0.000000,0.000000
8,small,961,0,0.000000,0.000000
8,small,962,0,0.000000,0.000000
8,small,963,0,0.000000,0.000000
8,small,964,0,0.000000,0.000000
8,small,965,0,0.000000,0.000000
8,small,966,0,0.000000,0.000000
8,small,967,0,0.000000,0.000000
8,small,968,1,0.125000,0.015625
8,small,969,0,0.000000,0.000000
8,small,970,0,0.000000,0.000000
8,small,971,1,0.125000,0.015625
8,small,972,0,0.000000,0.000000
8,small,973,0,0.000000,0.000000
8,small,974,0,0.000000,0.000000
8,small,975,0,0.000000,0.000000
8,small,976,0,0.000000,0.000000
8,small,977,1,0.125000,0.015625
8,small,978,0,0.000000,0.000000
8,small,979,0,0.000000,0.000000
8,small,980,0,0.000000,0.000000
8,small,981,1,0.216506,0.046875
8,small,982,0,0.000000,0.000000
8,small,983,1,0.125000,0.015625
8,small,984,0,0.000000,0.000000
8,small,985,0,0.000000,0.000000
8,small,986,0,0.000000,0.000000
8,small,987,0,0.000000,0.000000
8,small,988,0,0.000000,0.000000
8,small,989,0,0.000000,0.000000
8,small,990,0,0.000000,0.000000
8,small,991,0,0.000000,0.000000
8,small,992,0,0.000000,0.000000
8,small,993,1,0.176777,0.031250
8,small,994,0,0.000000,0.000000
8,small,995,0,0.000000,0.000000
8,small,996,0,0.000000,0.000000
8,small,997,1,0.176777,0.031250
8,small,998,0,0.000000,0.000000
8,small,999,0,0.000000,0.000000
16,small,0,1,0.088388,0.007812
16,small,1,0,0.000000,0.000000
16,small,2,0,0.000000,0.000000
16,small,3,1,0.062500,0.003906
16,small,4,0,0.000000,0.000000
16,small,5,1,0.125000,0.015625
16,small,6,1,0.108253,0.011719
16,small,7,1,0.062500,0.003906
16,small,8,1,0.088388,0.007812
16,small,9,1,0.062500,0.003906
16,small,10,0,0.000000,0.000000
16,small,11,1,0.062500,0.003906
16,small,12,0,0.000000,0.000000
16,small,13,1,0.062500,0.003906
16,small,14,0,0.000000,0.000000
16,small,15,1,0.088388,0.007812
16,small,16,1,0.108253,0.011719
16,small,17,1,0.088388,0.007812
16,small,18,0,0.000000,0.000000
16,small,19,0,0.000000,0.000000
16,small,20,0,0.000000,0.000000
16,small,21,1,0.062500,0.003906
16,small,22,1,0.139754,0.019531
16,small,23,1,0.139754,0.019531
16,small,24,1,0.125000,0.015625
16,small,25,0,0.000000,0.000000
16,small,26,0,0.000000,0.000000
16,small,27,1,0.062500,0.003906
16,small,28,0,0.000000,0.000000
16,small,29,1,0.062500,0.003906
16,small,30,1,0.088388,0.007812
16,small,31,0,0.000000,0.000000
16,small,32,1,0.088388,0.007812
16,small,33,0,0.000000,0.000000
16,small,34,1,0.062500,0.003906
16,small,35,1,0.125000,0.015625
16,small,36,1,0.108253,0.011719
16,small,37,1,0.088388,0.007812
16,small,38,1,0.108253,0.011719
16,small,39,1,0.062500,0.003906
16,small,40,1,0.139754,0.019531
16,small,41,1,0.088388,0.007812
16,small,42,1,0.062500,0.003906
16,small,43,1,0.062500,0.003906
16,small,44,0,0.000000,0.000000
16,small,45,0,0.000000,0.000000
16,small,46,0,0.000000,0.000000
16,small,47,1,0.062500,0.003906
16,small,48,1,0.088388,0.007812
16,small,49,0,0.000000,0.000000
16,small,50,0,0.000000,0.000000
16,small,51,1,0.062500,0.003906
16,small,52,1,0.165359,0.027344
16,small,53,0,0.000000,0.000000
16,small,54,1,0.088388,0.007812
16,small,55,1,0.108253,0.011719
16,small,56,1,0.139754,0.019531
16,small,57,1,0.108253,0.011719
16,small,58,1,0.088388,0.007812
16,small,59,0,0.000000,0.000000
16,small,60,0,0.000000,0.000000
16,small,61,1,0.088388,0.007812
16,small,62,0,0.000000,0.000000
16,small,63,1,0.088388,0.007812
16,small,64,1,0.088388,0.007812
16,small,65,0,0.000000,0.000000
16,small,66,1,0.062500,0.003906
16,small,67,1,0.088388,0.007812
16,small,68,1,0.062500,0.003906
16,small,69,0,0.000000,0.000000
16,small,70,0,0.000000,0.000000
16,small,71,0,0.000000,0.000000
16,small,72,1,0.153093,0.023438
16,small,73,1,0.108253,0.011719
16,small,74,1,0.062500,0.003906
16,small,75,0,0.000000,0.000000
16,small,76,0,0.000000,0.000000
16,small,77,1,0.062500,0.003906
16,small,78,0,0.000000,0.000000
16,small,79,0,0.000000,0.000000
16,small,80,0,0.000000,0.000000
16,small,81,1,0.062500,0.003906
16,small,82,1,0.108253,0.011719
16,small,83,0,0.000000,0.000000
16,small,84,1,0.125000,0.015625
16,small,85,1,0.108253,0.011719
16,small,86,1,0.062500,0.003906
16,small,87,1,0.062500,0.003906
16,small,88,1,0.088388,0.007812
16,small,89,1,0.088388,0.007812
16,small,90,0,0.000000,0.000000
16,small,91,1,0.062500,0.003906
16,small,92,0,0.000000,0.000000
16,small,93,1,0.062500,0.003906
16,small,94,1,0.062500,0.003906
16,small,95,1,0.062500,0.003906
16,small,96,1,0.062500,0.003906
16,small,97,0,0.000000,0.000000
16,small,98,1,0.088388,0.007812
16,small,99,1,0.108253,0.011719
16,small,100,1,0.088388,0.007812
16,small,101,1,0.062500,0.003906
16,small,102,0,0.000000,0.000000
16,small,103,1,0.062500,0.003906
16,small,104,1,0.062500,0.003906
16,small,105,1,0.088388,0.007812
16,small,106,1,0.062500,0.003906
16,small,107,0,0.000000,0.000000
16,small,108,1,0.062500,0.003906
16,small,109,1,0.062500,0.003906
16,small,110,0,0.000000,0.000000
16,small,111,0,0.000000,0.000000
16,small,112,1,0.062500,0.003906
16,small,113,0,0.000000,0.000000
16,small,114,0,0.000000,0.000000
16,small,115,0,0.000000,0.000000
16,small,116,0,0.000000,0.000000
16,small,117,0,0.000000,0.000000
16,small,118,1,0.153093,0.023438
16,small,119,1,0.139754,0.019531
16,small,120,1,0.125000,0.015625
16,small,121,1,0.108253,0.011719
16,small,122,1,0.062500,0.003906
16,small,123,1,0.088388,0.007812
16,small,124,0,0.000000,0.000000
16,small,125,1,0.108253,0.011719
16,small,126,1,0.062500,0.003906
16,small,127,1,0.088388,0.007812
16,small,128,1,0.062500,0.003906
16,small,129,1,0.062500,0.003906
16,small,130,0,0.000000,0.000000
16,small,131,1,0.088388,0.007812
16,small,132,1,0.062500,0.003906
16,small,133,1,0.062500,0.003906
16,small,134,1,0.088388,0.007812
16,small,135,1,0.088388,0.007812
16,small,136,0,0.000000,0.000000
16,small,137,0,0.000000,0.000000
16,small,138,1,0.088388,0.007812
16,small,139,1,0.062500,0.003906
16,small,140,1,0.088388,0.007812
16,small,141,1,0.088388,0.007812
16,small,142,1,0.062500,0.003906
16,small,143,0,0.000000,0.000000
16,small,144,0,0.000000,0.000000
16,small,145,1,0.062500,0.003906
16,small,146,1,0.062500,0.003906
16,small,147,0,0.000000,0.000000
16,small,148,1,0.062500,0.003906
16,small,149,0,0.000000,0.000000
16,small,150,1,0.108253,0.011719
16,small,151,1,0.062500,0.003906
16,small,152,0,0.000000,0.000000
16,small,153,1,0.088388,0.007812
16,small,154,1,0.125000,0.015625
16,small,155,1,0.062500,0.003906
16,small,156,0,0.000000,0.000000
16,small,157,1,0.139754,0.019531
16,small,158,1,0.062500,0.003906
16,small,159,1,0.088388,0.007812
16,small,160,0,0.000000,0.000000
16,small,161,0,0.000000,0.000000
16,small,162,1,0.088388,0.007812
16,small,163,1,0.108253,0.011719
16,small,164,1,0.153093,0.023438
16,small,165,0,0.000000,0.000000
16,small,166,1,0.108253,0.011719
16,small,167,1,0.062500,0.003906
16,small,168,0,0.000000,0.000000
16,small,169,1,0.062500,0.003906
16,small,170,1,0.062500,0.003906
16,small,171,1,0.088388,0.007812
16,small,172,1,0.062500,0.003906
16,small,173,1,0.062500,0.003906
16,small,174,0,0.000000,0.000000
16,small,175,1,0.125000,0.015625
16,small,176,1,0.125000,0.015625
16,small,177,1,0.088388,0.007812
16,small,178,0,0.000000,0.000000
16,small,179,0,0.000000,0.000000
16,small,180,0,0.000000,0.000000
16,small,181,0,0.000000,0.000000
16,small,182,0,0.000000,0.000000
16,small,183,0,0.000000,0.000000
16,small,184,0,0.000000,0.000000
16,small,185,1,0.062500,0.003906
16,small,186,1,0.108253,0.011719
16,small,187,1,0.108253,0.011719
16,small,188,1,0.088388,0.007812
16,small,189,1,0.062500,0.003906
16,small,190,0,0.000000,0.000000
16,small,191,0,0.000000,0.000000
16,small,192,1,0.062500,0.003906
16,small,193,1,0.108253,0.011719
16,small,194,0,0.000000,0.000000
16,small,195,1,0.088388,0.007812
16,small,196,0,0.000000,0.000000
16,small,197,1,0.108253,0.011719
16,small,198,1,0.139754,0.019531
16,small,199,0,0.000000,0.000000
16,small,200,1,0.088388,0.007812
16,small,201,1,0.108253,0.011719
16,small,202,1,0.088388,0.007812
16,small,203,1,0.062500,0.003906
16,small,204,1,0.088388,0.007812
16,small,205,1,0.125000,0.015625
16,small,206,0,0.000000,0.000000
16,small,207,0,0.000000,0.000000
16,small,208,1,0.088388,0.007812
16,small,209,1,0.088388,0.007812
16,small,210,1,0.062500,0.003906
16,small,211,1,0.062500,0.003906
16,small,212,1,0.088388,0.007812
16,small,213,1,0.062500,0.003906
16,small,214,1,0.088388,0.007812
16,small,215,1,0.088388,0.007812
16,small,216,1,0.062500,0.003906
16,small,217,1,0.062500,0.003906
16,small,218,1,0.088388,0.007812
16,small,219,0,0.000000,0.000000
16,small,220,0,0.000000,0.000000
16,small,221,0,0.000000,0.000000
16,small,222,0,0.000000,0.000000
16,small,223,0,0.000000,0.000000
16,small,224,0,0.000000,0.000000
16,small,225,1,0.088388,0.007812
16,small,226,1,0.062500,0.003906
16,small,227,1,0.088388,0.007812
16,small,228,1,0.062500,0.003906
16,small,229,1,0.062500,0.003906
16,small,230,1,0.062500,0.003906
16,small,231,0,0.000000,0.000000
16,small,232,1,0.108253,0.011719
16,small,233,1,0.108253,0.011719
16,small,234,1,0.108253,0.011719
16,small,235,1,0.125000,0.015625
16,small,236,0,0.000000,0.000000
16,small,237,0,0.000000,0.000000
16,small,238,1,0.062500,0.003906
16,small,239,1,0.108253,0.011719
16,small,240,0,0.000000,0.000000
16,small,241,1,0.125000,0.015625
16,small,242,0,0.000000,0.000000
16,small,243,1,0.108253,0.011719
16,small,244,0,0.000000,0.000000
16,small,245,1,0.088388,0.007812
16,small,246,0,0.000000,0.000000
16,small,247,0,0.000000,0.000000
16,small,248,0,0.000000,0.000000
16,small,249,0,0.000000,0.000000
16,small,250,1,0.108253,0.011719
16,small,251,0,0.000000,0.000000
16,small,252,1,0.088388,0.007812
16,small,253,1,0.088388,0.007812
16,small,254,0,0.000000,0.000000
16,small,255,1,0.062500,0.003906
16,small,256,1,0.088388,0.007812
16,small,257,1,0.088388,0.007812
16,small,258,1,0.088388,0.007812
16,small,259,1,0.088388,0.007812
16,small,260,0,0.000000,0.000000
16,small,261,0,0.000000,0.000000
16,small,262,1,0.153093,0.023438
16,small,263,1,0.088388,0.007812
16,small,264,1,0.108253,0.011719
16,small,265,1,0.088388,0.007812
16,small,266,0,0.000000,0.000000
16,small,267,1,0.139754,0.019531
16,small,268,0,0.000000,0.000000
16,small,269,1,0.062500,0.003906
16,small,270,1,0.062500,0.003906
16,small,271,0,0.000000,0.000000
16,small,272,0,0.000000,0.000000
16,small,273,0,0.000000,0.000000
16,small,274,1,0.088388,0.007812
16,small,275,1,0.108253,0.011719
16,small,276,0,0.000000,0.000000
16,small,277,1,0.062500,0.003906
16,small,278,0,0.000000,0.000000
16,small,279,0,0.000000,0.000000
16,small,280,1,0.088388,0.007812
16,small,281,0,0.000000,0.000000
16,small,282,0,0.000000,0.000000
16,small,283,1,0.062500,0.003906
16,small,284,1,0.108253,0.011719
16,small,285,0,0.000000,0.000000
16,small,286,1,0.108253,0.011719
16,small,287,1,0.088388,0.007812
16,small,288,1,0.062500,0.003906
16,small,289,1,0.108253,0.011719
16,small,290,1,0.062500,0.003906
16,small,291,0,0.000000,0.000000
16,small,292,0,0.000000,0.000000
16,small,293,0,0.000000,0.000000
16,small,294,0,0.000000,0.000000
16,small,295,1,0.088388,0.007812
16,small,296,1,0.125000,0.015625
16,small,297,1,0.062500,0.003906
16,small,298,1,0.062500,0.003906
16,small,299,1,0.088388,0.007812
16,small,300,0,0.000000,0.000000
16,small,301,0,0.000000,0.000000
16,small,302,0,0.000000,0.000000
16,small,303,1,0.088388,0.007812
16,small,304,0,0.000000,0.000000
16,small,305,0,0.000000,0.000000
16,small,306,0,0.000000,0.000000
16,small,307,0,0.000000,0.000000
16,small,308,1,0.062500,0.003906
16,small,309,1,0.108253,0.011719
16,small,310,1,0.062500,0.003906
16,small,311,0,0.000000,0.000000
16,small,312,1,0.088388,0.007812
16,small,313,1,0.108253,0.011719
16,small,314,0,0.000000,0.000000
16,small,315,0,0.000000,0.000000
16,small,316,0,0.000000,0.000000
16,small,317,0,0.000000,0.000000
16,small,318,0,0.000000,0.000000
16,small,319,1,0.088388,0.007812
16,small,320,1,0.125000,0.015625
16,small,321,1,0.153093,0.023438
16,small,322,1,0.088388,0.007812
16,small,323,0,0.000000,0.000000
16,small,324,1,0.125000,0.015625
16,small,325,1,0.139754,0.019531
16,small,326,0,0.000000,0.000000
16,small,327,0,0.000000,0.000000
16,small,328,1,0.108253,0.011719
16,small,329,1,0.108253,0.011719
16,small,330,1,0.088388,0.007812
16,small,331,1,0.139754,0.019531
16,small,332,1,0.062500,0.003906
16,small,333,0,0.000000,0.000000
16,small,334,1,0.108253,0.011719
16,small,335,1,0.088388,0.007812
16,small,336,1,0.088388,0.007812
16,small,337,1,0.088388,0.007812
16,small,338,1,0.062500,0.003906
16,small,339,1,0.062500,0.003906
16,small,340,0,0.000000,0.000000
16,small,341,0,0.000000,0.000000
16,small,342,1,0.088388,0.007812
16,small,343,1,0.062500,0.003906
16,small,344,1,0.062500,0.003906
16,small,345,1,0.088388,0.007812
16,small,346,1,0.062500,0.003906
16,small,347,1,0.088388,0.007812
16,small,348,1,0.108253,0.011719
16,small,349,0,0.000000,0.000000
16,small,350,1,0.088388,0.007812
16,small,351,1,0.088388,0.007812
16,small,352,0,0.000000,0.000000
16,small,353,1,0.088388,0.007812
16,small,354,0,0.000000,0.000000
16,small,355,0,0.000000,0.000000
16,small,356,1,0.088388,0.007812
16,small,357,0,0.000000,0.000000
16,small,358,1,0.108253,0.011719
16,small,359,1,0.062500,0.003906
16,small,360,1,0.125000,0.015625
16,small,361,1,0.062500,0.003906
16,small,362,0,0.000000,0.000000
16,small,363,0,0.000000,0.000000
16,small,364,0,0.000000,0.000000
16,small,365,0,0.000000,0.000000
16,small,366,1,0.088388,0.007812
16,small,367,0,0.000000,0.000000
16,small,368,1,0.062500,0.003906
16,small,369,1,0.088388,0.007812
16,small,370,1,0.088388,0.007812
16,small,371,1,0.088388,0.007812
16,small,372,1,0.108253,0.011719
16,small,373,0,0.000000,0.000000
16,small,374,1,0.062500,0.003906
16,small,375,1,0.062500,0.003906
16,small,376,0,0.000000,0.000000
16,small,377,1,0.062500,0.003906
16,small,378,1,0.125000,0.015625
16,small,379,0,0.000000,0.000000
16,small,380,1,0.062500,0.003906
16,small,381,1,0.108253,0.011719
16,small,382,1,0.062500,0.003906
16,small,383,1,0.108253,0.011719
16,small,384,0,0.000000,0.000000
16,small,385,1,0.108253,0.011719
16,small,386,0,0.000000,0.000000
16,small,387,0,0.000000,0.000000
16,small,388,0,0.000000,0.000000
16,small,389,1,0.062500,0.003906
16,small,390,0,0.000000,0.000000
16,small,391,0,0.000000,0.000000
16,small,392,1,0.108253,0.011719
16,small,393,1,0.125000,0.015625
16,small,394,0,0.000000,0.000000
16,small,395,1,0.088388,0.007812
16,small,396,0,0.000000,0.000000
16,small,397,0,0.000000,0.000000
16,small,398,0,0.000000,0.000000
16,small,399,0,0.000000,0.000000
16,small,400,1,0.062500,0.003906
16,small,401,0,0.000000,0.000000
16,small,402,1,0.062500,0.003906
16,small,403,1,0.062500,0.003906
16,small,404,1,0.088388,0.007812
16,small,405,1,0.088388,0.007812
16,small,406,0,0.000000,0.000000
16,small,407,1,0.108253,0.011719
16,small,408,1,0.062500,0.003906
16,small,409,1,0.062500,0.003906
16,small,410,1,0.088388,0.007812
16,small,411,1,0.153093,0.023438
16,small,412,1,0.062500,0.003906
16,small,413,1,0.088388,0.007812
16,small,414,0,0.000000,0.000000
16,small,415,0,0.000000,0.000000
16,small,416,1,0.088388,0.007812
16,small,417,0,0.000000,0.000000
16,small,418,0,0.000000,0.000000
16,small,419,1,0.108253,0.011719
16,small,420,0,0.000000,0.000000
16,small,421,0,0.000000,0.000000
16,small,422,1,0.062500,0.003906
16,small,423,1,0.062500,0.003906
16,small,424,0,0.000000,0.000000
16,small,425,1,0.108253,0.011719
16,small,426,0,0.000000,0.000000
16,small,427,0,0.000000,0.000000
16,small,428,1,0.088388,0.007812
16,small,429,0,0.000000,0.000000
16,small,430,1,0.062500,0.003906
16,small,431,1,0.088388,0.007812
16,small,432,1,0.088388,0.007812
16,small,433,1,0.062500,0.003906
16,small,434,0,0.000000,0.000000
16,small,435,0,0.000000,0.000000
16,small,436,0,0.000000,0.000000
16,small,437,0,0.000000,0.000000
16,small,438,1,0.108253,0.011719
16,small,439,1,0.062500,0.003906
16,small,440,0,0.000000,0.000000
16,small,441,1,0.062500,0.003906
16,small,442,1,0.108253,0.011719
16,small,443,0,0.000000,0.000000
16,small,444,1,0.062500,0.003906
16,small,445,1,0.088388,0.007812
16,small,446,0,0.000000,0.000000
16,small,447,1,0.108253,0.011719
16,small,448,0,0.000000,0.000000
16,small,449,1,0.062500,0.003906
16,small,450,1,0.062500,0.003906
16,small,451,1,0.088388,0.007812
16,small,452,0,0.000000,0.000000
16,small,453,1,0.108253,0.011719
16,small,454,0,0.000000,0.000000
16,small,455,1,0.108253,0.011719
16,small,456,1,0.108253,0.011719
16,small,457,1,0.088388,0.007812
16,small,458,1,0.088388,0.007812
16,small,459,0,0.000000,0.000000
16,small,460,0,0.000000,0.000000
16,small,461,0,0.000000,0.000000
16,small,462,0,0.000000,0.000000
16,small,463,1,0.062500,0.003906
16,small,464,1,0.088388,0.007812
16,small,465,1,0.125000,0.015625
16,small,466,1,0.062500,0.003906
16,small,467,1,0.088388,0.007812
16,small,468,0,0.000000,0.000000
16,small,469,1,0.108253,0.011719
16,small,470,1,0.088388,0.007812
16,small,471,1,0.062500,0.003906
16,small,472,0,0.000000,0.000000
16,small,473,1,0.088388,0.007812
16,small,474,1,0.108253,0.011719
16,small,475,0,0.000000,0.000000
16,small,476,1,0.139754,0.019531
16,small,477,0,0.000000,0.000000
16,small,478,1,0.062500,0.003906
16,small,479,1,0.088388,0.007812
16,small,480,1,0.088388,0.007812
16,small,481,0,0.000000,0.000000
16,small,482,1,0.088388,0.007812
16,small,483,1,0.153093,0.023438
16,small,484,0,0.000000,0.000000
16,small,485,0,0.000000,0.000000
16,small,486,0,0.000000,0.000000
16,small,487,0,0.000000,0.000000
16,small,488,0,0.000000,0.000000
16,small,489,1,0.088388,0.007812
16,small,490,1,0.062500,0.003906
16,small,491,1,0.153093,0.023438
16,small,492,1,0.088388,0.007812
16,small,493,1,0.062500,0.003906
16,small,494,1,0.088388,0.007812
16,small,495,0,0.000000,0.000000
16,small,496,0,0.000000,0.000000
16,small,497,1,0.062500,0.003906
16,small,498,1,0.088388,0.007812
16,small,499,1,0.088388,0.007812
16,small,500,0,0.000000,0.000000
16,small,501,0,0.000000,0.000000
16,small,502,0,0.000000,0.000000
16,small,503,1,0.062500,0.003906
16,small,504,0,0.000000,0.000000
16,small,505,1,0.062500,0.003906
16,small,506,0,0.000000,0.000000
16,small,507,0,0.000000,0.000000
16,small,508,0,0.000000,0.000000
16,small,509,1,0.062500,0.003906
16,small,510,0,0.000000,0.000000
16,small,511,0,0.000000,0.000000
16,small,512,0,0.000000,0.000000
16,small,513,0,0.000000,0.000000
16,small,514,1,0.062500,0.003906
16,small,515,0,0.000000,0.000000
16,small,516,1,0.062500,0.003906
16,small,517,1,0.062500,0.003906
16,small,518,1,0.062500,0.003906
16,small,519,1,0.062500,0.003906
16,small,520,1,0.088388,0.007812
16,small,521,1,0.125000,0.015625
16,small,522,1,0.088388,0.007812
16,small,523,1,0.108253,0.011719
16,small,524,1,0.108253,0.011719
16,small,525,0,0.000000,0.000000
16,small,526,0,0.000000,0.000000
16,small,527,0,0.000000,0.000000
16,small,528,0,0.000000,0.000000
16,small,529,1,0.088388,0.007812
16,small,530,0,0.000000,0.000000
16,small,531,0,0.000000,0.000000
16,small,532,0,0.000000,0.000000
16,small,533,1,0.088388,0.007812
16,small,534,1,0.062500,0.003906
16,small,535,0,0.000000,0.000000
16,small,536,0,0.000000,0.000000
16,small,537,1,0.108253,0.011719
16,small,538,1,0.062500,0.003906
16,small,539,0,0.000000,0.000000
16,small,540,1,0.062500,0.003906
16,small,541,1,0.062500,0.003906
16,small,542,0,0.000000,0.000000
16,small,543,1,0.062500,0.003906
16,small,544,1,0.108253,0.011719
16,small,545,1,0.088388,0.007812
16,small,546,0,0.000000,0.000000
16,small,547,1,0.108253,0.011719
16,small,548,0,0.000000,0.000000
16,small,549,0,0.000000,0.000000
16,small,550,0,0.000000,0.000000
16,small,551,1,0.062500,0.003906
16,small,552,1,0.088388,0.007812
16,small,553,0,0.000000,0.000000
16,small,554,1,0.062500,0.003906
16,small,555,0,0.000000,0.000000
16,small,556,0,0.000000,0.000000
16,small,557,1,0.108253,0.011719
16,small,558,0,0.000000,0.000000
16,small,559,0,0.000000,0.000000
16,small,560,0,0.000000,0.000000
16,small,561,1,0.062500,0.003906
16,small,562,1,0.062500,0.003906
16,small,563,0,0.000000,0.000000
16,small,564,1,0.062500,0.003906
16,small,565,1,0.088388,0.007812
16,small,566,1,0.088388,0.007812
16,small,567,1,0.108253,0.011719
16,small,568,1,0.088388,0.007812
16,small,569,0,0.000000,0.000000
16,small,570,1,0.088388,0.007812
16,small,571,1,0.062500,0.003906
16,small,572,0,0.000000,0.000000
16,small,573,1,0.088388,0.007812
16,small,574,1,0.062500,0.003906
16,small,575,0,0.000000,0.000000
16,small,576,1,0.062500,0.003906
16,small,577,0,0.000000,0.000000
16,small,578,1,0.108253,0.011719
16,small,579,1,0.062500,0.003906
16,small,580,0,0.000000,0.000000
16,small,581,0,0.000000,0.000000
16,small,582,1,0.088388,0.007812
16,small,583,1,0.088388,0.007812
16,small,584,0,0.000000,0.000000
16,small,585,1,0.108253,0.011719
16,small,586,0,0.000000,0.000000
16,small,587,1,0.125000,0.015625
16,small,588,0,0.000000,0.000000
16,small,589,1,0.062500,0.003906
16,small,590,1,0.088388,0.007812
16,small,591,0,0.000000,0.000000
16,small,592,0,0.000000,0.000000
16,small,593,1,0.139754,0.019531
16,small,594,1,0.088388,0.007812
16,small,595,1,0.088388,0.007812
16,small,596,1,0.062500,0.003906
16,small,597,0,0.000000,0.000000
16,small,598,1,0.088388,0.007812
16,small,599,0,0.000000,0.000000
16,small,600,0,0.000000,0.000000
16,small,601,0,0.000000,0.000000
16,small,602,1,0.153093,0.023438
16,small,603,1,0.108253,0.011719
16,small,604,0,0.000000,0.000000
16,small,605,1,0.062500,0.003906
16,small,606,0,0.000000,0.000000
16,small,607,0,0.000000,0.000000
16,small,608,0,0.000000,0.000000
16,small,609,0,0.000000,0.000000
16,small,610,1,0.062500,0.003906
16,small,611,1,0.108253,0.011719
16,small,612,1,0.088388,0.007812
16,small,613,0,0.000000,0.000000
16,small,614,1,0.088388,0.007812
16,small,615,0,0.000000,0.000000
16,small,616,1,0.062500,0.003906
16,small,617,0,0.000000,0.000000
16,small,618,0,0.000000,0.000000
16,small,619,1,0.062500,0.003906
16,small,620,0,0.000000,0.000000
16,small,621,1,0.088388,0.007812
16,small,622,0,0.000000,0.000000
16,small,623,0,0.000000,0.000000
16,small,624,1,0.062500,0.003906
16,small,625,1,0.088388,0.007812
16,small,626,1,0.088388,0.007812
16,small,627,1,0.062500,0.003906
16,small,628,1,0.108253,0.011719
16,small,629,0,0.000000,0.000000
16,small,630,1,0.108253,0.011719
16,small,631,1,0.062500,0.003906
16,small,632,1,0.125000,0.015625
16,small,633,1,0.088388,0.007812
16,small,634,1,0.062500,0.003906
16,small,635,1,0.088388,0.007812
16,small,636,0,0.000000,0.000000
16,small,637,1,0.108253,0.011719
16,small,638,1,0.108253,0.011719
16,small,639,1,0.108253,0.011719
16,small,640,1,0.088388,0.007812
16,small,641,1,0.062500,0.003906
16,small,642,1,0.062500,0.003906
16,small,643,1,0.062500,0.003906
16,small,644,0,0.000000,0.000000
16,small,645,1,0.088388,0.007812
16,small,646,1,0.062500,0.003906
16,small,647,0,0.000000,0.000000
16,small,648,0,0.000000,0.000000
16,small,649,0,0.000000,0.000000
16,small,650,0,0.000000,0.000000
16,small,651,1,0.139754,0.019531
16,small,652,1,0.108253,0.011719
16,small,653,0,0.000000,0.000000
16,small,654,0,0.000000,0.000000
16,small,655,0,0.000000,0.000000
16,small,656,1,0.088388,0.007812
16,small,657,1,0.088388,0.007812
16,small,658,0,0.000000,0.000000
16,small,659,1,0.062500,0.003906
16,small,660,0,0.000000,0.000000
16,small,661,1,0.088388,0.007812
16,small,662,1,0.108253,0.011719
16,small,663,0,0.000000,0.000000
16,small,664,1,0.062500,0.003906
16,small,665,0,0.000000,0.000000
16,small,666,0,0.000000,0.000000
16,small,667,0,0.000000,0.000000
16,small,668,1,0.125000,0.015625
16,small,669,1,0.108253,0.011719
16,small,670,0,0.000000,0.000000
16,small,671,1,0.088388,0.007812
16,small,672,1,0.062500,0.003906
16,small,673,1,0.062500,0.003906
16,small,674,0,0.000000,0.000000
16,small,675,0,0.000000,0.000000
16,small,676,1,0.088388,0.007812
16,small,677,0,0.000000,0.000000
16,small,678,0,0.000000,0.000000
16,small,679,1,0.108253,0.011719
16,small,680,0,0.000000,0.000000
16,small,681,1,0.062500,0.003906
16,small,682,1,0.062500,0.003906
16,small,683,0,0.000000,0.000000
16,small,684,0,0.000000,0.000000
16,small,685,1,0.062500,0.003906
16,small,686,0,0.000000,0.000000
16,small,687,0,0.000000,0.000000
16,small,688,1,0.088388,0.007812
16,small,689,1,0.062500,0.003906
16,small,690,1,0.062500,0.003906
16,small,691,0,0.000000,0.000000
16,small,692,0,0.000000,0.000000
16,small,693,1,0.062500,0.003906
16,small,694,0,0.000000,0.000000
16,small,695,1,0.062500,0.003906
16,small,696,0,0.000000,0.000000
16,small,697,0,0.000000,0.000000
16,small,698,0,0.000000,0.000000
16,small,699,1,0.108253,0.011719
16,small,700,1,0.108253,0.011719
16,small,701,1,0.088388,0.007812
16,small,702,1,0.108253,0.011719
16,small,703,1,0.125000,0.015625
16,small,704,1,0.062500,0.003906
16,small,705,1,0.088388,0.007812
16,small,706,0,0.000000,0.000000
16,small,707,0,0.000000,0.000000
16,small,708,0,0.000000,0.000000
16,small,709,1,0.139754,0.019531
16,small,710,1,0.062500,0.003906
16,small,711,0,0.000000,0.000000
16,small,712,0,0.000000,0.000000
16,small,713,1,0.088388,0.007812
16,small,714,1,0.088388,0.007812
16,small,715,0,0.000000,0.000000
16,small,716,0,0.000000,0.000000
16,small,717,1,0.062500,0.003906
16,small,718,1,0.062500,0.003906
16,small,719,1,0.062500,0.003906
16,small,720,0,0.000000,0.000000
16,small,721,1,0.108253,0.011719
16,small,722,1,0.187500,0.035156
16,small,723,0,0.000000,0.000000
16,small,724,0,0.000000,0.000000
16,small,725,1,0.088388,0.007812
16,small,726,1,0.062500,0.003906
16,small,727,1,0.062500,0.003906
16,small,728,1,0.088388,0.007812
16,small,729,1,0.088388,0.007812
16,small,730,0,0.000000,0.000000
16,small,731,1,0.062500,0.003906
16,small,732,1,0.088388,0.007812
16,small,733,0,0.000000,0.000000
16,small,734,0,0.000000,0.000000
16,small,735,0,0.000000,0.000000
16,small,736,0,0.000000,0.000000
16,small,737,0,0.000000,0.000000
16,small,738,1,0.088388,0.007812
16,small,739,0,0.000000,0.000000
16,small,740,1,0.088388,0.007812
16,small,741,0,0.000000,0.000000
16,small,742,1,0.062500,0.003906
16,small,743,0,0.000000,0.000000
16,small,744,0,0.000000,0.000000
16,small,745,1,0.062500,0.003906
16,small,746,0,0.000000,0.000000
16,small,747,1,0.108253,0.011719
16,small,748,1,0.062500,0.003906
16,small,749,1,0.062500,0.003906
16,small,750,1,0.062500,0.003906
16,small,751,1,0.062500,0.003906
16,small,752,1,0.062500,0.003906
16,small,753,1,0.062500,0.003906
16,small,754,1,0.062500,0.003906
16,small,755,1,0.062500,0.003906
16,small,756,1,0.062500,0.003906
16,small,757,1,0.088388,0.007812
16,small,758,1,0.088388,0.007812
16,small,759,0,0.000000,0.000000
16,small,760,1,0.062500,0.003906
16,small,761,0,0.000000,0.000000
16,small,762,1,0.062500,0.003906
16,small,763,0,0.000000,0.000000
16,small,764,1,0.108253,0.011719
16,small,765,1,0.062500,0.003906
16,small,766,1,0.062500,0.003906
16,small,767,0,0.000000,0.000000
16,small,768,1,0.062500,0.003906
16,small,769,1,0.062500,0.003906
16,small,770,1,0.108253,0.011719
16,small,771,1,0.125000,0.015625
16,small,772,0,0.000000,0.000000
16,small,773,1,0.062500,0.003906
16,small,774,1,0.125000,0.015625
16,small,775,1,0.108253,0.011719
16,small,776,1,0.088388,0.007812
16,small,777,1,0.062500,0.003906
16,small,778,1,0.062500,0.003906
16,small,779,0,0.000000,0.000000
16,small,780,0,0.000000,0.000000
16,small,781,1,0.062500,0.003906
16,small,782,0,0.000000,0.000000
16,small,783,1,0.108253,0.011719
16,small,784,0,0.000000,0.000000
16,small,785,1,0.108253,0.011719
16,small,786,1,0.125000,0.015625
16,small,787,0,0.000000,0.000000
16,small,788,1,0.125000,0.015625
16,small,789,0,0.000000,0.000000
16,small,790,1,0.125000,0.015625
16,small,791,1,0.062500,0.003906
16,small,792,1,0.108253,0.011719
16,small,793,1,0.108253,0.011719
16,small,794,1,0.108253,0.011719
16,small,795,1,0.125000,0.015625
16,small,796,1,0.062500,0.003906
16,small,797,1,0.062500,0.003906
16,small,798,1,0.125000,0.015625
16,small,799,0,0.000000,0.000000
16,small,800,1,0.088388,0.007812
16,small,801,1,0.108253,0.011719
16,small,802,1,0.088388,0.007812
16,small,803,1,0.108253,0.011719
16,small,804,1,0.062500,0.003906
16,small,805,0,0.000000,0.000000
16,small,806,1,0.062500,0.003906
16,small,807,1,0.062500,0.003906
16,small,808,1,0.062500,0.003906
16,small,809,0,0.000000,0.000000
16,small,810,1,0.062500,0.003906
16,small,811,1,0.062500,0.003906
16,small,812,0,0.000000,0.000000
16,small,813,0,0.000000,0.000000
16,small,814,0,0.000000,0.000000
16,small,815,1,0.062500,0.003906
16,small,816,1,0.088388,0.007812
16,small,817,1,0.062500,0.003906
16,small,818,0,0.000000,0.000000
16,small,819,1,0.062500,0.003906
16,small,820,1,0.088388,0.007812
16,small,821,1,0.088388,0.007812
16,small,822,0,0.000000,0.000000
16,small,823,1,0.125000,0.015625
16,small,824,0,0.000000,0.000000
16,small,825,1,0.062500,0.003906
16,small,826,0,0.000000,0.000000
16,small,827,0,0.000000,0.000000
16,small,828,1,0.108253,0.011719
16,small,829,1,0.062500,0.003906
16,small,830,0,0.000000,0.000000
16,small,831,1,0.062500,0.003906
16,small,832,0,0.000000,0.000000
16,small,833,0,0.000000,0.000000
16,small,834,1,0.108253,0.011719
16,small,835,1,0.088388,0.007812
16,small,836,0,0.000000,0.000000
16,small,837,1,0.062500,0.003906
16,small,838,1,0.108253,0.011719
16,small,839,0,0.000000,0.000000
16,small,840,1,0.125000,0.015625
16,small,841,0,0.000000,0.000000
16,small,842,1,0.125000,0.015625
16,small,843,0,0.000000,0.000000
16,small,844,1,0.108253,0.011719
16,small,845,1,0.088388,0.007812
16,small,846,1,0.088388,0.007812
16,small,847,1,0.108253,0.011719
16,small,848,0,0.000000,0.000000
16,small,849,0,0.000000,0.000000
16,small,850,1,0.088388,0.007812
16,small,851,0,0.000000,0.000000
16,small,852,1,0.062500,0.003906
16,small,853,1,0.062500,0.003906
16,small,854,1,0.108253,0.011719
16,small,855,1,0.062500,0.003906
16,small,856,0,0.000000,0.000000
16,small,857,1,0.088388,0.007812
16,small,858,1,0.088388,0.007812
16,small,859,0,0.000000,0.000000
16,small,860,1,0.088388,0.007812
16,small,861,0,0.000000,0.000000
16,small,862,1,0.062500,0.003906
16,small,863,1,0.139754,0.019531
16,small,864,0,0.000000,0.000000
16,small,865,1,0.088388,0.007812
16,small,866,0,0.000000,0.000000
16,small,867,0,0.000000,0.000000
16,small,868,0,0.000000,0.000000
16,small,869,1,0.062500,0.003906
16,small,870,1,0.062500,0.003906
16,small,871,1,0.108253,0.011719
16,small,872,1,0.062500,0.003906
16,small,873,0,0.000000,0.000000
16,small,874,0,0.000000,0.000000
16,small,875,1,0.125000,0.015625
16,small,876,1,0.125000,0.015625
16,small,877,1,0.088388,0.007812
16,small,878,0,0.000000,0.000000
16,small,879,1,0.108253,0.011719
16,small,880,1,0.062500,0.003906
16,small,881,1,0.108253,0.011719
16,small,882,0,0.000000,0.000000
16,small,883,1,0.062500,0.003906
16,small,884,1,0.088388,0.007812
16,small,885,1,0.062500,0.003906
16,small,886,0,0.000000,0.000000
16,small,887,0,0.000000,0.000000
16,small,888,1,0.108253,0.011719
16,small,889,1,0.062500,0.003906
16,small,890,1,0.062500,0.003906
16,small,891,1,0.088388,0.007812
16,small,892,1,0.108253,0.011719
16,small,893,1,0.062500,0.003906
16,small,894,0,0.000000,0.000000
16,small,895,0,0.000000,0.000000
16,small,896,1,0.108253,0.011719
16,small,897,1,0.088388,0.007812
16,small,898,1,0.088388,0.007812
16,small,899,0,0.000000,0.000000
16,small,900,1,0.062500,0.003906
16,small,901,1,0.088388,0.007812
16,small,902,0,0.000000,0.000000
16,small,903,1,0.088388,0.007812
16,small,904,1,0.062500,0.003906
16,small,905,0,0.000000,0.000000
16,small,906,0,0.000000,0.000000
16,small,907,1,0.088388,0.007812
16,small,908,1,0.062500,0.003906
16,small,909,0,0.000000,0.000000
16,small,910,1,0.062500,0.003906
16,small,911,0,0.000000,0.000000
16,small,912,1,0.139754,0.019531
16,small,913,1,0.088388,0.007812
16,small,914,1,0.062500,0.003906
16,small,915,1,0.125000,0.015625
16,small,916,0,0.000000,0.000000
16,small,917,0,0.000000,0.000000
16,small,918,1,0.108253,0.011719
16,small,919,0,0.000000,0.000000
16,small,920,0,0.000000,0.000000
16,small,921,1,0.062500,0.003906
16,small,922,0,0.000000,0.000000
16,small,923,1,0.125000,0.015625
16,small,924,0,0.000000,0.000000
16,small,925,1,0.062500,0.003906
16,small,926,0,0.000000,0.000000
16,small,927,1,0.062500,0.003906
16,small,928,1,0.062500,0.003906
16,small,929,0,0.000000,0.000000
16,small,930,0,0.000000,0.000000
16,small,931,0,0.000000,0.000000
16,small,932,0,0.000000,0.000000
16,small,933,1,0.062500,0.003906
16,small,934,0,0.000000,0.000000
16,small,935,1,0.088388,0.007812
16,small,936,1,0.062500,0.003906
16,small,937,1,0.125000,0.015625
16,small,938,1,0.088388,0.007812
16,small,939,0,0.000000,0.000000
16,small,940,0,0.000000,0.000000
16,small,941,0,0.000000,0.000000
16,small,942,1,0.062500,0.003906
16,small,943,0,0.000000,0.000000
16,small,944,1,0.062500,0.003906
16,small,945,1,0.062500,0.003906
16,small,946,1,0.088388,0.007812
16,small,947,1,0.088388,0.007812
16,small,948,0,0.000000,0.000000
16,small,949,1,0.062500,0.003906
16,small,950,1,0.125000,0.015625
16,small,951,1,0.088388,0.007812
16,small,952,0,0.000000,0.000000
16,small,953,1,0.139754,0.019531
16,small,954,0,0.000000,0.000000
16,small,955,1,0.108253,0.011719
16,small,956,1,0.062500,0.003906
16,small,957,0,0.000000,0.000000
16,small,958,1,0.062500,0.003906
16,small,959,0,0.000000,0.000000
16,small,960,0,0.000000,0.000000
16,small,961,1,0.088388,0.007812
16,small,962,0,0.000000,0.000000
16,small,963,1,0.088388,0.007812
16,small,964,0,0.000000,0.000000
16,small,965,1,0.062500,0.003906
16,small,966,1,0.062500,0.003906
16,small,967,0,0.000000,0.000000
16,small,968,1,0.062500,0.003906
16,small,969,0,0.000000,0.000000
16,small,970,1,0.062500,0.003906
16,small,971,0,0.000000,0.000000
16,small,972,0,0.000000,0.000000
16,small,973,1,0.153093,0.023438
16,small,974,0,0.000000,0.000000
16,small,975,0,0.000000,0.000000
16,small,976,1,0.062500,0.003906
16,small,977,0,0.000000,0.000000
16,small,978,0,0.000000,0.000000
16,small,979,1,0.062500,0.003906
16,small,980,1,0.088388,0.007812
16,small,981,0,0.000000,0.000000
16,small,982,1,0.139754,0.019531
16,small,983,0,0.000000,0.000000
16,small,984,1,0.062500,0.003906
16,small,985,1,0.062500,0.003906
16,small,986,1,0.088388,0.007812
16,small,987,1,0.062500,0.003906
16,small,988,0,0.000000,0.000000
16,small,989,1,0.062500,0.003906
16,small,990,1,0.088388,0.007812
16,small,991,0,0.000000,0.000000
16,small,992,1,0.062500,0.003906
16,small,993,1,0.088388,0.007812
16,small,994,1,0.088388,0.007812
16,small,995,1,0.062500,0.003906
16,small,996,1,0.153093,0.023438
16,small,997,1,0.062500,0.003906
16,small,998,1,0.088388,0.007812
16,small,999,1,0.088388,0.007812
32,small,0,1,0.098821,0.009766
32,small,1,1,0.082680,0.006836
32,small,2,1,0.088388,0.007812
32,small,3,1,0.031250,0.000977
32,small,4,1,0.062500,0.003906
32,small,5,1,0.098821,0.009766
32,small,6,1,0.088388,0.007812
32,small,7,1,0.069877,0.004883
32,small,8,1,0.082680,0.006836
32,small,9,1,0.082680,0.006836
32,small,10,1,0.069877,0.004883
32,small,11,1,0.054127,0.002930
32,small,12,1,0.088388,0.007812
32,small,13,1,0.093750,0.008789
32,small,14,1,0.088388,0.007812
32,small,15,1,0.069877,0.004883
32,small,16,1,0.088388,0.007812
32,small,17,1,0.088388,0.007812
32,small,18,1,0.062500,0.003906
32,small,19,1,0.082680,0.006836
32,small,20,1,0.069877,0.004883
32,small,21,1,0.088388,0.007812
32,small,22,1,0.044194,0.001953
32,small,23,1,0.062500,0.003906
32,small,24,1,0.098821,0.009766
32,small,25,1,0.069877,0.004883
32,small,26,1,0.098821,0.009766
32,small,27,1,0.082680,0.006836
32,small,28,1,0.076547,0.005859
32,small,29,1,0.062500,0.003906
32,small,30,1,0.116927,0.013672
32,small,31,1,0.088388,0.007812
32,small,32,1,0.062500,0.003906
32,small,33,1,0.062500,0.003906
32,small,34,1,0.054127,0.002930
32,small,35,1,0.093750,0.008789
32,small,36,1,0.082680,0.006836
32,small,37,1,0.069877,0.004883
32,small,38,1,0.044194,0.001953
32,small,39,1,0.076547,0.005859
32,small,40,1,0.069877,0.004883
32,small,41,1,0.054127,0.002930
32,small,42,1,0.044194,0.001953
32,small,43,1,0.069877,0.004883
32,small,44,1,0.093750,0.008789
32,small,45,1,0.088388,0.007812
32,small,46,1,0.082680,0.006836
32,small,47,1,0.062500,0.003906
32,small,48,1,0.076547,0.005859
32,small,49,1,0.108253,0.011719
32,small,50,1,0.076547,0.005859
32,small,51,1,0.076547,0.005859
32,small,52,1,0.098821,0.009766
32,small,53,1,0.112673,0.012695
32,small,54,1,0.054127,0.002930
32,small,55,1,0.076547,0.005859
32,small,56,1,0.088388,0.007812
32,small,57,1,0.062500,0.003906
32,small,58,1,0.116927,0.013672
32,small,59,1,0.069877,0.004883
32,small,60,1,0.103645,0.010742
32,small,61,1,0.082680,0.006836
32,small,62,1,0.069877,0.004883
32,small,63,1,0.076547,0.005859
32,small,64,1,0.098821,0.009766
32,small,65,1,0.088388,0.007812
32,small,66,1,0.076547,0.005859
32,small,67,1,0.054127,0.002930
32,small,68,1,0.062500,0.003906
32,small,69,1,0.112673,0.012695
32,small,70,1,0.082680,0.006836
32,small,71,1,0.082680,0.006836
32,small,72,1,0.082680,0.006836
32,small,73,1,0.069877,0.004883
32,small,74,1,0.082680,0.006836
32,small,75,1,0.076547,0.005859
32,small,76,1,0.044194,0.001953
32,small,77,1,0.062500,0.003906
32,small,78,1,0.054127,0.002930
32,small,79,1,0.054127,0.002930
32,small,80,1,0.044194,0.001953
32,small,81,1,0.082680,0.006836
32,small,82,1,0.088388,0.007812
32,small,83,1,0.044194,0.001953
32,small,84,1,0.108253,0.011719
32,small,85,1,0.088388,0.007812
32,small,86,1,0.062500,0.003906
32,small,87,1,0.098821,0.009766
32,small,88,1,0.093750,0.008789
32,small,89,1,0.044194,0.001953
32,small,90,1,0.076547,0.005859
32,small,91,1,0.054127,0.002930
32,small,92,1,0.044194,0.001953
32,small,93,1,0.069877,0.004883
32,small,94,1,0.093750,0.008789
32,small,95,1,0.093750,0.008789
32,small,96,1,0.069877,0.004883
32,small,97,1,0.093750,0.008789
32,small,98,1,0.069877,0.004883
32,small,99,1,0.069877,0.004883
32,small,100,1,0.076547,0.005859
32,small,101,1,0.054127,0.002930
32,small,102,1,0.088388,0.007812
32,small,103,1,0.093750,0.008789
32,small,104,1,0.069877,0.004883
32,small,105,1,0.076547,0.005859
32,small,106,1,0.069877,0.004883
32,small,107,1,0.098821,0.009766
32,small,108,1,0.062500,0.003906
32,small,109,1,0.103645,0.010742
32,small,110,1,0.093750,0.008789
32,small,111,1,0.088388,0.007812
32,small,112,1,0.076547,0.005859
32,small,113,1,0.069877,0.004883
32,small,114,1,0.069877,0.004883
32,small,115,1,0.044194,0.001953
32,small,116,1,0.082680,0.006836
32,small,117,1,0.128847,0.016602
32,small,118,1,0.069877,0.004883
32,small,119,1,0.076547,0.005859
32,small,120,1,0.069877,0.004883
32,small,121,1,0.093750,0.008789
32,small,122,1,0.076547,0.005859
32,small,123,1,0.093750,0.008789
32,small,124,1,0.062500,0.003906
32,small,125,1,0.044194,0.001953
32,small,126,1,0.082680,0.006836
32,small,127,1,0.069877,0.004883
32,small,128,1,0.076547,0.005859
32,small,129,1,0.031250,0.000977
32,small,130,1,0.076547,0.005859
32,small,131,1,0.108253,0.011719
32,small,132,1,0.076547,0.005859
32,small,133,1,0.054127,0.002930
32,small,134,1,0.082680,0.006836
32,small,135,1,0.062500,0.003906
32,small,136,1,0.098821,0.009766
32,small,137,1,0.082680,0.006836
32,small,138,1,0.076547,0.005859
32,small,139,1,0.062500,0.003906
32,small,140,1,0.093750,0.008789
32,small,141,1,0.108253,0.011719
32,small,142,1,0.093750,0.008789
32,small,143,1,0.062500,0.003906
32,small,144,1,0.093750,0.008789
32,small,145,1,0.076547,0.005859
32,small,146,1,0.031250,0.000977
32,small,147,1,0.054127,0.002930
32,small,148,1,0.108253,0.011719
32,small,149,1,0.108253,0.011719
32,small,150,1,0.062500,0.003906
32,small,151,1,0.088388,0.007812
32,small,152,1,0.069877,0.004883
32,small,153,1,0.103645,0.010742
32,small,154,1,0.069877,0.004883
32,small,155,1,0.062500,0.003906
32,small,156,1,0.031250,0.000977
32,small,157,1,0.062500,0.003906
32,small,158,1,0.088388,0.007812
32,small,159,1,0.069877,0.004883
32,small,160,1,0.088388,0.007812
32,small,161,1,0.103645,0.010742
32,small,162,1,0.054127,0.002930
32,small,163,1,0.054127,0.002930
32,small,164,1,0.054127,0.002930
32,small,165,1,0.088388,0.007812
32,small,166,1,0.082680,0.006836
32,small,167,1,0.103645,0.010742
32,small,168,1,0.082680,0.006836
32,small,169,1,0.093750,0.008789
32,small,170,1,0.098821,0.009766
32,small,171,1,0.082680,0.006836
32,small,172,1,0.062500,0.003906
32,small,173,1,0.082680,0.006836
32,small,174,1,0.093750,0.008789
32,small,175,1,0.098821,0.009766
32,small,176,1,0.069877,0.004883
32,small,177,1,0.054127,0.002930
32,small,178,1,0.108253,0.011719
32,small,179,1,0.044194,0.001953
32,small,180,1,0.054127,0.002930
32,small,181,1,0.076547,0.005859
32,small,182,1,0.088388,0.007812
32,small,183,1,0.108253,0.011719
32,small,184,1,0.088388,0.007812
32,small,185,1,0.054127,0.002930
32,small,186,1,0.116927,0.013672
32,small,187,1,0.062500,0.003906
32,small,188,1,0.082680,0.006836
32,small,189,1,0.088388,0.007812
32,small,190,1,0.121031,0.014648
32,small,191,1,0.044194,0.001953
32,small,192,1,0.093750,0.008789
32,small,193,1,0.054127,0.002930
32,small,194,1,0.062500,0.003906
32,small,195,1,0.069877,0.004883
32,small,196,1,0.082680,0.006836
32,small,197,1,0.044194,0.001953
32,small,198,1,0.076547,0.005859
32,small,199,1,0.069877,0.004883
32,small,200,1,0.088388,0.007812
32,small,201,1,0.062500,0.003906
32,small,202,1,0.076547,0.005859
32,small,203,1,0.088388,0.007812
32,small,204,1,0.069877,0.004883
32,small,205,1,0.069877,0.004883
32,small,206,1,0.069877,0.004883
32,small,207,1,0.076547,0.005859
32,small,208,1,0.108253,0.011719
32,small,209,1,0.103645,0.010742
32,small,210,1,0.054127,0.002930
32,small,211,1,0.044194,0.001953
32,small,212,1,0.069877,0.004883
32,small,213,1,0.098821,0.009766
32,small,214,1,0.082680,0.006836
32,small,215,1,0.069877,0.004883
32,small,216,0,0.000000,0.000000
32,small,217,1,0.098821,0.009766
32,small,218,1,0.054127,0.002930
32,small,219,1,0.044194,0.001953
32,small,220,1,0.082680,0.006836
32,small,221,1,0.082680,0.006836
32,small,222,1,0.069877,0.004883
32,small,223,1,0.076547,0.005859
32,small,224,1,0.054127,0.002930
32,small,225,1,0.098821,0.009766
32,small,226,1,0.062500,0.003906
32,small,227,1,0.069877,0.004883
32,small,228,1,0.062500,0.003906
32,small,229,1,0.098821,0.009766
32,small,230,1,0.143205,0.020508
32,small,231,1,0.062500,0.003906
32,small,232,1,0.088388,0.007812
32,small,233,1,0.088388,0.007812
32,small,234,1,0.076547,0.005859
32,small,235,1,0.044194,0.001953
32,small,236,1,0.108253,0.011719
32,small,237,1,0.076547,0.005859
32,small,238,1,0.076547,0.005859
32,small,239,1,0.069877,0.004883
32,small,240,1,0.093750,0.008789
32,small,241,1,0.103645,0.010742
32,small,242,1,0.093750,0.008789
32,small,243,1,0.054127,0.002930
32,small,244,1,0.082680,0.006836
32,small,245,1,0.093750,0.008789
32,small,246,1,0.076547,0.005859
32,small,247,1,0.108253,0.011719
32,small,248,1,0.069877,0.004883
32,small,249,1,0.076547,0.005859
32,small,250,1,0.088388,0.007812
32,small,251,1,0.082680,0.006836
32,small,252,1,0.082680,0.006836
32,small,253,1,0.076547,0.005859
32,small,254,1,0.098821,0.009766
32,small,255,1,0.103645,0.010742
32,small,256,1,0.031250,0.000977
32,small,257,1,0.062500,0.003906
32,small,258,1,0.098821,0.009766
32,small,259,1,0.098821,0.009766
32,small,260,1,0.082680,0.006836
32,small,261,1,0.076547,0.005859
32,small,262,1,0.088388,0.007812
32,small,263,1,0.088388,0.007812
32,small,264,1,0.076547,0.005859
32,small,265,1,0.108253,0.011719
32,small,266,1,0.062500,0.003906
32,small,267,1,0.088388,0.007812
32,small,268,1,0.093750,0.008789
32,small,269,1,0.062500,0.003906
32,small,270,1,0.062500,0.003906
32,small,271,1,0.069877,0.004883
32,small,272,1,0.098821,0.009766
32,small,273,1,0.076547,0.005859
32,small,274,1,0.044194,0.001953
32,small,275,1,0.098821,0.009766
32,small,276,1,0.054127,0.002930
32,small,277,0,0.000000,0.000000
32,small,278,1,0.093750,0.008789
32,small,279,0,0.000000,0.000000
32,small,280,1,0.054127,0.002930
32,small,281,1,0.076547,0.005859
32,small,282,1,0.121031,0.014648
32,small,283,1,0.082680,0.006836
32,small,284,1,0.093750,0.008789
32,small,285,1,0.098821,0.009766
32,small,286,1,0.116927,0.013672
32,small,287,1,0.062500,0.003906
32,small,288,1,0.076547,0.005859
32,small,289,1,0.069877,0.004883
32,small,290,1,0.069877,0.004883
32,small,291,1,0.076547,0.005859
32,small,292,1,0.082680,0.006836
32,small,293,1,0.069877,0.004883
32,small,294,1,0.128847,0.016602
32,small,295,1,0.062500,0.003906
32,small,296,1,0.088388,0.007812
32,small,297,1,0.082680,0.006836
32,small,298,1,0.108253,0.011719
32,small,299,1,0.076547,0.005859
32,small,300,1,0.093750,0.008789
32,small,301,1,0.054127,0.002930
32,small,302,1,0.093750,0.008789
32,small,303,1,0.076547,0.005859
32,small,304,1,0.054127,0.002930
32,small,305,1,0.069877,0.004883
32,small,306,1,0.082680,0.006836
32,small,307,1,0.093750,0.008789
32,small,308,1,0.069877,0.004883
32,small,309,1,0.082680,0.006836
32,small,310,1,0.054127,0.002930
32,small,311,1,0.076547,0.005859
32,small,312,1,0.069877,0.004883
32,small,313,1,0.121031,0.014648
32,small,314,1,0.054127,0.002930
32,small,315,1,0.076547,0.005859
32,small,316,1,0.069877,0.004883
32,small,317,1,0.044194,0.001953
32,small,318,1,0.082680,0.006836
32,small,319,1,0.069877,0.004883
32,small,320,1,0.093750,0.008789
32,small,321,1,0.088388,0.007812
32,small,322,1,0.098821,0.009766
32,small,323,1,0.076547,0.005859
32,small,324,1,0.054127,0.002930
32,small,325,1,0.082680,0.006836
32,small,326,1,0.076547,0.005859
32,small,327,1,0.098821,0.009766
32,small,328,1,0.093750,0.008789
32,small,329,1,0.069877,0.004883
32,small,330,0,0.000000,0.000000
32,small,331,1,0.082680,0.006836
32,small,332,1,0.098821,0.009766
32,small,333,1,0.076547,0.005859
32,small,334,1,0.108253,0.011719
32,small,335,1,0.076547,0.005859
32,small,336,1,0.069877,0.004883
32,small,337,1,0.031250,0.000977
32,small,338,1,0.076547,0.005859
32,small,339,1,0.062500,0.003906
32,small,340,1,0.069877,0.004883
32,small,341,1,0.076547,0.005859
32,small,342,1,0.062500,0.003906
32,small,343,1,0.062500,0.003906
32,small,344,1,0.062500,0.003906
32,small,345,1,0.082680,0.006836
32,small,346,1,0.044194,0.001953
32,small,347,1,0.031250,0.000977
32,small,348,1,0.108253,0.011719
32,small,349,1,0.054127,0.002930
32,small,350,1,0.069877,0.004883
32,small,351,1,0.054127,0.002930
32,small,352,1,0.069877,0.004883
32,small,353,1,0.082680,0.006836
32,small,354,1,0.108253,0.011719
32,small,355,1,0.069877,0.004883
32,small,356,1,0.093750,0.008789
32,small,357,1,0.082680,0.006836
32,small,358,1,0.062500,0.003906
32,small,359,0,0.000000,0.000000
32,small,360,1,0.076547,0.005859
32,small,361,1,0.076547,0.005859
32,small,362,1,0.054127,0.002930
32,small,363,1,0.054127,0.002930
32,small,364,1,0.088388,0.007812
32,small,365,1,0.069877,0.004883
32,small,366,1,0.088388,0.007812
32,small,367,1,0.082680,0.006836
32,small,368,1,0.098821,0.009766
32,small,369,1,0.031250,0.000977
32,small,370,1,0.082680,0.006836
32,small,371,1,0.088388,0.007812
32,small,372,1,0.076547,0.005859
32,small,373,1,0.116927,0.013672
32,small,374,1,0.093750,0.008789
32,small,375,1,0.103645,0.010742
32,small,376,1,0.108253,0.011719
32,small,377,1,0.069877,0.004883
32,small,378,1,0.069877,0.004883
32,small,379,1,0.044194,0.001953
32,small,380,1,0.069877,0.004883
32,small,381,1,0.082680,0.006836
32,small,382,1,0.088388,0.007812
32,small,383,1,0.054127,0.002930
32,small,384,1,0.069877,0.004883
32,small,385,1,0.062500,0.003906
32,small,386,1,0.098821,0.009766
32,small,387,1,0.093750,0.008789
32,small,388,1,0.054127,0.002930
32,small,389,1,0.098821,0.009766
32,small,390,1,0.044194,0.001953
32,small,391,1,0.062500,0.003906
32,small,392,1,0.088388,0.007812
32,small,393,1,0.108253,0.011719
32,small,394,1,0.069877,0.004883
32,small,395,1,0.069877,0.004883
32,small,396,1,0.103645,0.010742
32,small,397,1,0.082680,0.006836
32,small,398,1,0.062500,0.003906
32,small,399,1,0.076547,0.005859
32,small,400,1,0.062500,0.003906
32,small,401,1,0.069877,0.004883
32,small,402,1,0.082680,0.006836
32,small,403,1,0.076547,0.005859
32,small,404,1,0.044194,0.001953
32,small,405,1,0.076547,0.005859
32,small,406,1,0.088388,0.007812
32,small,407,1,0.082680,0.006836
32,small,408,1,0.082680,0.006836
32,small,409,1,0.076547,0.005859
32,small,410,1,0.044194,0.001953
32,small,411,1,0.069877,0.004883
32,small,412,1,0.132583,0.017578
32,small,413,1,0.112673,0.012695
32,small,414,1,0.088388,0.007812
32,small,415,1,0.069877,0.004883
32,small,416,1,0.069877,0.004883
32,small,417,1,0.076547,0.005859
32,small,418,1,0.054127,0.002930
32,small,419,1,0.062500,0.003906
32,small,420,1,0.076547,0.005859
32,small,421,1,0.054127,0.002930
32,small,422,1,0.054127,0.002930
32,small,423,1,0.044194,0.001953
32,small,424,1,0.054127,0.002930
32,small,425,1,0.103645,0.010742
32,small,426,1,0.093750,0.008789
32,small,427,1,0.088388,0.007812
32,small,428,1,0.103645,0.010742
32,small,429,1,0.088388,0.007812
32,small,430,1,0.088388,0.007812
32,small,431,1,0.082680,0.006836
32,small,432,1,0.093750,0.008789
32,small,433,1,0.082680,0.006836
32,small,434,1,0.093750,0.008789
32,small,435,1,0.062500,0.003906
32,small,436,1,0.069877,0.004883
32,small,437,1,0.062500,0.003906
32,small,438,1,0.098821,0.009766
32,small,439,1,0.093750,0.008789
32,small,440,1,0.069877,0.004883
32,small,441,1,0.082680,0.006836
32,small,442,1,0.082680,0.006836
32,small,443,1,0.062500,0.003906
32,small,444,1,0.093750,0.008789
32,small,445,1,0.069877,0.004883
32,small,446,1,0.098821,0.009766
32,small,447,1,0.069877,0.004883
32,small,448,1,0.088388,0.007812
32,small,449,1,0.062500,0.003906
32,small,450,1,0.054127,0.002930
32,small,451,1,0.069877,0.004883
32,small,452,1,0.069877,0.004883
32,small,453,1,0.108253,0.011719
32,small,454,1,0.076547,0.005859
32,small,455,1,0.082680,0.006836
32,small,456,1,0.103645,0.010742
32,small,457,1,0.069877,0.004883
32,small,458,1,0.103645,0.010742
32,small,459,1,0.093750,0.008789
32,small,460,1,0.062500,0.003906
32,small,461,1,0.088388,0.007812
32,small,462,1,0.069877,0.004883
32,small,463,1,0.108253,0.011719
32,small,464,1,0.054127,0.002930
32,small,465,1,0.098821,0.009766
32,small,466,1,0.082680,0.006836
32,small,467,1,0.069877,0.004883
32,small,468,1,0.082680,0.006836
32,small,469,1,0.062500,0.003906
32,small,470,1,0.088388,0.007812
32,small,471,1,0.093750,0.008789
32,small,472,1,0.069877,0.004883
32,small,473,1,0.044194,0.001953
32,small,474,1,0.088388,0.007812
32,small,475,1,0.093750,0.008789
32,small,476,1,0.069877,0.004883
32,small,477,1,0.098821,0.009766
32,small,478,1,0.088388,0.007812
32,small,479,1,0.062500,0.003906
32,small,480,1,0.082680,0.006836
32,small,481,1,0.054127,0.002930
32,small,482,1,0.088388,0.007812
32,small,483,1,0.082680,0.006836
32,small,484,1,0.069877,0.004883
32,small,485,1,0.076547,0.005859
32,small,486,1,0.088388,0.007812
32,small,487,1,0.069877,0.004883
32,small,488,1,0.093750,0.008789
32,small,489,1,0.069877,0.004883
32,small,490,1,0.069877,0.004883
32,small,491,1,0.054127,0.002930
32,small,492,1,0.103645,0.010742
32,small,493,1,0.076547,0.005859
32,small,494,1,0.069877,0.004883
32,small,495,1,0.082680,0.006836
32,small,496,1,0.062500,0.003906
32,small,497,1,0.112673,0.012695
32,small,498,1,0.062500,0.003906
32,small,499,1,0.062500,0.003906
32,small,500,1,0.082680,0.006836
32,small,501,1,0.098821,0.009766
32,small,502,1,0.088388,0.007812
32,small,503,1,0.098821,0.009766
32,small,504,1,0.098821,0.009766
32,small,505,1,0.044194,0.001953
32,small,506,1,0.062500,0.003906
32,small,507,1,0.082680,0.006836
32,small,508,1,0.103645,0.010742
32,small,509,1,0.062500,0.003906
32,small,510,1,0.076547,0.005859
32,small,511,1,0.103645,0.010742
32,small,512,1,0.093750,0.008789
32,small,513,1,0.082680,0.006836
32,small,514,1,0.093750,0.008789
32,small,515,1,0.093750,0.008789
32,small,516,1,0.062500,0.003906
32,small,517,1,0.069877,0.004883
32,small,518,1,0.054127,0.002930
32,small,519,1,0.076547,0.005859
32,small,520,1,0.098821,0.009766
32,small,521,1,0.112673,0.012695
32,small,522,1,0.103645,0.010742
32,small,523,1,0.076547,0.005859
32,small,524,1,0.069877,0.004883
32,small,525,1,0.093750,0.008789
32,small,526,1,0.044194,0.001953
32,small,527,1,0.062500,0.003906
32,small,528,1,0.082680,0.006836
32,small,529,1,0.112673,0.012695
32,small,530,1,0.076547,0.005859
32,small,531,1,0.098821,0.009766
32,small,532,1,0.062500,0.003906
32,small,533,1,0.069877,0.004883
32,small,534,1,0.062500,0.003906
32,small,535,1,0.103645,0.010742
32,small,536,1,0.088388,0.007812
32,small,537,1,0.088388,0.007812
32,small,538,1,0.093750,0.008789
32,small,539,1,0.093750,0.008789
32,small,540,1,0.103645,0.010742
32,small,541,1,0.088388,0.007812
32,small,542,1,0.069877,0.004883
32,small,543,1,0.069877,0.004883
32,small,544,1,0.082680,0.006836
32,small,545,1,0.088388,0.007812
32,small,546,1,0.103645,0.010742
32,small,547,1,0.098821,0.009766
32,small,548,1,0.098821,0.009766
32,small,549,1,0.112673,0.012695
32,small,550,1,0.093750,0.008789
32,small,551,1,0.031250,0.000977
32,small,552,1,0.044194,0.001953
32,small,553,1,0.069877,0.004883
32,small,554,1,0.069877,0.004883
32,small,555,1,0.062500,0.003906
32,small,556,1,0.082680,0.006836
32,small,557,1,0.088388,0.007812
32,small,558,1,0.139754,0.019531
32,small,559,1,0.098821,0.009766
32,small,560,1,0.076547,0.005859
32,small,561,1,0.069877,0.004883
32,small,562,1,0.082680,0.006836
32,small,563,1,0.076547,0.005859
32,small,564,1,0.103645,0.010742
32,small,565,1,0.098821,0.009766
32,small,566,1,0.062500,0.003906
32,small,567,1,0.069877,0.004883
32,small,568,1,0.062500,0.003906
32,small,569,1,0.088388,0.007812
32,small,570,1,0.082680,0.006836
32,small,571,1,0.054127,0.002930
32,small,572,1,0.132583,0.017578
32,small,573,1,0.093750,0.008789
32,small,574,1,0.054127,0.002930
32,small,575,1,0.082680,0.006836
32,small,576,0,0.000000,0.000000
32,small,577,1,0.076547,0.005859
32,small,578,1,0.044194,0.001953
32,small,579,1,0.088388,0.007812
32,small,580,1,0.076547,0.005859
32,small,581,1,0.069877,0.004883
32,small,582,1,0.044194,0.001953
32,small,583,1,0.054127,0.002930
32,small,584,1,0.093750,0.008789
32,small,585,1,0.116927,0.013672
32,small,586,1,0.088388,0.007812
32,small,587,1,0.093750,0.008789
32,small,588,1,0.103645,0.010742
32,small,589,1,0.088388,0.007812
32,small,590,1,0.069877,0.004883
32,small,591,1,0.082680,0.006836
32,small,592,1,0.093750,0.008789
32,small,593,1,0.062500,0.003906
32,small,594,1,0.112673,0.012695
32,small,595,1,0.076547,0.005859
32,small,596,1,0.093750,0.008789
32,small,597,1,0.054127,0.002930
32,small,598,1,0.082680,0.006836
32,small,599,1,0.069877,0.004883
32,small,600,1,0.062500,0.003906
32,small,601,1,0.076547,0.005859
32,small,602,1,0.082680,0.006836
32,small,603,1,0.062500,0.003906
32,small,604,1,0.069877,0.004883
32,small,605,1,0.093750,0.008789
32,small,606,1,0.093750,0.008789
32,small,607,1,0.044194,0.001953
32,small,608,1,0.098821,0.009766
32,small,609,1,0.082680,0.006836
32,small,610,1,0.093750,0.008789
32,small,611,1,0.088388,0.007812
32,small,612,1,0.076547,0.005859
32,small,613,1,0.093750,0.008789
32,small,614,1,0.069877,0.004883
32,small,615,1,0.069877,0.004883
32,small,616,1,0.088388,0.007812
32,small,617,1,0.069877,0.004883
32,small,618,1,0.076547,0.005859
32,small,619,1,0.069877,0.004883
32,small,620,1,0.082680,0.006836
32,small,621,1,0.093750,0.008789
32,small,622,1,0.069877,0.004883
32,small,623,1,0.062500,0.003906
32,small,624,1,0.103645,0.010742
32,small,625,1,0.062500,0.003906
32,small,626,1,0.098821,0.009766
32,small,627,1,0.103645,0.010742
32,small,628,1,0.054127,0.002930
32,small,629,1,0.082680,0.006836
32,small,630,1,0.076547,0.005859
32,small,631,1,0.076547,0.005859
32,small,632,1,0.054127,0.002930
32,small,633,1,0.088388,0.007812
32,small,634,1,0.062500,0.003906
32,small,635,1,0.082680,0.006836
32,small,636,1,0.088388,0.007812
32,small,637,1,0.054127,0.002930
32,small,638,1,0.062500,0.003906
32,small,639,1,0.054127,0.002930
32,small,640,1,0.088388,0.007812
32,small,641,1,0.098821,0.009766
32,small,642,1,0.062500,0.003906
32,small,643,0,0.000000,0.000000
32,small,644,1,0.093750,0.008789
32,small,645,1,0.062500,0.003906
32,small,646,1,0.103645,0.010742
32,small,647,1,0.088388,0.007812
32,small,648,1,0.103645,0.010742
32,small,649,1,0.093750,0.008789
32,small,650,1,0.062500,0.003906
32,small,651,1,0.054127,0.002930
32,small,652,1,0.088388,0.007812
32,small,653,1,0.125000,0.015625
32,small,654,1,0.076547,0.005859
32,small,655,1,0.054127,0.002930
32,small,656,1,0.088388,0.007812
32,small,657,1,0.088388,0.007812
32,small,658,1,0.088388,0.007812
32,small,659,1,0.076547,0.005859
32,small,660,1,0.082680,0.006836
32,small,661,1,0.088388,0.007812
32,small,662,1,0.076547,0.005859
32,small,663,1,0.076547,0.005859
32,small,664,1,0.082680,0.006836
32,small,665,1,0.082680,0.006836
32,small,666,1,0.062500,0.003906
32,small,667,1,0.069877,0.004883
32,small,668,1,0.082680,0.006836
32,small,669,1,0.044194,0.001953
32,small,670,1,0.088388,0.007812
32,small,671,1,0.062500,0.003906
32,small,672,1,0.062500,0.003906
32,small,673,1,0.054127,0.002930
32,small,674,1,0.069877,0.004883
32,small,675,1,0.062500,0.003906
32,small,676,1,0.098821,0.009766
32,small,677,1,0.062500,0.003906
32,small,678,1,0.069877,0.004883
32,small,679,1,0.082680,0.006836
32,small,680,1,0.054127,0.002930
32,small,681,1,0.054127,0.002930
32,small,682,1,0.076547,0.005859
32,small,683,1,0.121031,0.014648
32,small,684,1,0.069877,0.004883
32,small,685,1,0.098821,0.009766
32,small,686,1,0.098821,0.009766
32,small,687,1,0.116927,0.013672
32,small,688,1,0.069877,0.004883
32,small,689,1,0.054127,0.002930
32,small,690,1,0.054127,0.002930
32,small,691,1,0.069877,0.004883
32,small,692,1,0.062500,0.003906
32,small,693,1,0.062500,0.003906
32,small,694,1,0.088388,0.007812
32,small,695,1,0.062500,0.003906
32,small,696,1,0.062500,0.003906
32,small,697,1,0.062500,0.003906
32,small,698,1,0.062500,0.003906
32,small,699,1,0.069877,0.004883
32,small,700,1,0.054127,0.002930
32,small,701,1,0.062500,0.003906
32,small,702,1,0.062500,0.003906
32,small,703,1,0.062500,0.003906
32,small,704,1,0.082680,0.006836
32,small,705,1,0.062500,0.003906
32,small,706,1,0.076547,0.005859
32,small,707,1,0.108253,0.011719
32,small,708,1,0.076547,0.005859
32,small,709,1,0.069877,0.004883
32,small,710,1,0.076547,0.005859
32,small,711,1,0.062500,0.003906
32,small,712,1,0.098821,0.009766
32,small,713,1,0.076547,0.005859
32,small,714,1,0.062500,0.003906
32,small,715,1,0.054127,0.002930
32,small,716,1,0.062500,0.003906
32,small,717,1,0.088388,0.007812
32,small,718,1,0.062500,0.003906
32,small,719,1,0.069877,0.004883
32,small,720,1,0.076547,0.005859
32,small,721,1,0.069877,0.004883
32,small,722,1,0.093750,0.008789
32,small,723,1,0.093750,0.008789
32,small,724,1,0.108253,0.011719
32,small,725,1,0.062500,0.003906
32,small,726,1,0.082680,0.006836
32,small,727,1,0.093750,0.008789
32,small,728,1,0.093750,0.008789
32,small,729,1,0.093750,0.008789
32,small,730,1,0.088388,0.007812
32,small,731,1,0.082680,0.006836
32,small,732,1,0.054127,0.002930
32,small,733,1,0.031250,0.000977
32,small,734,1,0.069877,0.004883
32,small,735,1,0.069877,0.004883
32,small,736,1,0.044194,0.001953
32,small,737,1,0.062500,0.003906
32,small,738,1,0.069877,0.004883
32,small,739,1,0.062500,0.003906
32,small,740,1,0.093750,0.008789
32,small,741,1,0.103645,0.010742
32,small,742,1,0.088388,0.007812
32,small,743,1,0.112673,0.012695
32,small,744,1,0.062500,0.003906
32,small,745,1,0.069877,0.004883
32,small,746,1,0.082680,0.006836
32,small,747,1,0.076547,0.005859
32,small,748,1,0.069877,0.004883
32,small,749,1,0.069877,0.004883
32,small,750,1,0.044194,0.001953
32,small,751,1,0.062500,0.003906
32,small,752,1,0.069877,0.004883
32,small,753,1,0.062500,0.003906
32,small,754,1,0.054127,0.002930
32,small,755,1,0.098821,0.009766
32,small,756,1,0.103645,0.010742
32,small,757,1,0.103645,0.010742
32,small,758,1,0.069877,0.004883
32,small,759,1,0.076547,0.005859
32,small,760,1,0.082680,0.006836
32,small,761,1,0.062500,0.003906
32,small,762,1,0.054127,0.002930
32,small,763,1,0.076547,0.005859
32,small,764,1,0.054127,0.002930
32,small,765,1,0.108253,0.011719
32,small,766,1,0.076547,0.005859
32,small,767,1,0.093750,0.008789
32,small,768,1,0.062500,0.003906
32,small,769,1,0.076547,0.005859
32,small,770,1,0.088388,0.007812
32,small,771,1,0.069877,0.004883
32,small,772,1,0.054127,0.002930
32,small,773,1,0.062500,0.003906
32,small,774,1,0.082680,0.006836
32,small,775,1,0.076547,0.005859
32,small,776,1,0.108253,0.011719
32,small,777,1,0.076547,0.005859
32,small,778,1,0.062500,0.003906
32,small,779,1,0.076547,0.005859
32,small,780,1,0.069877,0.004883
32,small,781,1,0.062500,0.003906
32,small,782,1,0.054127,0.002930
32,small,783,1,0.054127,0.002930
32,small,784,1,0.093750,0.008789
32,small,785,1,0.088388,0.007812
32,small,786,1,0.069877,0.004883
32,small,787,1,0.112673,0.012695
32,small,788,1,0.082680,0.006836
32,small,789,1,0.082680,0.006836
32,small,790,1,0.076547,0.005859
32,small,791,1,0.103645,0.010742
32,small,792,1,0.088388,0.007812
32,small,793,1,0.076547,0.005859
32,small,794,1,0.054127,0.002930
32,small,795,1,0.069877,0.004883
32,small,796,1,0.069877,0.004883
32,small,797,1,0.069877,0.004883
32,small,798,1,0.112673,0.012695
32,small,799,1,0.069877,0.004883
32,small,800,1,0.098821,0.009766
32,small,801,1,0.069877,0.004883
32,small,802,1,0.108253,0.011719
32,small,803,1,0.088388,0.007812
32,small,804,1,0.062500,0.003906
32,small,805,1,0.076547,0.005859
32,small,806,1,0.069877,0.004883
32,small,807,1,0.088388,0.007812
32,small,808,1,0.076547,0.005859
32,small,809,1,0.062500,0.003906
32,small,810,1,0.054127,0.002930
32,small,811,1,0.103645,0.010742
32,small,812,1,0.062500,0.003906
32,small,813,1,0.062500,0.003906
32,small,814,1,0.031250,0.000977
32,small,815,1,0.093750,0.008789
32,small,816,1,0.082680,0.006836
32,small,817,1,0.076547,0.005859
32,small,818,1,0.062500,0.003906
32,small,819,1,0.082680,0.006836
32,small,820,1,0.054127,0.002930
32,small,821,1,0.069877,0.004883
32,small,822,1,0.076547,0.005859
32,small,823,1,0.062500,0.003906
32,small,824,1,0.093750,0.008789
32,small,825,1,0.069877,0.004883
32,small,826,1,0.069877,0.004883
32,small,827,1,0.069877,0.004883
32,small,828,1,0.082680,0.006836
32,small,829,1,0.054127,0.002930
32,small,830,1,0.082680,0.006836
32,small,831,1,0.076547,0.005859
32,small,832,1,0.121031,0.014648
32,small,833,1,0.062500,0.003906
32,small,834,1,0.121031,0.014648
32,small,835,1,0.062500,0.003906
32,small,836,1,0.076547,0.005859
32,small,837,1,0.076547,0.005859
32,small,838,1,0.044194,0.001953
32,small,839,1,0.093750,0.008789
32,small,840,1,0.093750,0.008789
32,small,841,1,0.108253,0.011719
32,small,842,1,0.082680,0.006836
32,small,843,1,0.082680,0.006836
32,small,844,1,0.098821,0.009766
32,small,845,1,0.062500,0.003906
32,small,846,1,0.098821,0.009766
32,small,847,1,0.082680,0.006836
32,small,848,1,0.062500,0.003906
32,small,849,1,0.088388,0.007812
32,small,850,1,0.082680,0.006836
32,small,851,1,0.062500,0.003906
32,small,852,1,0.082680,0.006836
32,small,853,1,0.103645,0.010742
32,small,854,1,0.069877,0.004883
32,small,855,1,0.069877,0.004883
32,small,856,1,0.069877,0.004883
32,small,857,1,0.076547,0.005859
32,small,858,1,0.088388,0.007812
32,small,859,1,0.069877,0.004883
32,small,860,1,0.076547,0.005859
32,small,861,1,0.054127,0.002930
32,small,862,1,0.076547,0.005859
32,small,863,1,0.076547,0.005859
32,small,864,1,0.054127,0.002930
32,small,865,1,0.121031,0.014648
32,small,866,1,0.082680,0.006836
32,small,867,1,0.044194,0.001953
32,small,868,1,0.088388,0.007812
32,small,869,1,0.093750,0.008789
32,small,870,1,0.098821,0.009766
32,small,871,1,0.054127,0.002930
32,small,872,1,0.076547,0.005859
32,small,873,1,0.103645,0.010742
32,small,874,1,0.044194,0.001953
32,small,875,1,0.054127,0.002930
32,small,876,1,0.069877,0.004883
32,small,877,1,0.093750,0.008789
32,small,878,1,0.098821,0.009766
32,small,879,1,0.082680,0.006836
32,small,880,1,0.098821,0.009766
32,small,881,1,0.093750,0.008789
32,small,882,1,0.076547,0.005859
32,small,883,1,0.088388,0.007812
32,small,884,1,0.088388,0.007812
32,small,885,1,0.044194,0.001953
32,small,886,1,0.121031,0.014648
32,small,887,1,0.054127,0.002930
32,small,888,1,0.082680,0.006836
32,small,889,1,0.082680,0.006836
32,small,890,1,0.076547,0.005859
32,small,891,1,0.093750,0.008789
32,small,892,1,0.082680,0.006836
32,small,893,1,0.069877,0.004883
32,small,894,1,0.076547,0.005859
32,small,895,1,0.031250,0.000977
32,small,896,1,0.062500,0.003906
32,small,897,1,0.062500,0.003906
32,small,898,1,0.062500,0.003906
32,small,899,1,0.044194,0.001953
32,small,900,1,0.098821,0.009766
32,small,901,1,0.108253,0.011719
32,small,902,1,0.093750,0.008789
32,small,903,1,0.062500,0.003906
32,small,904,1,0.088388,0.007812
32,small,905,1,0.082680,0.006836
32,small,906,1,0.103645,0.010742
32,small,907,1,0.076547,0.005859
32,small,908,1,0.031250,0.000977
32,small,909,1,0.103645,0.010742
32,small,910,1,0.082680,0.006836
32,small,911,1,0.076547,0.005859
32,small,912,1,0.088388,0.007812
32,small,913,1,0.076547,0.005859
32,small,914,1,0.116927,0.013672
32,small,915,1,0.098821,0.009766
32,small,916,1,0.062500,0.003906
32,small,917,1,0.088388,0.007812
32,small,918,1,0.069877,0.004883
32,small,919,1,0.098821,0.009766
32,small,920,1,0.062500,0.003906
32,small,921,1,0.062500,0.003906
32,small,922,1,0.088388,0.007812
32,small,923,1,0.093750,0.008789
32,small,924,1,0.062500,0.003906
32,small,925,1,0.054127,0.002930
32,small,926,1,0.069877,0.004883
32,small,927,1,0.093750,0.008789
32,small,928,1,0.088388,0.007812
32,small,929,1,0.069877,0.004883
32,small,930,1,0.088388,0.007812
32,small,931,1,0.121031,0.014648
32,small,932,1,0.108253,0.011719
32,small,933,1,0.103645,0.010742
32,small,934,1,0.069877,0.004883
32,small,935,1,0.082680,0.006836
32,small,936,1,0.082680,0.006836
32,small,937,1,0.069877,0.004883
32,small,938,1,0.082680,0.006836
32,small,939,1,0.076547,0.005859
32,small,940,1,0.088388,0.007812
32,small,941,1,0.093750,0.008789
32,small,942,1,0.088388,0.007812
32,small,943,1,0.054127,0.002930
32,small,944,1,0.116927,0.013672
32,small,945,1,0.082680,0.006836
32,small,946,1,0.093750,0.008789
32,small,947,1,0.088388,0.007812
32,small,948,1,0.062500,0.003906
32,small,949,1,0.069877,0.004883
32,small,950,1,0.103645,0.010742
32,small,951,1,0.054127,0.002930
32,small,952,1,0.069877,0.004883
32,small,953,1,0.054127,0.002930
32,small,954,1,0.098821,0.009766
32,small,955,1,0.098821,0.009766
32,small,956,1,0.054127,0.002930
32,small,957,1,0.044194,0.001953
32,small,958,1,0.098821,0.009766
32,small,959,1,0.069877,0.004883
32,small,960,1,0.103645,0.010742
32,small,961,1,0.093750,0.008789
32,small,962,1,0.088388,0.007812
32,small,963,1,0.044194,0.001953
32,small,964,1,0.088388,0.007812
32,small,965,1,0.076547,0.005859
32,small,966,1,0.076547,0.005859
32,small,967,1,0.093750,0.008789
32,small,968,1,0.088388,0.007812
32,small,969,1,0.082680,0.006836
32,small,970,1,0.082680,0.006836
32,small,971,1,0.088388,0.007812
32,small,972,1,0.093750,0.008789
32,small,973,1,0.098821,0.009766
32,small,974,1,0.076547,0.005859
32,small,975,1,0.082680,0.006836
32,small,976,1,0.069877,0.004883
32,small,977,1,0.062500,0.003906
32,small,978,1,0.062500,0.003906
32,small,979,1,0.076547,0.005859
32,small,980,1,0.082680,0.006836
32,small,981,1,0.069877,0.004883
32,small,982,1,0.062500,0.003906
32,small,983,1,0.088388,0.007812
32,small,984,1,0.082680,0.006836
32,small,985,1,0.062500,0.003906
32,small,986,1,0.088388,0.007812
32,small,987,1,0.088388,0.007812
32,small,988,1,0.062500,0.003906
32,small,989,1,0.076547,0.005859
32,small,990,1,0.044194,0.001953
32,small,991,1,0.088388,0.007812
32,small,992,1,0.069877,0.004883
32,small,993,1,0.069877,0.004883
32,small,994,1,0.069877,0.004883
32,small,995,1,0.093750,0.008789
32,small,996,1,0.044194,0.001953
32,small,997,1,0.054127,0.002930
32,small,998,1,0.098821,0.009766
32,small,999,1,0.069877,0.004883
4,medium,0,0,0.000000,0.000000
4,medium,1,0,0.000000,0.000000
4,medium,2,0,0.000000,0.000000
4,medium,3,0,0.000000,0.000000
4,medium,4,0,0.000000,0.000000
4,medium,5,0,0.000000,0.000000
4,medium,6,0,0.000000,0.000000
4,medium,7,0,0.000000,0.000000
4,medium,8,0,0.000000,0.000000
4,medium,9,0,0.000000,0.000000
4,medium,10,0,0.000000,0.000000
4,medium,11,0,0.000000,0.000000
4,medium,12,0,0.000000,0.000000
4,medium,13,0,0.000000,0.000000
4,medium,14,0,0.000000,0.000000
4,medium,15,0,0.000000,0.000000
4,medium,16,0,0.000000,0.000000
4,medium,17,1,0.353553,0.125000
4,medium,18,0,0.000000,0.000000
4,medium,19,0,0.000000,0.000000
4,medium,20,1,0.250000,0.062500
4,medium,21,0,0.000000,0.000000
4,medium,22,1,0.250000,0.062500
4,medium,23,0,0.000000,0.000000
4,medium,24,0,0.000000,0.000000
4,medium,25,0,0.000000,0.000000
4,medium,26,0,0.000000,0.000000
4,medium,27,0,0.000000,0.000000
4,medium,28,0,0.000000,0.000000
4,medium,29,0,0.000000,0.000000
4,medium,30,1,0.353553,0.125000
4,medium,31,0,0.000000,0.000000
4,medium,32,0,0.000000,0.000000
4,medium,33,0,0.000000,0.000000
4,medium,34,0,0.000000,0.000000
4,medium,35,0,0.000000,0.000000
4,medium,36,0,0.000000,0.000000
4,medium,37,0,0.000000,0.000000
4,medium,38,0,0.000000,0.000000
4,medium,39,0,0.000000,0.000000
4,medium,40,0,0.000000,0.000000
4,medium,41,0,0.000000,0.000000
4,medium,42,0,0.000000,0.000000
4,medium,43,0,0.000000,0.000000
4,medium,44,1,0.353553,0.125000
4,medium,45,0,0.000000,0.000000
4,medium,46,0,0.000000,0.000000
4,medium,47,0,0.000000,0.000000
4,medium,48,0,0.000000,0.000000
4,medium,49,0,0.000000,0.000000
4,medium,50,1,0.250000,0.062500
4,medium,51,0,0.000000,0.000000
4,medium,52,0,0.000000,0.000000
4,medium,53,0,0.000000,0.000000
4,medium,54,0,0.000000,0.000000
4,medium,55,0,0.000000,0.000000
4,medium,56,1,0.250000,0.062500
4,medium,57,0,0.000000,0.000000
4,medium,58,0,0.000000,0.000000
4,medium,59,0,0.000000,0.000000
4,medium,60,0,0.000000,0.000000
4,medium,61,1,0.353553,0.125000
4,medium,62,0,0.000000,0.000000
4,medium,63,0,0.000000,0.000000
4,medium,64,0,0.000000,0.000000
4,medium,65,0,0.000000,0.000000
4,medium,66,0,0.000000,0.000000
4,medium,67,0,0.000000,0.000000
4,medium,68,0,0.000000,0.000000
4,medium,69,0,0.000000,0.000000
4,medium,70,0,0.000000,0.000000
4,medium,71,0,0.000000,0.000000
4,medium,72,1,0.250000,0.062500
4,medium,73,1,0.250000,0.062500
4,medium,74,0,0.000000,0.000000
4,medium,75,0,0.000000,0.000000
4,medium,76,0,0.000000,0.000000
4,medium,77,1,0.353553,0.125000
4,medium,78,0,0.000000,0.000000
4,medium,79,0,0.000000,0.000000
4,medium,80,0,0.000000,0.000000
4,medium,81,0,0.000000,0.000000
4,medium,82,0,0.000000,0.000000
4,medium,83,0,0.000000,0.000000
4,medium,84,0,0.000000,0.000000
4,medium,85,0,0.000000,0.000000
4,medium,86,0,0.000000,0.000000
4,medium,87,0,0.000000,0.000000
4,medium,88,0,0.000000,0.000000
4,medium,89,0,0.000000,0.000000
4,medium,90,0,0.000000,0.000000
4,medium,91,0,0.000000,0.000000
4,medium,92,0,0.000000,0.000000
4,medium,93,0,0.000000,0.000000
4,medium,94,0,0.000000,0.000000
4,medium,95,0,0.000000,0.000000
4,medium,96,0,0.000000,0.000000
4,medium,97,0,0.000000,0.000000
4,medium,98,1,0.353553,0.125000
4,medium,99,0,0.000000,0.000000
4,medium,100,0,0.000000,0.000000
4,medium,101,1,0.353553,0.125000
4,medium,102,0,0.000000,0.000000
4,medium,103,0,0.000000,0.000000
4,medium,104,0,0.000000,0.000000
4,medium,105,1,0.353553,0.125000
4,medium,106,0,0.000000,0.000000
4,medium,107,0,0.000000,0.000000
4,medium,108,0,0.000000,0.000000
4,medium,109,0,0.000000,0.000000
4,medium,110,0,0.000000,0.000000
4,medium,111,0,0.000000,0.000000
4,medium,112,0,0.000000,0.000000
4,medium,113,0,0.000000,0.000000
4,medium,114,1,0.250000,0.062500
4,medium,115,0,0.000000,0.000000
4,medium,116,0,0.000000,0.000000
4,medium,117,0,0.000000,0.000000
4,medium,118,1,0.353553,0.125000
4,medium,119,0,0.000000,0.000000
4,medium,120,1,0.353553,0.125000
4,medium,121,0,0.000000,0.000000
4,medium,122,0,0.000000,0.000000
4,medium,123,0,0.000000,0.000000
4,medium,124,0,0.000000,0.000000
4,medium,125,1,0.250000,0.062500
4,medium,126,0,0.000000,0.000000
4,medium,127,0,0.000000,0.000000
4,medium,128,1,0.353553,0.125000
4,medium,129,0,0.000000,0.000000
4,medium,130,0,0.000000,0.000000
4,medium,131,0,0.000000,0.000000
4,medium,132,0,0.000000,0.000000
4,medium,133,0,0.000000,0.000000
4,medium,134,0,0.000000,0.000000
4,medium,135,0,0.000000,0.000000
4,medium,136,1,0.250000,0.062500
4,medium,137,1,0.250000,0.062500
4,medium,138,0,0.000000,0.000000
4,medium,139,0,0.000000,0.000000
4,medium,140,0,0.000000,0.000000
4,medium,141,0,0.000000,0.000000
4,medium,142,0,0.000000,0.000000
4,medium,143,0,0.000000,0.000000
4,medium,144,1,0.250000,0.062500
4,medium,145,0,0.000000,0.000000
4,medium,146,0,0.000000,0.000000
4,medium,147,1,0.250000,0.062500
4,medium,148,0,0.000000,0.000000
4,medium,149,0,0.000000,0.000000
4,medium,150,0,0.000000,0.000000
4,medium,151,0,0.000000,0.000000
4,medium,152,1,0.353553,0.125000
4,medium,153,0,0.000000,0.000000
4,medium,154,0,0.000000,0.000000
4,medium,155,0,0.000000,0.000000
4,medium,156,0,0.000000,0.000000
4,medium,157,1,0.353553,0.125000
4,medium,158,0,0.000000,0.000000
4,medium,159,1,0.250000,0.062500
4,medium,160,0,0.000000,0.000000
4,medium,161,0,0.000000,0.000000
4,medium,162,0,0.000000,0.000000
4,medium,163,0,0.000000,0.000000
4,medium,164,0,0.000000,0.000000
4,medium,165,0,0.000000,0.000000
4,medium,166,0,0.000000,0.000000
4,medium,167,1,0.353553,0.125000
4,medium,168,1,0.250000,0.062500
4,medium,169,0,0.000000,0.000000
4,medium,170,1,0.353553,0.125000
4,medium,171,0,0.000000,0.000000
4,medium,172,0,0.000000,0.000000
4,medium,173,0,0.000000,0.000000
4,medium,174,1,0.250000,0.062500
4,medium,175,0,0.000000,0.000000
4,medium,176,0,0.000000,0.000000
4,medium,177,0,0.000000,0.000000
4,medium,178,1,0.353553,0.125000
4,medium,179,0,0.000000,0.000000
4,medium,180,0,0.000000,0.000000
4,medium,181,0,0.000000,0.000000
4,medium,182,0,0.000000,0.000000
4,medium,183,0,0.000000,0.000000
4,medium,184,0,0.000000,0.000000
4,medium,185,0,0.000000,0.000000
4,medium,186,1,0.250000,0.062500
4,medium,187,1,0.353553,0.125000
4,medium,188,0,0.000000,0.000000
4,medium,189,0,0.000000,0.000000
4,medium,190,0,0.000000,0.000000
4,medium,191,0,0.000000,0.000000
4,medium,192,0,0.000000,0.000000
4,medium,193,0,0.000000,0.000000
4,medium,194,0,0.000000,0.000000
4,medium,195,0,0.000000,0.000000
4,medium,196,0,0.000000,0.000000
4,medium,197,0,0.000000,0.000000
4,medium,198,1,0.353553,0.125000
4,medium,199,0,0.000000,0.000000
4,medium,200,0,0.000000,0.000000
4,medium,201,0,0.000000,0.000000
4,medium,202,0,0.000000,0.000000
4,medium,203,1,0.250000,0.062500
4,medium,204,0,0.000000,0.000000
4,medium,205,0,0.000000,0.000000
4,medium,206,0,0.000000,0.000000
4,medium,207,0,0.000000,0.000000
4,medium,208,1,0.250000,0.062500
4,medium,209,0,0.000000,0.000000
4,medium,210,0,0.000000,0.000000
4,medium,211,0,0.000000,0.000000
4,medium,212,1,0.250000,0.062500
4,medium,213,1,0.250000,0.062500
4,medium,214,0,0.000000,0.000000
4,medium,215,1,0.250000,0.062500
4,medium,216,0,0.000000,0.000000
4,medium,217,0,0.000000,0.000000
4,medium,218,0,0.000000,0.000000
4,medium,219,0,0.000000,0.000000
4,medium,220,0,0.000000,0.000000
4,medium,221,0,0.000000,0.000000
4,medium,222,0,0.000000,0.000000
4,medium,223,0,0.000000,0.000000
4,medium,224,0,0.000000,0.000000
4,medium,225,0,0.000000,0.000000
4,medium,226,0,0.000000,0.000000
4,medium,227,0,0.000000,0.000000
4,medium,228,0,0.000000,0.000000
4,medium,229,0,0.000000,0.000000
4,medium,230,1,0.500000,0.250000
4,medium,231,0,0.000000,0.000000
4,medium,232,0,0.000000,0.000000
4,medium,233,0,0.000000,0.000000
4,medium,234,0,0.000000,0.000000
4,medium,235,1,0.250000,0.062500
4,medium,236,0,0.000000,0.000000
4,medium,237,0,0.000000,0.000000
4,medium,238,0,0.000000,0.000000
4,medium,239,0,0.000000,0.000000
4,medium,240,0,0.000000,0.000000
4,medium,241,1,0.250000,0.062500
4,medium,242,0,0.000000,0.000000
4,medium,243,0,0.000000,0.000000
4,medium,244,0,0.000000,0.000000
4,medium,245,0,0.000000,0.000000
4,medium,246,0,0.000000,0.000000
4,medium,247,1,0.250000,0.062500
4,medium,248,0,0.000000,0.000000
4,medium,249,0,0.000000,0.000000
4,medium,250,0,0.000000,0.000000
4,medium,251,0,0.000000,0.000000
4,medium,252,0,0.000000,0.000000
4,medium,253,0,0.000000,0.000000
4,medium,254,0,0.000000,0.000000
4,medium,255,0,0.000000,0.000000
4,medium,256,0,0.000000,0.000000
4,medium,257,0,0.000000,0.000000
4,medium,258,0,0.000000,0.000000
4,medium,259,0,0.000000,0.000000
4,medium,260,0,0.000000,0.000000
4,medium,261,0,0.000000,0.000000
4,medium,262,1,0.353553,0.125000
4,medium,263,0,0.000000,0.000000
4,medium,264,0,0.000000,0.000000
4,medium,265,1,0.250000,0.062500
4,medium,266,0,0.000000,0.000000
4,medium,267,0,0.000000,0.000000
4,medium,268,0,0.000000,0.000000
4,medium,269,0,0.000000,0.000000
4,medium,270,0,0.000000,0.000000
4,medium,271,0,0.000000,0.000000
4,medium,272,0,0.000000,0.000000
4,medium,273,0,0.000000,0.000000
4,medium,274,0,0.000000,0.000000
4,medium,275,1,0.500000,0.250000
4,medium,276,0,0.000000,0.000000
4,medium,277,0,0.000000,0.000000
4,medium,278,0,0.000000,0.000000
4,medium,279,0,0.000000,0.000000
4,medium,280,0,0.000000,0.000000
4,medium,281,0,0.000000,0.000000
4,medium,282,0,0.000000,0.000000
4,medium,283,0,0.000000,0.000000
4,medium,284,0,0.000000,0.000000
4,medium,285,1,0.250000,0.062500
4,medium,286,0,0.000000,0.000000
4,medium,287,0,0.000000,0.000000
4,medium,288,0,0.000000,0.000000
4,medium,289,0,0.000000,0.000000
4,medium,290,0,0.000000,0.000000
4,medium,291,0,0.000000,0.000000
4,medium,292,0,0.000000,0.000000
4,medium,293,0,0.000000,0.000000
4,medium,294,1,0.250000,0.062500
4,medium,295,0,0.000000,0.000000
4,medium,296,1,0.353553,0.125000
4,medium,297,1,0.250000,0.062500
4,medium,298,0,0.000000,0.000000
4,medium,299,0,0.000000,0.000000
4,medium,300,0,0.000000,0.000000
4,medium,301,0,0.000000,0.000000
4,medium,302,0,0.000000,0.000000
4,medium,303,1,0.250000,0.062500
4,medium,304,0,0.000000,0.000000
4,medium,305,0,0.000000,0.000000
4,medium,306,1,0.250000,0.062500
4,medium,307,0,0.000000,0.000000
4,medium,308,1,0.353553,0.125000
4,medium,309,0,0.000000,0.000000
4,medium,310,1,0.250000,0.062500
4,medium,311,0,0.000000,0.000000
4,medium,312,0,0.000000,0.000000
4,medium,313,0,0.000000,0.000000
4,medium,314,1,0.250000,0.062500
4,medium,315,0,0.000000,0.000000
4,medium,316,0,0.000000,0.000000
4,medium,317,1,0.250000,0.062500
4,medium,318,0,0.000000,0.000000
4,medium,319,0,0.000000,0.000000
4,medium,320,0,0.000000,0.000000
4,medium,321,0,0.000000,0.000000
4,medium,322,0,0.000000,0.000000
4,medium,323,0,0.000000,0.000000
4,medium,324,0,0.000000,0.000000
4,medium,325,0,0.000000,0.000000
4,medium,326,0,0.000000,0.000000
4,medium,327,0,0.000000,0.000000
4,medium,328,0,0.000000,0.000000
4,medium,329,0,0.000000,0.000000
4,medium,330,0,0.000000,0.000000
4,medium,331,1,0.353553,0.125000
4,medium,332,0,0.000000,0.000000
4,medium,333,0,0.000000,0.000000
4,medium,334,0,0.000000,0.000000
4,medium,335,0,0.000000,0.000000
4,medium,336,0,0.000000,0.000000
4,medium,337,0,0.000000,0.000000
4,medium,338,0,0.000000,0.000000
4,medium,339,0,0.000000,0.000000
4,medium,340,0,0.000000,0.000000
4,medium,341,0,0.000000,0.000000
4,medium,342,0,0.000000,0.000000
4,medium,343,0,0.000000,0.000000
4,medium,344,0,0.000000,0.000000
4,medium,345,0,0.000000,0.000000
4,medium,346,0,0.000000,0.000000
4,medium,347,0,0.000000,0.000000
4,medium,348,0,0.000000,0.000000
4,medium,349,0,0.000000,0.000000
4,medium,350,0,0.000000,0.000000
4,medium,351,1,0.250000,0.062500
4,medium,352,0,0.000000,0.000000
4,medium,353,0,0.000000,0.000000
4,medium,354,1,0.250000,0.062500
4,medium,355,0,0.000000,0.000000
4,medium,356,1,0.353553,0.125000
4,medium,357,0,0.000000,0.000000
4,medium,358,0,0.000000,0.000000
4,medium,359,0,0.000000,0.000000
4,medium,360,0,0.000000,0.000000
4,medium,361,0,0.000000,0.000000
4,medium,362,0,0.000000,0.000000
4,medium,363,0,0.000000,0.000000
4,medium,364,0,0.000000,0.000000
4,medium,365,0,0.000000,0.000000
4,medium,366,0,0.000000,0.000000
4,medium,367,0,0.000000,0.000000
4,medium,368,0,0.000000,0.000000
4,medium,369,0,0.000000,0.000000
4,medium,370,0,0.000000,0.000000
4,medium,371,0,0.000000,0.000000
4,medium,372,0,0.000000,0.000000
4,medium,373,1,0.353553,0.125000
4,medium,374,0,0.000000,0.000000
4,medium,375,0,0.000000,0.000000
4,medium,376,0,0.000000,0.000000
4,medium,377,0,0.000000,0.000000
4,medium,378,0,0.000000,0.000000
4,medium,379,0,0.000000,0.000000
4,medium,380,0,0.000000,0.000000
4,medium,381,0,0.000000,0.000000
4,medium,382,0,0.000000,0.000000
4,medium,383,0,0.000000,0.000000
4,medium,384,0,0.000000,0.000000
4,medium,385,0,0.000000,0.000000
4,medium,386,0,0.000000,0.000000
4,medium,387,0,0.000000,0.000000
4,medium,388,0,0.000000,0.000000
4,medium,389,0,0.000000,0.000000
4,medium,390,0,0.000000,0.000000
4,medium,391,0,0.000000,0.000000
4,medium,392,0,0.000000,0.000000
4,medium,393,0,0.000000,0.000000
4,medium,394,0,0.000000,0.000000
4,medium,395,0,0.000000,0.000000
4,medium,396,0,0.000000,0.000000
4,medium,397,0,0.000000,0.000000
4,medium,398,0,0.000000,0.000000
4,medium,399,0,0.000000,0.000000
4,medium,400,0,0.000000,0.000000
4,medium,401,0,0.000000,0.000000
4,medium,402,0,0.000000,0.000000
4,medium,403,0,0.000000,0.000000
4,medium,404,0,0.000000,0.000000
4,medium,405,0,0.000000,0.000000
4,medium,406,0,0.000000,0.000000
4,medium,407,0,0.000000,0.000000
4,medium,408,0,0.000000,0.000000
4,medium,409,0,0.000000,0.000000
4,medium,410,0,0.000000,0.000000
4,medium,411,0,0.000000,0.000000
4,medium,412,0,0.000000,0.000000
4,medium,413,0,0.000000,0.000000
4,medium,414,0,0.000000,0.000000
4,medium,415,1,0.353553,0.125000
4,medium,416,0,0.000000,0.000000
4,medium,417,0,0.000000,0.000000
4,medium,418,0,0.000000,0.000000
4,medium,419,0,0.000000,0.000000
4,medium,420,1,0.353553,0.125000
4,medium,421,0,0.000000,0.000000
4,medium,422,0,0.000000,0.000000
4,medium,423,0,0.000000,0.000000
4,medium,424,0,0.000000,0.000000
4,medium,425,0,0.000000,0.000000
4,medium,426,1,0.250000,0.062500
4,medium,427,0,0.000000,0.000000
4,medium,428,1,0.353553,0.125000
4,medium,429,1,0.250000,0.062500
4,medium,430,0,0.000000,0.000000
4,medium,431,0,0.000000,0.000000
4,medium,432,0,0.000000,0.000000
4,medium,433,1,0.353553,0.125000
4,medium,434,0,0.000000,0.000000
4,medium,435,1,0.250000,0.062500
4,medium,436,0,0.000000,0.000000
4,medium,437,0,0.000000,0.000000
4,medium,438,0,0.000000,0.000000
4,medium,439,0,0.000000,0.000000
4,medium,440,0,0.000000,0.000000
4,medium,441,0,0.000000,0.000000
4,medium,442,0,0.000000,0.000000
4,medium,443,0,0.000000,0.000000
4,medium,444,0,0.000000,0.000000
4,medium,445,0,0.000000,0.000000
4,medium,446,0,0.000000,0.000000
4,medium,447,1,0.353553,0.125000
4,medium,448,0,0.000000,0.000000
4,medium,449,1,0.250000,0.062500
4,medium,450,0,0.000000,0.000000
4,medium,451,0,0.000000,0.000000
4,medium,452,0,0.000000,0.000000
4,medium,453,0,0.000000,0.000000
4,medium,454,1,0.250000,0.062500
4,medium,455,0,0.000000,0.000000
4,medium,456,0,0.000000,0.000000
4,medium,457,0,0.000000,0.000000
4,medium,458,1,0.353553,0.125000
4,medium,459,1,0.250000,0.062500
4,medium,460,0,0.000000,0.000000
4,medium,461,0,0.000000,0.000000
4,medium,462,0,0.000000,0.000000
4,medium,463,0,0.000000,0.000000
4,medium,464,0,0.000000,0.000000
4,medium,465,0,0.000000,0.000000
4,medium,466,1,0.250000,0.062500
4,medium,467,0,0.000000,0.000000
4,medium,468,0,0.000000,0.000000
4,medium,469,0,0.000000,0.000000
4,medium,470,0,0.000000,0.000000
4,medium,471,0,0.000000,0.000000
4,medium,472,0,0.000000,0.000000
4,medium,473,0,0.000000,0.000000
4,medium,474,0,0.000000,0.000000
4,medium,475,0,0.000000,0.000000
4,medium,476,0,0.000000,0.000000
4,medium,477,0,0.000000,0.000000
4,medium,478,0,0.000000,0.000000
4,medium,479,0,0.000000,0.000000
4,medium,480,0,0.000000,0.000000
4,medium,481,0,0.000000,0.000000
4,medium,482,0,0.000000,0.000000
4,medium,483,0,0.000000,0.000000
4,medium,484,0,0.000000,0.000000
4,medium,485,0,0.000000,0.000000
4,medium,486,0,0.000000,0.000000
4,medium,487,1,0.250000,0.062500
4,medium,488,0,0.000000,0.000000
4,medium,489,0,0.000000,0.000000
4,medium,490,0,0.000000,0.000000
4,medium,491,0,0.000000,0.000000
4,medium,492,0,0.000000,0.000000
4,medium,493,0,0.000000,0.000000
4,medium,494,0,0.000000,0.000000
4,medium,495,1,0.353553,0.125000
4,medium,496,1,0.250000,0.062500
4,medium,497,0,0.000000,0.000000
4,medium,498,0,0.000000,0.000000
4,medium,499,0,0.000000,0.000000
4,medium,500,0,0.000000,0.000000
4,medium,501,0,0.000000,0.000000
4,medium,502,1,0.250000,0.062500
4,medium,503,0,0.000000,0.000000
4,medium,504,0,0.000000,0.000000
4,medium,505,1,0.250000,0.062500
4,medium,506,0,0.000000,0.000000
4,medium,507,0,0.000000,0.000000
4,medium,508,0,0.000000,0.000000
4,medium,509,1,0.250000,0.062500
4,medium,510,0,0.000000,0.000000
4,medium,511,0,0.000000,0.000000
4,medium,512,0,0.000000,0.000000
4,medium,513,1,0.353553,0.125000
4,medium,514,0,0.000000,0.000000
4,medium,515,0,0.000000,0.000000
4,medium,516,0,0.000000,0.000000
4,medium,517,0,0.000000,0.000000
4,medium,518,0,0.000000,0.000000
4,medium,519,0,0.000000,0.000000
4,medium,520,1,0.250000,0.062500
4,medium,521,0,0.000000,0.000000
4,medium,522,0,0.000000,0.000000
4,medium,523,1,0.250000,0.062500
4,medium,524,0,0.000000,0.000000
4,medium,525,0,0.000000,0.000000
4,medium,526,0,0.000000,0.000000
4,medium,527,0,0.000000,0.000000
4,medium,528,0,0.000000,0.000000
4,medium,529,0,0.000000,0.000000
4,medium,530,0,0.000000,0.000000
4,medium,531,0,0.000000,0.000000
4,medium,532,0,0.000000,0.000000
4,medium,533,0,0.000000,0.000000
4,medium,534,0,0.000000,0.000000
4,medium,535,0,0.000000,0.000000
4,medium,536,0,0.000000,0.000000
4,medium,537,0,0.000000,0.000000
4,medium,538,0,0.000000,0.000000
4,medium,539,0,0.000000,0.000000
4,medium,540,0,0.000000,0.000000
4,medium,541,0,0.000000,0.000000
4,medium,542,0,0.000000,0.000000
4,medium,543,0,0.000000,0.000000
4,medium,544,0,0.000000,0.000000
4,medium,545,1,0.250000,0.062500
4,medium,546,0,0.000000,0.000000
4,medium,547,1,0.353553,0.125000
4,medium,548,0,0.000000,0.000000
4,medium,549,1,0.250000,0.062500
4,medium,550,0,0.000000,0.000000
4,medium,551,0,0.000000,0.000000
4,medium,552,0,0.000000,0.000000
4,medium,553,1,0.353553,0.125000
4,medium,554,0,0.000000,0.000000
4,medium,555,0,0.000000,0.000000
4,medium,556,1,0.250000,0.062500
4,medium,557,0,0.000000,0.000000
4,medium,558,0,0.000000,0.000000
4,medium,559,0,0.000000,0.000000
4,medium,560,0,0.000000,0.000000
4,medium,561,0,0.000000,0.000000
4,medium,562,1,0.353553,0.125000
4,medium,563,0,0.000000,0.000000
4,medium,564,0,0.000000,0.000000
4,medium,565,0,0.000000,0.000000
4,medium,566,0,0.000000,0.000000
4,medium,567,1,0.353553,0.125000
4,medium,568,0,0.000000,0.000000
4,medium,569,0,0.000000,0.000000
4,medium,570,0,0.000000,0.000000
4,medium,571,0,0.000000,0.000000
4,medium,572,0,0.000000,0.000000
4,medium,573,0,0.000000,0.000000
4,medium,574,0,0.000000,0.000000
4,medium,575,1,0.353553,0.125000
4,medium,576,0,0.000000,0.000000
4,medium,577,0,0.000000,0.000000
4,medium,578,0,0.000000,0.000000
4,medium,579,0,0.000000,0.000000
4,medium,580,0,0.000000,0.000000
4,medium,581,0,0.000000,0.000000
4,medium,582,1,0.353553,0.125000
4,medium,583,0,0.000000,0.000000
4,medium,584,0,0.000000,0.000000
4,medium,585,0,0.000000,0.000000
4,medium,586,1,0.250000,0.062500
4,medium,587,0,0.000000,0.000000
4,medium,588,0,0.000000,0.000000
4,medium,589,1,0.250000,0.062500
4,medium,590,0,0.000000,0.000000
4,medium,591,0,0.000000,0.000000
4,medium,592,0,0.000000,0.000000
4,medium,593,0,0.000000,0.000000
4,medium,594,0,0.000000,0.000000
4,medium,595,1,0.353553,0.125000
4,medium,596,0,0.000000,0.000000
4,medium,597,0,0.000000,0.000000
4,medium,598,0,0.000000,0.000000
4,medium,599,0,0.000000,0.000000
4,medium,600,1,0.250000,0.062500
4,medium,601,0,0.000000,0.000000
4,medium,602,0,0.000000,0.000000
4,medium,603,0,0.000000,0.000000
4,medium,604,0,0.000000,0.000000
4,medium,605,0,0.000000,0.000000
4,medium,606,0,0.000000,0.000000
4,medium,607,0,0.000000,0.000000
4,medium,608,0,0.000000,0.000000
4,medium,609,0,0.000000,0.000000
4,medium,610,0,0.000000,0.000000
4,medium,611,0,0.000000,0.000000
4,medium,612,0,0.000000,0.000000
4,medium,613,0,0.000000,0.000000
4,medium,614,0,0.000000,0.000000
4,medium,615,0,0.000000,0.000000
4,medium,616,0,0.000000,0.000000
4,medium,617,0,0.000000,0.000000
4,medium,618,0,0.000000,0.000000
4,medium,619,0,0.000000,0.000000
4,medium,620,0,0.000000,0.000000
4,medium,621,0,0.000000,0.000000
4,medium,622,0,0.000000,0.000000
4,medium,623,0,0.000000,0.000000
4,medium,624,0,0.000000,0.000000
4,medium,625,0,0.000000,0.000000
4,medium,626,0,0.000000,0.000000
4,medium,627,0,0.000000,0.000000
4,medium,628,0,0.000000,0.000000
4,medium,629,0,0.000000,0.000000
4,medium,630,0,0.000000,0.000000
4,medium,631,0,0.000000,0.000000
4,medium,632,0,0.000000,0.000000
4,medium,633,0,0.000000,0.000000
4,medium,634,0,0.000000,0.000000
4,medium,635,0,0.000000,0.000000
4,medium,636,0,0.000000,0.000000
4,medium,637,0,0.000000,0.000000
4,medium,638,1,0.433013,0.187500
4,medium,639,0,0.000000,0.000000
4,medium,640,1,0.353553,0.125000
4,medium,641,0,0.000000,0.000000
4,medium,642,0,0.000000,0.000000
4,medium,643,0,0.000000,0.000000
4,medium,644,1,0.250000,0.062500
4,medium,645,0,0.000000,0.000000
4,medium,646,0,0.000000,0.000000
4,medium,647,0,0.000000,0.000000
4,medium,648,1,0.250000,0.062500
4,medium,649,0,0.000000,0.000000
4,medium,650,0,0.000000,0.000000
4,medium,651,1,0.250000,0.062500
4,medium,652,0,0.000000,0.000000
4,medium,653,1,0.250000,0.062500
4,medium,654,1,0.250000,0.062500
4,medium,655,1,0.353553,0.125000
4,medium,656,0,0.000000,0.000000
4,medium,657,0,0.000000,0.000000
4,medium,658,0,0.000000,0.000000
4,medium,659,0,0.000000,0.000000
4,medium,660,1,0.250000,0.062500
4,medium,661,0,0.000000,0.000000
4,medium,662,0,0.000000,0.000000
4,medium,663,0,0.000000,0.000000
4,medium,664,0,0.000000,0.000000
4,medium,665,0,0.000000,0.000000
4,medium,666,0,0.000000,0.000000
4,medium,667,0,0.000000,0.000000
4,medium,668,0,0.000000,0.000000
4,medium,669,0,0.000000,0.000000
4,medium,670,0,0.000000,0.000000
4,medium,671,0,0.000000,0.000000
4,medium,672,0,0.000000,0.000000
4,medium,673,0,0.000000,0.000000
4,medium,674,0,0.000000,0.000000
4,medium,675,0,0.000000,0.000000
4,medium,676,0,0.000000,0.000000
4,medium,677,0,0.000000,0.000000
4,medium,678,0,0.000000,0.000000
4,medium,679,0,0.000000,0.000000
4,medium,680,0,0.000000,0.000000
4,medium,681,0,0.000000,0.000000
4,medium,682,1,0.250000,0.062500
4,medium,683,0,0.000000,0.000000
4,medium,684,0,0.000000,0.000000
4,medium,685,0,0.000000,0.000000
4,medium,686,0,0.000000,0.000000
4,medium,687,0,0.000000,0.000000
4,medium,688,0,0.000000,0.000000
4,medium,689,0,0.000000,0.000000
4,medium,690,0,0.000000,0.000000
4,medium,691,0,0.000000,0.000000
4,medium,692,0,0.000000,0.000000
4,medium,693,0,0.000000,0.000000
4,medium,694,1,0.250000,0.062500
4,medium,695,0,0.000000,0.000000
4,medium,696,0,0.000000,0.000000
4,medium,697,0,0.000000,0.000000
4,medium,698,0,0.000000,0.000000
4,medium,699,0,0.000000,0.000000
4,medium,700,1,0.250000,0.062500
4,medium,701,0,0.000000,0.000000
4,medium,702,0,0.000000,0.000000
4,medium,703,0,0.000000,0.000000
4,medium,704,0,0.000000,0.000000
4,medium,705,0,0.000000,0.000000
4,medium,706,0,0.000000,0.000000
4,medium,707,1,0.250000,0.062500
4,medium,708,0,0.000000,0.000000
4,medium,709,0,0.000000,0.000000
4,medium,710,0,0.000000,0.000000
4,medium,711,1,0.250000,0.062500
4,medium,712,0,0.000000,0.000000
4,medium,713,0,0.000000,0.000000
4,medium,714,1,0.353553,0.125000
4,medium,715,1,0.250000,0.062500
4,medium,716,0,0.000000,0.000000
4,medium,717,0,0.000000,0.000000
4,medium,718,0,0.000000,0.000000
4,medium,719,0,0.000000,0.000000
4,medium,720,1,0.353553,0.125000
4,medium,721,0,0.000000,0.000000
4,medium,722,0,0.000000,0.000000
4,medium,723,0,0.000000,0.000000
4,medium,724,0,0.000000,0.000000
4,medium,725,0,0.000000,0.000000
4,medium,726,0,0.000000,0.000000
4,medium,727,0,0.000000,0.000000
4,medium,728,0,0.000000,0.000000
4,medium,729,0,0.000000,0.000000
4,medium,730,0,0.000000,0.000000
4,medium,731,0,0.000000,0.000000
4,medium,732,0,0.000000,0.000000
4,medium,733,0,0.000000,0.000000
4,medium,734,0,0.000000,0.000000
4,medium,735,0,0.000000,0.000000
4,medium,736,0,0.000000,0.000000
4,medium,737,0,0.000000,0.000000
4,medium,738,0,0.000000,0.000000
4,medium,739,0,0.000000,0.000000
4,medium,740,0,0.000000,0.000000
4,medium,741,0,0.000000,0.000000
4,medium,742,1,0.353553,0.125000
4,medium,743,0,0.000000,0.000000
4,medium,744,0,0.000000,0.000000
4,medium,745,0,0.000000,0.000000
4,medium,746,0,0.000000,0.000000
4,medium,747,0,0.000000,0.000000
4,medium,748,0,0.000000,0.000000
4,medium,749,0,0.000000,0.000000
4,medium,750,0,0.000000,0.000000
4,medium,751,0,0.000000,0.000000
4,medium,752,0,0.000000,0.000000
4,medium,753,0,0.000000,0.000000
4,medium,754,0,0.000000,0.000000
4,medium,755,0,0.000000,0.000000
4,medium,756,0,0.000000,0.000000
4,medium,757,0,0.000000,0.000000
4,medium,758,0,0.000000,0.000000
4,medium,759,0,0.000000,0.000000
4,medium,760,0,0.000000,0.000000
4,medium,761,1,0.250000,0.062500
4,medium,762,0,0.000000,0.000000
4,medium,763,0,0.000000,0.000000
4,medium,764,0,0.000000,0.000000
4,medium,765,1,0.353553,0.125000
4,medium,766,0,0.000000,0.000000
4,medium,767,0,0.000000,0.000000
4,medium,768,0,0.000000,0.000000
4,medium,769,0,0.000000,0.000000
4,medium,770,0,0.000000,0.000000
4,medium,771,0,0.000000,0.000000
4,medium,772,0,0.000000,0.000000
4,medium,773,0,0.000000,0.000000
4,medium,774,0,0.000000,0.000000
4,medium,775,1,0.250000,0.062500
4,medium,776,0,0.000000,0.000000
4,medium,777,0,0.000000,0.000000
4,medium,778,0,0.000000,0.000000
4,medium,779,0,0.000000,0.000000
4,medium,780,0,0.000000,0.000000
4,medium,781,0,0.000000,0.000000
4,medium,782,0,0.000000,0.000000
4,medium,783,0,0.000000,0.000000
4,medium,784,0,0.000000,0.000000
4,medium,785,0,0.000000,0.000000
4,medium,786,0,0.000000,0.000000
4,medium,787,0,0.000000,0.000000
4,medium,788,0,0.000000,0.000000
4,medium,789,0,0.000000,0.000000
4,medium,790,0,0.000000,0.000000
4,medium,791,0,0.000000,0.000000
4,medium,792,0,0.000000,0.000000
4,medium,793,0,0.000000,0.000000
4,medium,794,0,0.000000,0.000000
4,medium,795,0,0.000000,0.000000
4,medium,796,1,0.250000,0.062500
4,medium,797,0,0.000000,0.000000
4,medium,798,0,0.000000,0.000000
4,medium,799,0,0.000000,0.000000
4,medium,800,0,0.000000,0.000000
4,medium,801,1,0.353553,0.125000
4,medium,802,0,0.000000,0.000000
4,medium,803,0,0.000000,0.000000
4,medium,804,0,0.000000,0.000000
4,medium,805,0,0.000000,0.000000
4,medium,806,0,0.000000,0.000000
4,medium,807,1,0.353553,0.125000
4,medium,808,0,0.000000,0.000000
4,medium,809,0,0.000000,0.000000
4,medium,810,0,0.000000,0.000000
4,medium,811,0,0.000000,0.000000
4,medium,812,0,0.000000,0.000000
4,medium,813,0,0.000000,0.000000
4,medium,814,0,0.000000,0.000000
4,medium,815,0,0.000000,0.000000
4,medium,816,0,0.000000,0.000000
4,medium,817,0,0.000000,0.000000
4,medium,818,0,0.000000,0.000000
4,medium,819,0,0.000000,0.000000
4,medium,820,0,0.000000,0.000000
4,medium,821,0,0.000000,0.000000
4,medium,822,1,0.353553,0.125000
4,medium,823,1,0.250000,0.062500
4,medium,824,0,0.000000,0.000000
4,medium,825,0,0.000000,0.000000
4,medium,826,0,0.000000,0.000000
4,medium,827,0,0.000000,0.000000
4,medium,828,0,0.000000,0.000000
4,medium,829,0,0.000000,0.000000
4,medium,830,0,0.000000,0.000000
4,medium,831,1,0.250000,0.062500
4,medium,832,0,0.000000,0.000000
4,medium,833,0,0.000000,0.000000
4,medium,834,0,0.000000,0.000000
4,medium,835,0,0.000000,0.000000
4,medium,836,0,0.000000,0.000000
4,medium,837,0,0.000000,0.000000
4,medium,838,0,0.000000,0.000000
4,medium,839,0,0.000000,0.000000
4,medium,840,0,0.000000,0.000000
4,medium,841,0,0.000000,0.000000
4,medium,842,0,0.000000,0.000000
4,medium,843,1,0.250000,0.062500
4,medium,844,0,0.000000,0.000000
4,medium,845,0,0.000000,0.000000
4,medium,846,1,0.250000,0.062500
4,medium,847,1,0.500000,0.250000
4,medium,848,0,0.000000,0.000000
4,medium,849,0,0.000000,0.000000
4,medium,850,0,0.000000,0.000000
4,medium,851,0,0.000000,0.000000
4,medium,852,0,0.000000,0.000000
4,medium,853,0,0.000000,0.000000
4,medium,854,0,0.000000,0.000000
4,medium,855,0,0.000000,0.000000
4,medium,856,1,0.353553,0.125000
4,medium,857,0,0.000000,0.000000
4,medium,858,0,0.000000,0.000000
4,medium,859,0,0.000000,0.000000
4,medium,860,0,0.000000,0.000000
4,medium,861,0,0.000000,0.000000
4,medium,862,1,0.250000,0.062500
4,medium,863,0,0.000000,0.000000
4,medium,864,0,0.000000,0.000000
4,medium,865,1,0.250000,0.062500
4,medium,866,0,0.000000,0.000000
4,medium,867,0,0.000000,0.000000
4,medium,868,0,0.000000,0.000000
4,medium,869,0,0.000000,0.000000
4,medium,870,0,0.000000,0.000000
4,medium,871,0,0.000000,0.000000
4,medium,872,0,0.000000,0.000000
4,medium,873,0,0.000000,0.000000
4,medium,874,0,0.000000,0.000000
4,medium,875,0,0.000000,0.000000
4,medium,876,0,0.000000,0.000000
4,medium,877,0,0.000000,0.000000
4,medium,878,0,0.000000,0.000000
4,medium,879,0,0.000000,0.000000
4,medium,880,0,0.000000,0.000000
4,medium,881,0,0.000000,0.000000
4,medium,882,0,0.000000,0.000000
4,medium,883,0,0.000000,0.000000
4,medium,884,0,0.000000,0.000000
4,medium,885,0,0.000000,0.000000
4,medium,886,0,0.000000,0.000000
4,medium,887,1,0.250000,0.062500
4,medium,888,1,0.250000,0.062500
4,medium,889,0,0.000000,0.000000
4,medium,890,1,0.353553,0.125000
4,medium,891,1,0.353553,0.125000
4,medium,892,1,0.250000,0.062500
4,medium,893,0,0.000000,0.000000
4,medium,894,0,0.000000,0.000000
4,medium,895,0,0.000000,0.000000
4,medium,896,0,0.000000,0.000000
4,medium,897,0,0.000000,0.000000
4,medium,898,0,0.000000,0.000000
4,medium,899,0,0.000000,0.000000
4,medium,900,0,0.000000,0.000000
4,medium,901,0,0.000000,0.000000
4,medium,902,0,0.000000,0.000000
4,medium,903,0,0.000000,0.000000
4,medium,904,0,0.000000,0.000000
4,medium,905,0,0.000000,0.000000
4,medium,906,0,0.000000,0.000000
4,medium,907,0,0.000000,0.000000
4,medium,908,0,0.000000,0.000000
4,medium,909,0,0.000000,0.000000
4,medium,910,0,0.000000,0.000000
4,medium,911,0,0.000000,0.000000
4,medium,912,0,0.000000,0.000000
4,medium,913,0,0.000000,0.000000
4,medium,914,0,0.000000,0.000000
4,medium,915,0,0.000000,0.000000
4,medium,916,0,0.000000,0.000000
4,medium,917,0,0.000000,0.000000
4,medium,918,0,0.000000,0.000000
4,medium,919,0,0.000000,0.000000
4,medium,920,1,0.353553,0.125000
4,medium,921,0,0.000000,0.000000
4,medium,922,0,0.000000,0.000000
4,medium,923,0,0.000000,0.000000
4,medium,924,0,0.000000,0.000000
4,medium,925,0,0.000000,0.000000
4,medium,926,0,0.000000,0.000000
4,medium,927,0,0.000000,0.000000
4,medium,928,0,0.000000,0.000000
4,medium,929,0,0.000000,0.000000
4,medium,930,0,0.000000,0.000000
4,medium,931,0,0.000000,0.000000
4,medium,932,0,0.000000,0.000000
4,medium,933,0,0.000000,0.000000
4,medium,934,0,0.000000,0.000000
4,medium,935,0,0.000000,0.000000
4,medium,936,0,0.000000,0.000000
4,medium,937,1,0.250000,0.062500
4,medium,938,0,0.000000,0.000000
4,medium,939,0,0.000000,0.000000
4,medium,940,0,0.000000,0.000000
4,medium,941,0,0.000000,0.000000
4,medium,942,0,0.000000,0.000000
4,medium,943,0,0.000000,0.000000
4,medium,944,0,0.000000,0.000000
4,medium,945,0,0.000000,0.000000
4,medium,946,1,0.250000,0.062500
4,medium,947,0,0.000000,0.000000
4,medium,948,0,0.000000,0.000000
4,medium,949,0,0.000000,0.000000
4,medium,950,0,0.000000,0.000000
4,medium,951,0,0.000000,0.000000
4,medium,952,0,0.000000,0.000000
4,medium,953,0,0.000000,0.000000
4,medium,954,0,0.000000,0.000000
4,medium,955,0,0.000000,0.000000
4,medium,956,0,0.000000,0.000000
4,medium,957,0,0.000000,0.000000
4,medium,958,0,0.000000,0.000000
4,medium,959,0,0.000000,0.000000
4,medium,960,0,0.000000,0.000000
4,medium,961,0,0.000000,0.000000
4,medium,962,0,0.000000,0.000000
4,medium,963,0,0.000000,0.000000
4,medium,964,0,0.000000,0.000000
4,medium,965,0,0.000000,0.000000
4,medium,966,0,0.000000,0.000000
4,medium,967,0,0.000000,0.000000
4,medium,968,0,0.000000,0.000000
4,medium,969,0,0.000000,0.000000
4,medium,970,1,0.250000,0.062500
4,medium,971,0,0.000000,0.000000
4,medium,972,1,0.250000,0.062500
4,medium,973,0,0.000000,0.000000
4,medium,974,0,0.000000,0.000000
4,medium,975,0,0.000000,0.000000
4,medium,976,0,0.000000,0.000000
4,medium,977,0,0.000000,0.000000
4,medium,978,0,0.000000,0.000000
4,medium,979,0,0.000000,0.000000
4,medium,980,0,0.000000,0.000000
4,medium,981,0,0.000000,0.000000
4,medium,982,0,0.000000,0.000000
4,medium,983,0,0.000000,0.000000
4,medium,984,0,0.000000,0.000000
4,medium,985,0,0.000000,0.000000
4,medium,986,1,0.353553,0.125000
4,medium,987,0,0.000000,0.000000
4,medium,988,0,0.000000,0.000000
4,medium,989,0,0.000000,0.000000
4,medium,990,0,0.000000,0.000000
4,medium,991,0,0.000000,0.000000
4,medium,992,1,0.250000,0.062500
4,medium,993,0,0.000000,0.000000
4,medium,994,0,0.000000,0.000000
4,medium,995,0,0.000000,0.000000
4,medium,996,0,0.000000,0.000000
4,medium,997,0,0.000000,0.000000
4,medium,998,0,0.000000,0.000000
4,medium,999,0,0.000000,0.000000
8,medium,0,0,0.000000,0.000000
8,medium,1,1,0.176777,0.031250
8,medium,2,1,0.176777,0.031250
8,medium,3,1,0.306186,0.093750
8,medium,4,1,0.176777,0.031250
8,medium,5,1,0.353553,0.125000
8,medium,6,1,0.125000,0.015625
8,medium,7,1,0.279508,0.078125
8,medium,8,1,0.250000,0.062500
8,medium,9,1,0.279508,0.078125
8,medium,10,0,0.000000,0.000000
8,medium,11,1,0.176777,0.031250
8,medium,12,1,0.250000,0.062500
8,medium,13,1,0.279508,0.078125
8,medium,14,1,0.250000,0.062500
8,medium,15,1,0.216506,0.046875
8,medium,16,1,0.330719,0.109375
8,medium,17,1,0.176777,0.031250
8,medium,18,1,0.250000,0.062500
8,medium,19,1,0.250000,0.062500
8,medium,20,1,0.279508,0.078125
8,medium,21,1,0.279508,0.078125
8,medium,22,1,0.176777,0.031250
8,medium,23,1,0.176777,0.031250
8,medium,24,1,0.250000,0.062500
8,medium,25,1,0.176777,0.031250
8,medium,26,1,0.125000,0.015625
8,medium,27,1,0.216506,0.046875
8,medium,28,1,0.250000,0.062500
8,medium,29,1,0.216506,0.046875
8,medium,30,1,0.279508,0.078125
8,medium,31,1,0.176777,0.031250
8,medium,32,1,0.216506,0.046875
8,medium,33,1,0.216506,0.046875
8,medium,34,1,0.125000,0.015625
8,medium,35,1,0.216506,0.046875
8,medium,36,1,0.176777,0.031250
8,medium,37,1,0.216506,0.046875
8,medium,38,1,0.125000,0.015625
8,medium,39,1,0.125000,0.015625
8,medium,40,0,0.000000,0.000000
8,medium,41,1,0.250000,0.062500
8,medium,42,1,0.216506,0.046875
8,medium,43,1,0.279508,0.078125
8,medium,44,1,0.125000,0.015625
8,medium,45,1,0.216506,0.046875
8,medium,46,1,0.250000,0.062500
8,medium,47,1,0.216506,0.046875
8,medium,48,1,0.176777,0.031250
8,medium,49,1,0.125000,0.015625
8,medium,50,1,0.125000,0.015625
8,medium,51,1,0.306186,0.093750
8,medium,52,1,0.250000,0.062500
8,medium,53,1,0.330719,0.109375
8,medium,54,1,0.176777,0.031250
8,medium,55,1,0.306186,0.093750
8,medium,56,1,0.176777,0.031250
8,medium,57,1,0.125000,0.015625
8,medium,58,1,0.216506,0.046875
8,medium,59,1,0.176777,0.031250
8,medium,60,1,0.176777,0.031250
8,medium,61,1,0.306186,0.093750
8,medium,62,1,0.279508,0.078125
8,medium,63,1,0.250000,0.062500
8,medium,64,0,0.000000,0.000000
8,medium,65,1,0.176777,0.031250
8,medium,66,1,0.176777,0.031250
8,medium,67,1,0.216506,0.046875
8,medium,68,1,0.279508,0.078125
8,medium,69,1,0.216506,0.046875
8,medium,70,1,0.216506,0.046875
8,medium,71,1,0.176777,0.031250
8,medium,72,1,0.176777,0.031250
8,medium,73,1,0.375000,0.140625
8,medium,74,1,0.216506,0.046875
8,medium,75,1,0.216506,0.046875
8,medium,76,1,0.216506,0.046875
8,medium,77,1,0.176777,0.031250
8,medium,78,1,0.279508,0.078125
8,medium,79,1,0.250000,0.062500
8,medium,80,1,0.125000,0.015625
8,medium,81,0,0.000000,0.000000
8,medium,82,1,0.125000,0.015625
8,medium,83,1,0.250000,0.062500
8,medium,84,1,0.125000,0.015625
8,medium,85,1,0.250000,0.062500
8,medium,86,1,0.250000,0.062500
8,medium,87,0,0.000000,0.000000
8,medium,88,1,0.279508,0.078125
8,medium,89,1,0.216506,0.046875
8,medium,90,1,0.216506,0.046875
8,medium,91,1,0.306186,0.093750
8,medium,92,1,0.250000,0.062500
8,medium,93,1,0.279508,0.078125
8,medium,94,1,0.125000,0.015625
8,medium,95,1,0.279508,0.078125
8,medium,96,1,0.279508,0.078125
8,medium,97,1,0.176777,0.031250
8,medium,98,1,0.279508,0.078125
8,medium,99,1,0.250000,0.062500
8,medium,100,0,0.000000,0.000000
8,medium,101,1,0.125000,0.015625
8,medium,102,1,0.250000,0.062500
8,medium,103,0,0.000000,0.000000
8,medium,104,1,0.250000,0.062500
8,medium,105,1,0.176777,0.031250
8,medium,106,1,0.216506,0.046875
8,medium,107,1,0.216506,0.046875
8,medium,108,1,0.306186,0.093750
8,medium,109,1,0.250000,0.062500
8,medium,110,1,0.279508,0.078125
8,medium,111,1,0.216506,0.046875
8,medium,112,1,0.176777,0.031250
8,medium,113,1,0.125000,0.015625
8,medium,114,1,0.306186,0.093750
8,medium,115,1,0.216506,0.046875
8,medium,116,1,0.216506,0.046875
8,medium,117,1,0.279508,0.078125
8,medium,118,1,0.125000,0.015625
8,medium,119,1,0.250000,0.062500
8,medium,120,1,0.125000,0.015625
8,medium,121,1,0.176777,0.031250
8,medium,122,1,0.216506,0.046875
8,medium,123,1,0.330719,0.109375
8,medium,124,0,0.000000,0.000000
8,medium,125,1,0.216506,0.046875
8,medium,126,1,0.176777,0.031250
8,medium,127,1,0.176777,0.031250
8,medium,128,1,0.250000,0.062500
8,medium,129,1,0.216506,0.046875
8,medium,130,1,0.176777,0.031250
8,medium,131,1,0.216506,0.046875
8,medium,132,1,0.176777,0.031250
8,medium,133,1,0.176777,0.031250
8,medium,134,1,0.306186,0.093750
8,medium,135,1,0.176777,0.031250
8,medium,136,1,0.250000,0.062500
8,medium,137,0,0.000000,0.000000
8,medium,138,1,0.279508,0.078125
8,medium,139,1,0.125000,0.015625
8,medium,140,1,0.176777,0.031250
8,medium,141,1,0.216506,0.046875
8,medium,142,1,0.279508,0.078125
8,medium,143,1,0.353553,0.125000
8,medium,144,1,0.306186,0.093750
8,medium,145,1,0.176777,0.031250
8,medium,146,1,0.125000,0.015625
8,medium,147,1,0.250000,0.062500
8,medium,148,1,0.125000,0.015625
8,medium,149,0,0.000000,0.000000
8,medium,150,1,0.279508,0.078125
8,medium,151,1,0.176777,0.031250
8,medium,152,1,0.306186,0.093750
8,medium,153,1,0.176777,0.031250
8,medium,154,1,0.125000,0.015625
8,medium,155,1,0.375000,0.140625
8,medium,156,1,0.279508,0.078125
8,medium,157,1,0.250000,0.062500
8,medium,158,1,0.125000,0.015625
8,medium,159,1,0.279508,0.078125
8,medium,160,1,0.250000,0.062500
8,medium,161,1,0.250000,0.062500
8,medium,162,1,0.176777,0.031250
8,medium,163,1,0.216506,0.046875
8,medium,164,1,0.125000,0.015625
8,medium,165,1,0.330719,0.109375
8,medium,166,1,0.125000,0.015625
8,medium,167,1,0.250000,0.062500
8,medium,168,1,0.279508,0.078125
8,medium,169,1,0.250000,0.062500
8,medium,170,1,0.279508,0.078125
8,medium,171,1,0.250000,0.062500
8,medium,172,1,0.330719,0.109375
8,medium,173,1,0.125000,0.015625
8,medium,174,1,0.330719,0.109375
8,medium,175,1,0.125000,0.015625
8,medium,176,1,0.279508,0.078125
8,medium,177,1,0.176777,0.031250
8,medium,178,1,0.279508,0.078125
8,medium,179,1,0.176777,0.031250
8,medium,180,1,0.250000,0.062500
8,medium,181,1,0.250000,0.062500
8,medium,182,1,0.279508,0.078125
8,medium,183,1,0.250000,0.062500
8,medium,184,1,0.125000,0.015625
8,medium,185,1,0.125000,0.015625
8,medium,186,1,0.250000,0.062500
8,medium,187,1,0.306186,0.093750
8,medium,188,1,0.176777,0.031250
8,medium,189,1,0.125000,0.015625
8,medium,190,1,0.216506,0.046875
8,medium,191,1,0.250000,0.062500
8,medium,192,1,0.353553,0.125000
8,medium,193,1,0.250000,0.062500
8,medium,194,1,0.330719,0.109375
8,medium,195,1,0.216506,0.046875
8,medium,196,0,0.000000,0.000000
8,medium,197,1,0.330719,0.109375
8,medium,198,1,0.125000,0.015625
8,medium,199,1,0.250000,0.062500
8,medium,200,1,0.306186,0.093750
8,medium,201,1,0.176777,0.031250
8,medium,202,1,0.176777,0.031250
8,medium,203,1,0.279508,0.078125
8,medium,204,1,0.250000,0.062500
8,medium,205,1,0.306186,0.093750
8,medium,206,1,0.216506,0.046875
8,medium,207,1,0.176777,0.031250
8,medium,208,1,0.125000,0.015625
8,medium,209,1,0.176777,0.031250
8,medium,210,1,0.176777,0.031250
8,medium,211,1,0.250000,0.062500
8,medium,212,1,0.250000,0.062500
8,medium,213,1,0.125000,0.015625
8,medium,214,1,0.125000,0.015625
8,medium,215,0,0.000000,0.000000
8,medium,216,1,0.216506,0.046875
8,medium,217,1,0.306186,0.093750
8,medium,218,1,0.216506,0.046875
8,medium,219,1,0.216506,0.046875
8,medium,220,1,0.375000,0.140625
8,medium,221,1,0.216506,0.046875
8,medium,222,1,0.250000,0.062500
8,medium,223,1,0.125000,0.015625
8,medium,224,1,0.216506,0.046875
8,medium,225,1,0.216506,0.046875
8,medium,226,1,0.216506,0.046875
8,medium,227,1,0.176777,0.031250
8,medium,228,1,0.176777,0.031250
8,medium,229,1,0.306186,0.093750
8,medium,230,1,0.330719,0.109375
8,medium,231,1,0.176777,0.031250
8,medium,232,1,0.125000,0.015625
8,medium,233,1,0.306186,0.093750
8,medium,234,1,0.216506,0.046875
8,medium,235,1,0.216506,0.046875
8,medium,236,1,0.216506,0.046875
8,medium,237,1,0.176777,0.031250
8,medium,238,1,0.176777,0.031250
8,medium,239,1,0.125000,0.015625
8,medium,240,1,0.216506,0.046875
8,medium,241,1,0.176777,0.031250
8,medium,242,1,0.125000,0.015625
8,medium,243,1,0.279508,0.078125
8,medium,244,0,0.000000,0.000000
8,medium,245,1,0.176777,0.031250
8,medium,246,1,0.250000,0.062500
8,medium,247,1,0.279508,0.078125
8,medium,248,1,0.125000,0.015625
8,medium,249,1,0.176777,0.031250
8,medium,250,1,0.279508,0.078125
8,medium,251,1,0.250000,0.062500
8,medium,252,1,0.279508,0.078125
8,medium,253,1,0.306186,0.093750
8,medium,254,1,0.176777,0.031250
8,medium,255,1,0.176777,0.031250
8,medium,256,1,0.216506,0.046875
8,medium,257,1,0.250000,0.062500
8,medium,258,1,0.279508,0.078125
8,medium,259,1,0.279508,0.078125
8,medium,260,1,0.216506,0.046875
8,medium,261,1,0.306186,0.093750
8,medium,262,1,0.279508,0.078125
8,medium,263,1,0.250000,0.062500
8,medium,264,1,0.216506,0.046875
8,medium,265,0,0.000000,0.000000
8,medium,266,1,0.176777,0.031250
8,medium,267,1,0.176777,0.031250
8,medium,268,1,0.216506,0.046875
8,medium,269,1,0.250000,0.062500
8,medium,270,1,0.353553,0.125000
8,medium,271,0,0.000000,0.000000
8,medium,272,1,0.125000,0.015625
8,medium,273,1,0.306186,0.093750
8,medium,274,1,0.250000,0.062500
8,medium,275,1,0.176777,0.031250
8,medium,276,1,0.125000,0.015625
8,medium,277,1,0.216506,0.046875
8,medium,278,1,0.216506,0.046875
8,medium,279,0,0.000000,0.000000
8,medium,280,1,0.216506,0.046875
8,medium,281,0,0.000000,0.000000
8,medium,282,1,0.216506,0.046875
8,medium,283,1,0.306186,0.093750
8,medium,284,1,0.330719,0.109375
8,medium,285,1,0.125000,0.015625
8,medium,286,1,0.250000,0.062500
8,medium,287,1,0.250000,0.062500
8,medium,288,1,0.279508,0.078125
8,medium,289,1,0.216506,0.046875
8,medium,290,1,0.176777,0.031250
8,medium,291,1,0.216506,0.046875
8,medium,292,1,0.279508,0.078125
8,medium,293,1,0.216506,0.046875
8,medium,294,1,0.176777,0.031250
8,medium,295,1,0.279508,0.078125
8,medium,296,1,0.306186,0.093750
8,medium,297,0,0.000000,0.000000
8,medium,298,1,0.125000,0.015625
8,medium,299,1,0.125000,0.015625
8,medium,300,1,0.125000,0.015625
8,medium,301,1,0.216506,0.046875
8,medium,302,1,0.125000,0.015625
8,medium,303,1,0.306186,0.093750
8,medium,304,1,0.125000,0.015625
8,medium,305,1,0.216506,0.046875
8,medium,306,1,0.279508,0.078125
8,medium,307,1,0.306186,0.093750
8,medium,308,1,0.216506,0.046875
8,medium,309,1,0.125000,0.015625
8,medium,310,1,0.250000,0.062500
8,medium,311,1,0.176777,0.031250
8,medium,312,1,0.279508,0.078125
8,medium,313,1,0.330719,0.109375
8,medium,314,1,0.176777,0.031250
8,medium,315,1,0.250000,0.062500
8,medium,316,1,0.176777,0.031250
8,medium,317,1,0.125000,0.015625
8,medium,318,1,0.306186,0.093750
8,medium,319,1,0.250000,0.062500
8,medium,320,1,0.279508,0.078125
8,medium,321,1,0.176777,0.031250
8,medium,322,1,0.125000,0.015625
8,medium,323,1,0.176777,0.031250
8,medium,324,1,0.125000,0.015625
8,medium,325,1,0.176777,0.031250
8,medium,326,1,0.125000,0.015625
8,medium,327,0,0.000000,0.000000
8,medium,328,1,0.306186,0.093750
8,medium,329,1,0.125000,0.015625
8,medium,330,1,0.250000,0.062500
8,medium,331,1,0.279508,0.078125
8,medium,332,1,0.353553,0.125000
8,medium,333,1,0.216506,0.046875
8,medium,334,1,0.279508,0.078125
8,medium,335,1,0.250000,0.062500
8,medium,336,1,0.125000,0.015625
8,medium,337,1,0.250000,0.062500
8,medium,338,1,0.125000,0.015625
8,medium,339,0,0.000000,0.000000
8,medium,340,1,0.176777,0.031250
8,medium,341,1,0.176777,0.031250
8,medium,342,1,0.125000,0.015625
8,medium,343,1,0.176777,0.031250
8,medium,344,1,0.176777,0.031250
8,medium,345,1,0.306186,0.093750
8,medium,346,1,0.176777,0.031250
8,medium,347,1,0.216506,0.046875
8,medium,348,1,0.125000,0.015625
8,medium,349,1,0.125000,0.015625
8,medium,350,1,0.125000,0.015625
8,medium,351,1,0.216506,0.046875
8,medium,352,1,0.176777,0.031250
8,medium,353,1,0.216506,0.046875
8,medium,354,1,0.279508,0.078125
8,medium,355,1,0.395285,0.156250
8,medium,356,1,0.176777,0.031250
8,medium,357,1,0.250000,0.062500
8,medium,358,1,0.176777,0.031250
8,medium,359,1,0.216506,0.046875
8,medium,360,1,0.250000,0.062500
8,medium,361,1,0.250000,0.062500
8,medium,362,1,0.176777,0.031250
8,medium,363,1,0.176777,0.031250
8,medium,364,1,0.125000,0.015625
8,medium,365,1,0.125000,0.015625
8,medium,366,1,0.279508,0.078125
8,medium,367,1,0.250000,0.062500
8,medium,368,1,0.279508,0.078125
8,medium,369,1,0.125000,0.015625
8,medium,370,1,0.279508,0.078125
8,medium,371,1,0.176777,0.031250
8,medium,372,1,0.176777,0.031250
8,medium,373,1,0.250000,0.062500
8,medium,374,0,0.000000,0.000000
8,medium,375,1,0.176777,0.031250
8,medium,376,1,0.216506,0.046875
8,medium,377,1,0.216506,0.046875
8,medium,378,1,0.216506,0.046875
8,medium,379,1,0.330719,0.109375
8,medium,380,1,0.125000,0.015625
8,medium,381,1,0.125000,0.015625
8,medium,382,1,0.279508,0.078125
8,medium,383,1,0.279508,0.078125
8,medium,384,1,0.250000,0.062500
8,medium,385,1,0.176777,0.031250
8,medium,386,1,0.216506,0.046875
8,medium,387,1,0.330719,0.109375
8,medium,388,0,0.000000,0.000000
8,medium,389,1,0.330719,0.109375
8,medium,390,1,0.176777,0.031250
8,medium,391,1,0.279508,0.078125
8,medium,392,1,0.125000,0.015625
8,medium,393,1,0.330719,0.109375
8,medium,394,1,0.216506,0.046875
8,medium,395,1,0.279508,0.078125
8,medium,396,1,0.176777,0.031250
8,medium,397,1,0.176777,0.031250
8,medium,398,1,0.216506,0.046875
8,medium,399,1,0.125000,0.015625
8,medium,400,1,0.216506,0.046875
8,medium,401,1,0.250000,0.062500
8,medium,402,1,0.176777,0.031250
8,medium,403,1,0.125000,0.015625
8,medium,404,1,0.216506,0.046875
8,medium,405,1,0.176777,0.031250
8,medium,406,1,0.125000,0.015625
8,medium,407,1,0.250000,0.062500
8,medium,408,1,0.216506,0.046875
8,medium,409,1,0.125000,0.015625
8,medium,410,1,0.216506,0.046875
8,medium,411,0,0.000000,0.000000
8,medium,412,1,0.306186,0.093750
8,medium,413,1,0.216506,0.046875
8,medium,414,1,0.176777,0.031250
8,medium,415,1,0.250000,0.062500
8,medium,416,1,0.125000,0.015625
8,medium,417,1,0.279508,0.078125
8,medium,418,1,0.279508,0.078125
8,medium,419,1,0.279508,0.078125
8,medium,420,1,0.216506,0.046875
8,medium,421,0,0.000000,0.000000
8,medium,422,1,0.216506,0.046875
8,medium,423,1,0.216506,0.046875
8,medium,424,1,0.250000,0.062500
8,medium,425,1,0.306186,0.093750
8,medium,426,1,0.125000,0.015625
8,medium,427,1,0.250000,0.062500
8,medium,428,1,0.353553,0.125000
8,medium,429,1,0.279508,0.078125
8,medium,430,1,0.176777,0.031250
8,medium,431,1,0.125000,0.015625
8,medium,432,1,0.125000,0.015625
8,medium,433,1,0.216506,0.046875
8,medium,434,1,0.279508,0.078125
8,medium,435,1,0.216506,0.046875
8,medium,436,1,0.216506,0.046875
8,medium,437,1,0.125000,0.015625
8,medium,438,1,0.125000,0.015625
8,medium,439,1,0.125000,0.015625
8,medium,440,1,0.306186,0.093750
8,medium,441,1,0.279508,0.078125
8,medium,442,1,0.250000,0.062500
8,medium,443,1,0.125000,0.015625
8,medium,444,1,0.250000,0.062500
8,medium,445,1,0.250000,0.062500
8,medium,446,0,0.000000,0.000000
8,medium,447,1,0.306186,0.093750
8,medium,448,1,0.125000,0.015625
8,medium,449,1,0.279508,0.078125
8,medium,450,1,0.330719,0.109375
8,medium,451,1,0.216506,0.046875
8,medium,452,1,0.125000,0.015625
8,medium,453,1,0.216506,0.046875
8,medium,454,1,0.176777,0.031250
8,medium,455,1,0.279508,0.078125
8,medium,456,1,0.250000,0.062500
8,medium,457,1,0.250000,0.062500
8,medium,458,1,0.216506,0.046875
8,medium,459,0,0.000000,0.000000
8,medium,460,1,0.216506,0.046875
8,medium,461,1,0.306186,0.093750
8,medium,462,1,0.176777,0.031250
8,medium,463,1,0.176777,0.031250
8,medium,464,0,0.000000,0.000000
8,medium,465,1,0.216506,0.046875
8,medium,466,1,0.176777,0.031250
8,medium,467,1,0.306186,0.093750
8,medium,468,1,0.176777,0.031250
8,medium,469,1,0.125000,0.015625
8,medium,470,1,0.125000,0.015625
8,medium,471,1,0.330719,0.109375
8,medium,472,1,0.176777,0.031250
8,medium,473,1,0.125000,0.015625
8,medium,474,1,0.216506,0.046875
8,medium,475,1,0.176777,0.031250
8,medium,476,1,0.125000,0.015625
8,medium,477,1,0.279508,0.078125
8,medium,478,1,0.216506,0.046875
8,medium,479,1,0.330719,0.109375
8,medium,480,1,0.250000,0.062500
8,medium,481,1,0.330719,0.109375
8,medium,482,0,0.000000,0.000000
8,medium,483,1,0.176777,0.031250
8,medium,484,1,0.250000,0.062500
8,medium,485,1,0.250000,0.062500
8,medium,486,1,0.176777,0.031250
8,medium,487,1,0.250000,0.062500
8,medium,488,1,0.176777,0.031250
8,medium,489,1,0.330719,0.109375
8,medium,490,1,0.125000,0.015625
8,medium,491,1,0.216506,0.046875
8,medium,492,1,0.176777,0.031250
8,medium,493,1,0.125000,0.015625
8,medium,494,1,0.176777,0.031250
8,medium,495,1,0.125000,0.015625
8,medium,496,1,0.250000,0.062500
8,medium,497,1,0.176777,0.031250
8,medium,498,0,0.000000,0.000000
8,medium,499,1,0.125000,0.015625
8,medium,500,1,0.279508,0.078125
8,medium,501,1,0.216506,0.046875
8,medium,502,1,0.306186,0.093750
8,medium,503,1,0.216506,0.046875
8,medium,504,1,0.250000,0.062500
8,medium,505,1,0.330719,0.109375
8,medium,506,1,0.216506,0.046875
8,medium,507,1,0.279508,0.078125
8,medium,508,0,0.000000,0.000000
8,medium,509,1,0.176777,0.031250
8,medium,510,1,0.216506,0.046875
8,medium,511,1,0.250000,0.062500
8,medium,512,1,0.176777,0.031250
8,medium,513,1,0.125000,0.015625
8,medium,514,1,0.176777,0.031250
8,medium,515,1,0.216506,0.046875
8,medium,516,0,0.000000,0.000000
8,medium,517,1,0.125000,0.015625
8,medium,518,1,0.306186,0.093750
8,medium,519,1,0.216506,0.046875
8,medium,520,1,0.176777,0.031250
8,medium,521,1,0.125000,0.015625
8,medium,522,1,0.250000,0.062500
8,medium,523,1,0.279508,0.078125
8,medium,524,1,0.176777,0.031250
8,medium,525,1,0.176777,0.031250
8,medium,526,1,0.250000,0.062500
8,medium,527,0,0.000000,0.000000
8,medium,528,1,0.250000,0.062500
8,medium,529,1,0.306186,0.093750
8,medium,530,1,0.279508,0.078125
8,medium,531,1,0.216506,0.046875
8,medium,532,1,0.353553,0.125000
8,medium,533,1,0.125000,0.015625
8,medium,534,1,0.250000,0.062500
8,medium,535,0,0.000000,0.000000
8,medium,536,1,0.279508,0.078125
8,medium,537,1,0.216506,0.046875
8,medium,538,1,0.216506,0.046875
8,medium,539,1,0.216506,0.046875
8,medium,540,1,0.125000,0.015625
8,medium,541,1,0.216506,0.046875
8,medium,542,1,0.125000,0.015625
8,medium,543,1,0.125000,0.015625
8,medium,544,1,0.125000,0.015625
8,medium,545,1,0.306186,0.093750
8,medium,546,1,0.279508,0.078125
8,medium,547,1,0.125000,0.015625
8,medium,548,1,0.125000,0.015625
8,medium,549,1,0.330719,0.109375
8,medium,550,1,0.306186,0.093750
8,medium,551,1,0.216506,0.046875
8,medium,552,1,0.216506,0.046875
8,medium,553,1,0.279508,0.078125
8,medium,554,1,0.176777,0.031250
8,medium,555,1,0.279508,0.078125
8,medium,556,1,0.125000,0.015625
8,medium,557,1,0.250000,0.062500
8,medium,558,1,0.250000,0.062500
8,medium,559,1,0.176777,0.031250
8,medium,560,1,0.306186,0.093750
8,medium,561,0,0.000000,0.000000
8,medium,562,1,0.279508,0.078125
8,medium,563,1,0.125000,0.015625
8,medium,564,1,0.125000,0.015625
8,medium,565,1,0.176777,0.031250
8,medium,566,1,0.176777,0.031250
8,medium,567,1,0.216506,0.046875
8,medium,568,1,0.306186,0.093750
8,medium,569,1,0.279508,0.078125
8,medium,570,1,0.250000,0.062500
8,medium,571,1,0.306186,0.093750
8,medium,572,1,0.250000,0.062500
8,medium,573,1,0.306186,0.093750
8,medium,574,1,0.279508,0.078125
8,medium,575,1,0.216506,0.046875
8,medium,576,1,0.250000,0.062500
8,medium,577,1,0.125000,0.015625
8,medium,578,1,0.125000,0.015625
8,medium,579,1,0.216506,0.046875
8,medium,580,1,0.216506,0.046875
8,medium,581,1,0.216506,0.046875
8,medium,582,1,0.279508,0.078125
8,medium,583,1,0.125000,0.015625
8,medium,584,1,0.176777,0.031250
8,medium,585,1,0.279508,0.078125
8,medium,586,1,0.216506,0.046875
8,medium,587,1,0.176777,0.031250
8,medium,588,1,0.216506,0.046875
8,medium,589,0,0.000000,0.000000
8,medium,590,1,0.250000,0.062500
8,medium,591,1,0.216506,0.046875
8,medium,592,1,0.176777,0.031250
8,medium,593,1,0.306186,0.093750
8,medium,594,1,0.216506,0.046875
8,medium,595,1,0.375000,0.140625
8,medium,596,1,0.125000,0.015625
8,medium,597,1,0.176777,0.031250
8,medium,598,1,0.216506,0.046875
8,medium,599,1,0.250000,0.062500
8,medium,600,1,0.216506,0.046875
8,medium,601,1,0.216506,0.046875
8,medium,602,1,0.216506,0.046875
8,medium,603,1,0.279508,0.078125
8,medium,604,1,0.279508,0.078125
8,medium,605,1,0.306186,0.093750
8,medium,606,0,0.000000,0.000000
8,medium,607,1,0.216506,0.046875
8,medium,608,1,0.250000,0.062500
8,medium,609,1,0.414578,0.171875
8,medium,610,1,0.250000,0.062500
8,medium,611,1,0.306186,0.093750
8,medium,612,1,0.279508,0.078125
8,medium,613,0,0.000000,0.000000
8,medium,614,1,0.176777,0.031250
8,medium,615,0,0.000000,0.000000
8,medium,616,1,0.176777,0.031250
8,medium,617,1,0.375000,0.140625
8,medium,618,1,0.250000,0.062500
8,medium,619,1,0.216506,0.046875
8,medium,620,1,0.330719,0.109375
8,medium,621,1,0.279508,0.078125
8,medium,622,1,0.279508,0.078125
8,medium,623,1,0.375000,0.140625
8,medium,624,1,0.306186,0.093750
8,medium,625,1,0.250000,0.062500
8,medium,626,1,0.216506,0.046875
8,medium,627,1,0.176777,0.031250
8,medium,628,1,0.353553,0.125000
8,medium,629,1,0.125000,0.015625
8,medium,630,1,0.125000,0.015625
8,medium,631,1,0.250000,0.062500
8,medium,632,1,0.176777,0.031250
8,medium,633,1,0.216506,0.046875
8,medium,634,1,0.279508,0.078125
8,medium,635,1,0.250000,0.062500
8,medium,636,1,0.330719,0.109375
8,medium,637,1,0.250000,0.062500
8,medium,638,1,0.306186,0.093750
8,medium,639,0,0.000000,0.000000
8,medium,640,1,0.125000,0.015625
8,medium,641,1,0.125000,0.015625
8,medium,642,1,0.216506,0.046875
8,medium,643,1,0.279508,0.078125
8,medium,644,0,0.000000,0.000000
8,medium,645,1,0.176777,0.031250
8,medium,646,1,0.306186,0.093750
8,medium,647,1,0.306186,0.093750
8,medium,648,1,0.279508,0.078125
8,medium,649,1,0.216506,0.046875
8,medium,650,1,0.250000,0.062500
8,medium,651,1,0.125000,0.015625
8,medium,652,1,0.306186,0.093750
8,medium,653,1,0.176777,0.031250
8,medium,654,1,0.250000,0.062500
8,medium,655,1,0.279508,0.078125
8,medium,656,1,0.250000,0.062500
8,medium,657,1,0.306186,0.093750
8,medium,658,1,0.306186,0.093750
8,medium,659,1,0.250000,0.062500
8,medium,660,1,0.176777,0.031250
8,medium,661,1,0.216506,0.046875
8,medium,662,1,0.125000,0.015625
8,medium,663,1,0.353553,0.125000
8,medium,664,1,0.279508,0.078125
8,medium,665,0,0.000000,0.000000
8,medium,666,0,0.000000,0.000000
8,medium,667,1,0.306186,0.093750
8,medium,668,0,0.000000,0.000000
8,medium,669,1,0.250000,0.062500
8,medium,670,1,0.216506,0.046875
8,medium,671,1,0.216506,0.046875
8,medium,672,1,0.216506,0.046875
8,medium,673,1,0.125000,0.015625
8,medium,674,1,0.250000,0.062500
8,medium,675,1,0.176777,0.031250
8,medium,676,1,0.375000,0.140625
8,medium,677,1,0.216506,0.046875
8,medium,678,1,0.216506,0.046875
8,medium,679,1,0.216506,0.046875
8,medium,680,1,0.279508,0.078125
8,medium,681,1,0.125000,0.015625
8,medium,682,1,0.216506,0.046875
8,medium,683,1,0.125000,0.015625
8,medium,684,1,0.176777,0.031250
8,medium,685,1,0.216506,0.046875
8,medium,686,1,0.125000,0.015625
8,medium,687,1,0.176777,0.031250
8,medium,688,1,0.176777,0.031250
8,medium,689,1,0.176777,0.031250
8,medium,690,1,0.216506,0.046875
8,medium,691,1,0.125000,0.015625
8,medium,692,0,0.000000,0.000000
8,medium,693,1,0.216506,0.046875
8,medium,694,1,0.250000,0.062500
8,medium,695,1,0.176777,0.031250
8,medium,696,1,0.216506,0.046875
8,medium,697,1,0.250000,0.062500
8,medium,698,1,0.306186,0.093750
8,medium,699,1,0.176777,0.031250
8,medium,700,1,0.330719,0.109375
8,medium,701,1,0.125000,0.015625
8,medium,702,1,0.250000,0.062500
8,medium,703,1,0.250000,0.062500
8,medium,704,1,0.216506,0.046875
8,medium,705,1,0.125000,0.015625
8,medium,706,1,0.176777,0.031250
8,medium,707,1,0.125000,0.015625
8,medium,708,1,0.250000,0.062500
8,medium,709,1,0.176777,0.031250
8,medium,710,1,0.216506,0.046875
8,medium,711,1,0.353553,0.125000
8,medium,712,1,0.125000,0.015625
8,medium,713,1,0.176777,0.031250
8,medium,714,1,0.176777,0.031250
8,medium,715,1,0.279508,0.078125
8,medium,716,1,0.216506,0.046875
8,medium,717,1,0.216506,0.046875
8,medium,718,1,0.279508,0.078125
8,medium,719,1,0.216506,0.046875
8,medium,720,1,0.306186,0.093750
8,medium,721,0,0.000000,0.000000
8,medium,722,1,0.216506,0.046875
8,medium,723,1,0.216506,0.046875
8,medium,724,1,0.176777,0.031250
8,medium,725,1,0.279508,0.078125
8,medium,726,1,0.125000,0.015625
8,medium,727,1,0.330719,0.109375
8,medium,728,1,0.250000,0.062500
8,medium,729,1,0.250000,0.062500
8,medium,730,1,0.176777,0.031250
8,medium,731,1,0.279508,0.078125
8,medium,732,1,0.176777,0.031250
8,medium,733,1,0.216506,0.046875
8,medium,734,1,0.216506,0.046875
8,medium,735,0,0.000000,0.000000
8,medium,736,1,0.125000,0.015625
8,medium,737,1,0.306186,0.093750
8,medium,738,1,0.216506,0.046875
8,medium,739,1,0.279508,0.078125
8,medium,740,1,0.306186,0.093750
8,medium,741,1,0.216506,0.046875
8,medium,742,1,0.279508,0.078125
8,medium,743,1,0.216506,0.046875
8,medium,744,1,0.216506,0.046875
8,medium,745,1,0.279508,0.078125
8,medium,746,1,0.330719,0.109375
8,medium,747,1,0.216506,0.046875
8,medium,748,1,0.125000,0.015625
8,medium,749,1,0.176777,0.031250
8,medium,750,1,0.216506,0.046875
8,medium,751,1,0.279508,0.078125
8,medium,752,1,0.125000,0.015625
8,medium,753,1,0.250000,0.062500
8,medium,754,1,0.176777,0.031250
8,medium,755,1,0.176777,0.031250
8,medium,756,1,0.216506,0.046875
8,medium,757,1,0.216506,0.046875
8,medium,758,1,0.250000,0.062500
8,medium,759,1,0.176777,0.031250
8,medium,760,1,0.216506,0.046875
8,medium,761,1,0.279508,0.078125
8,medium,762,1,0.125000,0.015625
8,medium,763,1,0.250000,0.062500
8,medium,764,1,0.395285,0.156250
8,medium,765,1,0.216506,0.046875
8,medium,766,1,0.176777,0.031250
8,medium,767,1,0.216506,0.046875
8,medium,768,1,0.176777,0.031250
8,medium,769,1,0.250000,0.062500
8,medium,770,1,0.279508,0.078125
8,medium,771,1,0.279508,0.078125
8,medium,772,1,0.176777,0.031250
8,medium,773,0,0.000000,0.000000
8,medium,774,1,0.216506,0.046875
8,medium,775,1,0.176777,0.031250
8,medium,776,1,0.216506,0.046875
8,medium,777,1,0.176777,0.031250
8,medium,778,1,0.176777,0.031250
8,medium,779,1,0.176777,0.031250
8,medium,780,1,0.216506,0.046875
8,medium,781,1,0.176777,0.031250
8,medium,782,1,0.176777,0.031250
8,medium,783,1,0.176777,0.031250
8,medium,784,0,0.000000,0.000000
8,medium,785,1,0.176777,0.031250
8,medium,786,1,0.176777,0.031250
8,medium,787,1,0.176777,0.031250
8,medium,788,1,0.216506,0.046875
8,medium,789,1,0.176777,0.031250
8,medium,790,1,0.216506,0.046875
8,medium,791,1,0.330719,0.109375
8,medium,792,1,0.216506,0.046875
8,medium,793,1,0.250000,0.062500
8,medium,794,1,0.216506,0.046875
8,medium,795,1,0.250000,0.062500
8,medium,796,1,0.306186,0.093750
8,medium,797,1,0.306186,0.093750
8,medium,798,1,0.125000,0.015625
8,medium,799,1,0.216506,0.046875
8,medium,800,1,0.176777,0.031250
8,medium,801,1,0.250000,0.062500
8,medium,802,1,0.306186,0.093750
8,medium,803,1,0.176777,0.031250
8,medium,804,0,0.000000,0.000000
8,medium,805,1,0.176777,0.031250
8,medium,806,1,0.250000,0.062500
8,medium,807,1,0.216506,0.046875
8,medium,808,1,0.176777,0.031250
8,medium,809,1,0.125000,0.015625
8,medium,810,1,0.125000,0.015625
8,medium,811,0,0.000000,0.000000
8,medium,812,1,0.125000,0.015625
8,medium,813,1,0.176777,0.031250
8,medium,814,1,0.216506,0.046875
8,medium,815,1,0.125000,0.015625
8,medium,816,1,0.216506,0.046875
8,medium,817,1,0.125000,0.015625
8,medium,818,1,0.279508,0.078125
8,medium,819,1,0.306186,0.093750
8,medium,820,1,0.279508,0.078125
8,medium,821,1,0.306186,0.093750
8,medium,822,1,0.125000,0.015625
8,medium,823,1,0.216506,0.046875
8,medium,824,1,0.216506,0.046875
8,medium,825,1,0.125000,0.015625
8,medium,826,1,0.216506,0.046875
8,medium,827,1,0.125000,0.015625
8,medium,828,1,0.330719,0.109375
8,medium,829,1,0.216506,0.046875
8,medium,830,1,0.125000,0.015625
8,medium,831,1,0.216506,0.046875
8,medium,832,1,0.125000,0.015625
8,medium,833,1,0.125000,0.015625
8,medium,834,1,0.414578,0.171875
8,medium,835,1,0.125000,0.015625
8,medium,836,1,0.216506,0.046875
8,medium,837,0,0.000000,0.000000
8,medium,838,1,0.216506,0.046875
8,medium,839,1,0.279508,0.078125
8,medium,840,0,0.000000,0.000000
8,medium,841,1,0.279508,0.078125
8,medium,842,1,0.176777,0.031250
8,medium,843,1,0.176777,0.031250
8,medium,844,1,0.216506,0.046875
8,medium,845,1,0.330719,0.109375
8,medium,846,0,0.000000,0.000000
8,medium,847,1,0.306186,0.093750
8,medium,848,0,0.000000,0.000000
8,medium,849,0,0.000000,0.000000
8,medium,850,1,0.279508,0.078125
8,medium,851,1,0.176777,0.031250
8,medium,852,1,0.279508,0.078125
8,medium,853,1,0.176777,0.031250
8,medium,854,0,0.000000,0.000000
8,medium,855,1,0.176777,0.031250
8,medium,856,1,0.125000,0.015625
8,medium,857,1,0.125000,0.015625
8,medium,858,1,0.279508,0.078125
8,medium,859,1,0.176777,0.031250
8,medium,860,1,0.125000,0.015625
8,medium,861,1,0.279508,0.078125
8,medium,862,1,0.250000,0.062500
8,medium,863,1,0.176777,0.031250
8,medium,864,1,0.176777,0.031250
8,medium,865,1,0.176777,0.031250
8,medium,866,1,0.250000,0.062500
8,medium,867,1,0.176777,0.031250
8,medium,868,1,0.279508,0.078125
8,medium,869,1,0.279508,0.078125
8,medium,870,1,0.279508,0.078125
8,medium,871,0,0.000000,0.000000
8,medium,872,1,0.125000,0.015625
8,medium,873,1,0.250000,0.062500
8,medium,874,1,0.216506,0.046875
8,medium,875,1,0.176777,0.031250
8,medium,876,1,0.216506,0.046875
8,medium,877,1,0.330719,0.109375
8,medium,878,0,0.000000,0.000000
8,medium,879,1,0.250000,0.062500
8,medium,880,1,0.279508,0.078125
8,medium,881,1,0.125000,0.015625
8,medium,882,1,0.330719,0.109375
8,medium,883,1,0.250000,0.062500
8,medium,884,1,0.306186,0.093750
8,medium,885,1,0.216506,0.046875
8,medium,886,1,0.176777,0.031250
8,medium,887,1,0.353553,0.125000
8,medium,888,1,0.216506,0.046875
8,medium,889,1,0.216506,0.046875
8,medium,890,1,0.125000,0.015625
8,medium,891,1,0.216506,0.046875
8,medium,892,1,0.176777,0.031250
8,medium,893,1,0.125000,0.015625
8,medium,894,1,0.125000,0.015625
8,medium,895,1,0.279508,0.078125
8,medium,896,1,0.125000,0.015625
8,medium,897,1,0.250000,0.062500
8,medium,898,1,0.250000,0.062500
8,medium,899,1,0.176777,0.031250
8,medium,900,1,0.216506,0.046875
8,medium,901,1,0.216506,0.046875
8,medium,902,1,0.216506,0.046875
8,medium,903,1,0.125000,0.015625
8,medium,904,1,0.279508,0.078125
8,medium,905,1,0.125000,0.015625
8,medium,906,1,0.176777,0.031250
8,medium,907,1,0.250000,0.062500
8,medium,908,0,0.000000,0.000000
8,medium,909,1,0.125000,0.015625
8,medium,910,1,0.125000,0.015625
8,medium,911,1,0.250000,0.062500
8,medium,912,1,0.176777,0.031250
8,medium,913,1,0.216506,0.046875
8,medium,914,1,0.125000,0.015625
8,medium,915,1,0.279508,0.078125
8,medium,916,1,0.176777,0.031250
8,medium,917,1,0.176777,0.031250
8,medium,918,1,0.216506,0.046875
8,medium,919,1,0.216506,0.046875
8,medium,920,1,0.176777,0.031250
8,medium,921,0,0.000000,0.000000
8,medium,922,1,0.216506,0.046875
8,medium,923,1,0.250000,0.062500
8,medium,924,1,0.125000,0.015625
8,medium,925,1,0.216506,0.046875
8,medium,926,1,0.250000,0.062500
8,medium,927,1,0.216506,0.046875
8,medium,928,1,0.395285,0.156250
8,medium,929,1,0.279508,0.078125
8,medium,930,0,0.000000,0.000000
8,medium,931,1,0.125000,0.015625
8,medium,932,1,0.279508,0.078125
8,medium,933,1,0.250000,0.062500
8,medium,934,1,0.125000,0.015625
8,medium,935,1,0.216506,0.046875
8,medium,936,1,0.176777,0.031250
8,medium,937,1,0.250000,0.062500
8,medium,938,1,0.216506,0.046875
8,medium,939,1,0.279508,0.078125
8,medium,940,1,0.216506,0.046875
8,medium,941,1,0.250000,0.062500
8,medium,942,1,0.279508,0.078125
8,medium,943,1,0.125000,0.015625
8,medium,944,1,0.216506,0.046875
8,medium,945,1,0.216506,0.046875
8,medium,946,1,0.125000,0.015625
8,medium,947,1,0.216506,0.046875
8,medium,948,1,0.125000,0.015625
8,medium,949,1,0.279508,0.078125
8,medium,950,1,0.176777,0.031250
8,medium,951,1,0.125000,0.015625
8,medium,952,1,0.353553,0.125000
8,medium,953,1,0.250000,0.062500
8,medium,954,1,0.306186,0.093750
8,medium,955,1,0.125000,0.015625
8,medium,956,1,0.125000,0.015625
8,medium,957,1,0.279508,0.078125
8,medium,958,1,0.176777,0.031250
8,medium,959,1,0.176777,0.031250
8,medium,960,1,0.125000,0.015625
8,medium,961,1,0.279508,0.078125
8,medium,962,1,0.176777,0.031250
8,medium,963,1,0.216506,0.046875
8,medium,964,1,0.279508,0.078125
8,medium,965,1,0.125000,0.015625
8,medium,966,1,0.216506,0.046875
8,medium,967,1,0.125000,0.015625
8,medium,968,1,0.176777,0.031250
8,medium,969,1,0.176777,0.031250
8,medium,970,1,0.306186,0.093750
8,medium,971,1,0.353553,0.125000
8,medium,972,1,0.330719,0.109375
8,medium,973,1,0.176777,0.031250
8,medium,974,1,0.216506,0.046875
8,medium,975,1,0.279508,0.078125
8,medium,976,1,0.279508,0.078125
8,medium,977,1,0.216506,0.046875
8,medium,978,1,0.176777,0.031250
8,medium,979,1,0.125000,0.015625
8,medium,980,1,0.216506,0.046875
8,medium,981,1,0.306186,0.093750
8,medium,982,1,0.216506,0.046875
8,medium,983,1,0.216506,0.046875
8,medium,984,1,0.216506,0.046875
8,medium,985,1,0.306186,0.093750
8,medium,986,1,0.279508,0.078125
8,medium,987,1,0.279508,0.078125
8,medium,988,1,0.176777,0.031250
8,medium,989,1,0.176777,0.031250
8,medium,990,1,0.353553,0.125000
8,medium,991,1,0.125000,0.015625
8,medium,992,1,0.306186,0.093750
8,medium,993,1,0.125000,0.015625
8,medium,994,1,0.125000,0.015625
8,medium,995,1,0.279508,0.078125
8,medium,996,1,0.176777,0.031250
8,medium,997,1,0.330719,0.109375
8,medium,998,1,0.176777,0.031250
8,medium,999,1,0.125000,0.015625
16,medium,0,1,0.225347,0.050781
16,medium,1,1,0.242061,0.058594
16,medium,2,1,0.225347,0.050781
16,medium,3,1,0.207289,0.042969
16,medium,4,1,0.233854,0.054688
16,medium,5,1,0.242061,0.058594
16,medium,6,1,0.257694,0.066406
16,medium,7,1,0.225347,0.050781
16,medium,8,1,0.233854,0.054688
16,medium,9,1,0.299739,0.089844
16,medium,10,1,0.207289,0.042969
16,medium,11,1,0.293151,0.085938
16,medium,12,1,0.187500,0.035156
16,medium,13,1,0.176777,0.031250
16,medium,14,1,0.187500,0.035156
16,medium,15,1,0.187500,0.035156
16,medium,16,1,0.216506,0.046875
16,medium,17,1,0.176777,0.031250
16,medium,18,1,0.233854,0.054688
16,medium,19,1,0.242061,0.058594
16,medium,20,1,0.242061,0.058594
16,medium,21,1,0.176777,0.031250
16,medium,22,1,0.153093,0.023438
16,medium,23,1,0.233854,0.054688
16,medium,24,1,0.257694,0.066406
16,medium,25,1,0.312500,0.097656
16,medium,26,1,0.242061,0.058594
16,medium,27,1,0.242061,0.058594
16,medium,28,1,0.250000,0.062500
16,medium,29,1,0.197642,0.039062
16,medium,30,1,0.197642,0.039062
16,medium,31,1,0.125000,0.015625
16,medium,32,1,0.216506,0.046875
16,medium,33,1,0.250000,0.062500
16,medium,34,1,0.242061,0.058594
16,medium,35,1,0.293151,0.085938
16,medium,36,1,0.187500,0.035156
16,medium,37,1,0.176777,0.031250
16,medium,38,1,0.176777,0.031250
16,medium,39,1,0.187500,0.035156
16,medium,40,1,0.233854,0.054688
16,medium,41,1,0.207289,0.042969
16,medium,42,1,0.187500,0.035156
16,medium,43,1,0.225347,0.050781
16,medium,44,1,0.216506,0.046875
16,medium,45,1,0.265165,0.070312
16,medium,46,1,0.176777,0.031250
16,medium,47,1,0.207289,0.042969
16,medium,48,1,0.207289,0.042969
16,medium,49,1,0.216506,0.046875
16,medium,50,1,0.265165,0.070312
16,medium,51,1,0.187500,0.035156
16,medium,52,1,0.242061,0.058594
16,medium,53,1,0.176777,0.031250
16,medium,54,1,0.225347,0.050781
16,medium,55,1,0.242061,0.058594
16,medium,56,1,0.225347,0.050781
16,medium,57,1,0.187500,0.035156
16,medium,58,1,0.225347,0.050781
16,medium,59,1,0.225347,0.050781
16,medium,60,1,0.257694,0.066406
16,medium,61,1,0.216506,0.046875
16,medium,62,1,0.197642,0.039062
16,medium,63,1,0.207289,0.042969
16,medium,64,1,0.225347,0.050781
16,medium,65,1,0.153093,0.023438
16,medium,66,1,0.207289,0.042969
16,medium,67,1,0.187500,0.035156
16,medium,68,1,0.216506,0.046875
16,medium,69,1,0.286411,0.082031
16,medium,70,1,0.197642,0.039062
16,medium,71,1,0.153093,0.023438
16,medium,72,1,0.299739,0.089844
16,medium,73,1,0.207289,0.042969
16,medium,74,1,0.216506,0.046875
16,medium,75,1,0.286411,0.082031
16,medium,76,1,0.197642,0.039062
16,medium,77,1,0.216506,0.046875
16,medium,78,1,0.265165,0.070312
16,medium,79,1,0.153093,0.023438
16,medium,80,1,0.187500,0.035156
16,medium,81,1,0.250000,0.062500
16,medium,82,1,0.272431,0.074219
16,medium,83,1,0.286411,0.082031
16,medium,84,1,0.207289,0.042969
16,medium,85,1,0.207289,0.042969
16,medium,86,1,0.225347,0.050781
16,medium,87,1,0.225347,0.050781
16,medium,88,1,0.279508,0.078125
16,medium,89,1,0.139754,0.019531
16,medium,90,1,0.207289,0.042969
16,medium,91,1,0.153093,0.023438
16,medium,92,1,0.165359,0.027344
16,medium,93,1,0.207289,0.042969
16,medium,94,1,0.233854,0.054688
16,medium,95,1,0.257694,0.066406
16,medium,96,1,0.265165,0.070312
16,medium,97,1,0.176777,0.031250
16,medium,98,1,0.197642,0.039062
16,medium,99,1,0.233854,0.054688
16,medium,100,1,0.265165,0.070312
16,medium,101,1,0.265165,0.070312
16,medium,102,1,0.225347,0.050781
16,medium,103,1,0.216506,0.046875
16,medium,104,1,0.233854,0.054688
16,medium,105,1,0.197642,0.039062
16,medium,106,1,0.257694,0.066406
16,medium,107,1,0.242061,0.058594
16,medium,108,1,0.125000,0.015625
16,medium,109,1,0.207289,0.042969
16,medium,110,1,0.216506,0.046875
16,medium,111,1,0.279508,0.078125
16,medium,112,1,0.187500,0.035156
16,medium,113,1,0.197642,0.039062
16,medium,114,1,0.165359,0.027344
16,medium,115,1,0.187500,0.035156
16,medium,116,1,0.250000,0.062500
16,medium,117,1,0.242061,0.058594
16,medium,118,1,0.197642,0.039062
16,medium,119,1,0.153093,0.023438
16,medium,120,1,0.176777,0.031250
16,medium,121,1,0.165359,0.027344
16,medium,122,1,0.165359,0.027344
16,medium,123,1,0.187500,0.035156
16,medium,124,1,0.197642,0.039062
16,medium,125,1,0.125000,0.015625
16,medium,126,1,0.187500,0.035156
16,medium,127,1,0.139754,0.019531
16,medium,128,1,0.197642,0.039062
16,medium,129,1,0.176777,0.031250
16,medium,130,1,0.216506,0.046875
16,medium,131,1,0.165359,0.027344
16,medium,132,1,0.176777,0.031250
16,medium,133,1,0.242061,0.058594
16,medium,134,1,0.250000,0.062500
16,medium,135,1,0.233854,0.054688
16,medium,136,1,0.233854,0.054688
16,medium,137,1,0.225347,0.050781
16,medium,138,1,0.242061,0.058594
16,medium,139,1,0.306186,0.093750
16,medium,140,1,0.187500,0.035156
16,medium,141,1,0.257694,0.066406
16,medium,142,1,0.250000,0.062500
16,medium,143,1,0.257694,0.066406
16,medium,144,1,0.272431,0.074219
16,medium,145,1,0.197642,0.039062
16,medium,146,1,0.187500,0.035156
16,medium,147,1,0.216506,0.046875
16,medium,148,1,0.216506,0.046875
16,medium,149,1,0.207289,0.042969
16,medium,150,1,0.293151,0.085938
16,medium,151,1,0.272431,0.074219
16,medium,152,1,0.187500,0.035156
16,medium,153,1,0.216506,0.046875
16,medium,154,1,0.176777,0.031250
16,medium,155,1,0.286411,0.082031
16,medium,156,1,0.197642,0.039062
16,medium,157,1,0.250000,0.062500
16,medium,158,1,0.257694,0.066406
16,medium,159,1,0.207289,0.042969
16,medium,160,1,0.286411,0.082031
16,medium,161,1,0.197642,0.039062
16,medium,162,1,0.225347,0.050781
16,medium,163,1,0.216506,0.046875
16,medium,164,1,0.216506,0.046875
16,medium,165,1,0.265165,0.070312
16,medium,166,1,0.176777,0.031250
16,medium,167,1,0.165359,0.027344
16,medium,168,1,0.207289,0.042969
16,medium,169,1,0.242061,0.058594
16,medium,170,1,0.257694,0.066406
16,medium,171,1,0.216506,0.046875
16,medium,172,1,0.233854,0.054688
16,medium,173,1,0.242061,0.058594
16,medium,174,1,0.153093,0.023438
16,medium,175,1,0.176777,0.031250
16,medium,176,1,0.207289,0.042969
16,medium,177,1,0.225347,0.050781
16,medium,178,1,0.242061,0.058594
16,medium,179,1,0.257694,0.066406
16,medium,180,1,0.165359,0.027344
16,medium,181,1,0.293151,0.085938
16,medium,182,1,0.197642,0.039062
16,medium,183,1,0.233854,0.054688
16,medium,184,1,0.207289,0.042969
16,medium,185,1,0.216506,0.046875
16,medium,186,1,0.225347,0.050781
16,medium,187,1,0.225347,0.050781
16,medium,188,1,0.233854,0.054688
16,medium,189,1,0.207289,0.042969
16,medium,190,1,0.216506,0.046875
16,medium,191,1,0.207289,0.042969
16,medium,192,1,0.286411,0.082031
16,medium,193,1,0.207289,0.042969
16,medium,194,1,0.265165,0.070312
16,medium,195,1,0.225347,0.050781
16,medium,196,1,0.216506,0.046875
16,medium,197,1,0.257694,0.066406
16,medium,198,1,0.233854,0.054688
16,medium,199,1,0.257694,0.066406
16,medium,200,1,0.233854,0.054688
16,medium,201,1,0.197642,0.039062
16,medium,202,1,0.197642,0.039062
16,medium,203,1,0.233854,0.054688
16,medium,204,1,0.139754,0.019531
16,medium,205,1,0.207289,0.042969
16,medium,206,1,0.187500,0.035156
16,medium,207,1,0.176777,0.031250
16,medium,208,1,0.250000,0.062500
16,medium,209,1,0.250000,0.062500
16,medium,210,1,0.176777,0.031250
16,medium,211,1,0.257694,0.066406
16,medium,212,1,0.233854,0.054688
16,medium,213,1,0.216506,0.046875
16,medium,214,1,0.216506,0.046875
16,medium,215,1,0.187500,0.035156
16,medium,216,1,0.250000,0.062500
16,medium,217,1,0.207289,0.042969
16,medium,218,1,0.216506,0.046875
16,medium,219,1,0.207289,0.042969
16,medium,220,1,0.216506,0.046875
16,medium,221,1,0.242061,0.058594
16,medium,222,1,0.153093,0.023438
16,medium,223,1,0.257694,0.066406
16,medium,224,1,0.216506,0.046875
16,medium,225,1,0.257694,0.066406
16,medium,226,1,0.165359,0.027344
16,medium,227,1,0.272431,0.074219
16,medium,228,1,0.242061,0.058594
16,medium,229,1,0.225347,0.050781
16,medium,230,1,0.225347,0.050781
16,medium,231,1,0.233854,0.054688
16,medium,232,1,0.197642,0.039062
16,medium,233,1,0.216506,0.046875
16,medium,234,1,0.312500,0.097656
16,medium,235,1,0.257694,0.066406
16,medium,236,1,0.225347,0.050781
16,medium,237,1,0.293151,0.085938
16,medium,238,1,0.176777,0.031250
16,medium,239,1,0.197642,0.039062
16,medium,240,1,0.233854,0.054688
16,medium,241,1,0.257694,0.066406
16,medium,242,1,0.257694,0.066406
16,medium,243,1,0.216506,0.046875
16,medium,244,1,0.225347,0.050781
16,medium,245,1,0.197642,0.039062
16,medium,246,1,0.176777,0.031250
16,medium,247,1,0.207289,0.042969
16,medium,248,1,0.265165,0.070312
16,medium,249,1,0.279508,0.078125
16,medium,250,1,0.197642,0.039062
16,medium,251,1,0.272431,0.074219
16,medium,252,1,0.197642,0.039062
16,medium,253,1,0.318689,0.101562
16,medium,254,1,0.272431,0.074219
16,medium,255,1,0.233854,0.054688
16,medium,256,1,0.250000,0.062500
16,medium,257,1,0.176777,0.031250
16,medium,258,1,0.225347,0.050781
16,medium,259,1,0.225347,0.050781
16,medium,260,1,0.153093,0.023438
16,medium,261,1,0.257694,0.066406
16,medium,262,1,0.207289,0.042969
16,medium,263,1,0.207289,0.042969
16,medium,264,1,0.225347,0.050781
16,medium,265,1,0.216506,0.046875
16,medium,266,1,0.257694,0.066406
16,medium,267,1,0.207289,0.042969
16,medium,268,1,0.225347,0.050781
16,medium,269,1,0.265165,0.070312
16,medium,270,1,0.225347,0.050781
16,medium,271,1,0.225347,0.050781
16,medium,272,1,0.257694,0.066406
16,medium,273,1,0.257694,0.066406
16,medium,274,1,0.233854,0.054688
16,medium,275,1,0.207289,0.042969
16,medium,276,1,0.272431,0.074219
16,medium,277,1,0.216506,0.046875
16,medium,278,1,0.176777,0.031250
16,medium,279,1,0.265165,0.070312
16,medium,280,1,0.233854,0.054688
16,medium,281,1,0.225347,0.050781
16,medium,282,1,0.279508,0.078125
16,medium,283,1,0.250000,0.062500
16,medium,284,1,0.187500,0.035156
16,medium,285,1,0.176777,0.031250
16,medium,286,1,0.176777,0.031250
16,medium,287,1,0.272431,0.074219
16,medium,288,1,0.216506,0.046875
16,medium,289,1,0.225347,0.050781
16,medium,290,1,0.250000,0.062500
16,medium,291,1,0.225347,0.050781
16,medium,292,1,0.225347,0.050781
16,medium,293,1,0.257694,0.066406
16,medium,294,1,0.265165,0.070312
16,medium,295,1,0.207289,0.042969
16,medium,296,1,0.242061,0.058594
16,medium,297,1,0.207289,0.042969
16,medium,298,1,0.207289,0.042969
16,medium,299,1,0.225347,0.050781
16,medium,300,1,0.242061,0.058594
16,medium,301,1,0.265165,0.070312
16,medium,302,1,0.225347,0.050781
16,medium,303,1,0.286411,0.082031
16,medium,304,1,0.242061,0.058594
16,medium,305,1,0.187500,0.035156
16,medium,306,1,0.257694,0.066406
16,medium,307,1,0.216506,0.046875
16,medium,308,1,0.242061,0.058594
16,medium,309,1,0.242061,0.058594
16,medium,310,1,0.197642,0.039062
16,medium,311,1,0.265165,0.070312
16,medium,312,1,0.187500,0.035156
16,medium,313,1,0.207289,0.042969
16,medium,314,1,0.257694,0.066406
16,medium,315,1,0.216506,0.046875
16,medium,316,1,0.233854,0.054688
16,medium,317,1,0.265165,0.070312
16,medium,318,1,0.250000,0.062500
16,medium,319,1,0.207289,0.042969
16,medium,320,1,0.225347,0.050781
16,medium,321,1,0.257694,0.066406
16,medium,322,1,0.197642,0.039062
16,medium,323,1,0.225347,0.050781
16,medium,324,1,0.299739,0.089844
16,medium,325,1,0.225347,0.050781
16,medium,326,1,0.225347,0.050781
16,medium,327,1,0.265165,0.070312
16,medium,328,1,0.286411,0.082031
16,medium,329,1,0.187500,0.035156
16,medium,330,1,0.197642,0.039062
16,medium,331,1,0.293151,0.085938
16,medium,332,1,0.165359,0.027344
16,medium,333,1,0.225347,0.050781
16,medium,334,1,0.176777,0.031250
16,medium,335,1,0.225347,0.050781
16,medium,336,1,0.197642,0.039062
16,medium,337,1,0.216506,0.046875
16,medium,338,1,0.272431,0.074219
16,medium,339,1,0.233854,0.054688
16,medium,340,1,0.265165,0.070312
16,medium,341,1,0.279508,0.078125
16,medium,342,1,0.242061,0.058594
16,medium,343,1,0.187500,0.035156
16,medium,344,1,0.187500,0.035156
16,medium,345,1,0.257694,0.066406
16,medium,346,1,0.225347,0.050781
16,medium,347,1,0.176777,0.031250
16,medium,348,1,0.153093,0.023438
16,medium,349,1,0.233854,0.054688
16,medium,350,1,0.225347,0.050781
16,medium,351,1,0.176777,0.031250
16,medium,352,1,0.286411,0.082031
16,medium,353,1,0.207289,0.042969
16,medium,354,1,0.187500,0.035156
16,medium,355,1,0.242061,0.058594
16,medium,356,1,0.216506,0.046875
16,medium,357,1,0.272431,0.074219
16,medium,358,1,0.197642,0.039062
16,medium,359,1,0.197642,0.039062
16,medium,360,1,0.265165,0.070312
16,medium,361,1,0.225347,0.050781
16,medium,362,1,0.207289,0.042969
16,medium,363,1,0.257694,0.066406
16,medium,364,1,0.216506,0.046875
16,medium,365,1,0.216506,0.046875
16,medium,366,1,0.187500,0.035156
16,medium,367,1,0.233854,0.054688
16,medium,368,1,0.250000,0.062500
16,medium,369,1,0.197642,0.039062
16,medium,370,1,0.257694,0.066406
16,medium,371,1,0.250000,0.062500
16,medium,372,1,0.216506,0.046875
16,medium,373,1,0.225347,0.050781
16,medium,374,1,0.197642,0.039062
16,medium,375,1,0.207289,0.042969
16,medium,376,1,0.216506,0.046875
16,medium,377,1,0.257694,0.066406
16,medium,378,1,0.257694,0.066406
16,medium,379,1,0.176777,0.031250
16,medium,380,1,0.272431,0.074219
16,medium,381,1,0.272431,0.074219
16,medium,382,1,0.272431,0.074219
16,medium,383,1,0.207289,0.042969
16,medium,384,1,0.250000,0.062500
16,medium,385,1,0.197642,0.039062
16,medium,386,1,0.165359,0.027344
16,medium,387,1,0.176777,0.031250
16,medium,388,1,0.242061,0.058594
16,medium,389,1,0.233854,0.054688
16,medium,390,1,0.225347,0.050781
16,medium,391,1,0.207289,0.042969
16,medium,392,1,0.216506,0.046875
16,medium,393,1,0.176777,0.031250
16,medium,394,1,0.165359,0.027344
16,medium,395,1,0.207289,0.042969
16,medium,396,1,0.176777,0.031250
16,medium,397,1,0.216506,0.046875
16,medium,398,1,0.225347,0.050781
16,medium,399,1,0.176777,0.031250
16,medium,400,1,0.207289,0.042969
16,medium,401,1,0.176777,0.031250
16,medium,402,1,0.306186,0.093750
16,medium,403,1,0.233854,0.054688
16,medium,404,1,0.242061,0.058594
16,medium,405,1,0.242061,0.058594
16,medium,406,1,0.242061,0.058594
16,medium,407,1,0.286411,0.082031
16,medium,408,1,0.153093,0.023438
16,medium,409,1,0.265165,0.070312
16,medium,410,1,0.265165,0.070312
16,medium,411,1,0.216506,0.046875
16,medium,412,1,0.197642,0.039062
16,medium,413,1,0.242061,0.058594
16,medium,414,1,0.207289,0.042969
16,medium,415,1,0.293151,0.085938
16,medium,416,1,0.233854,0.054688
16,medium,417,1,0.216506,0.046875
16,medium,418,1,0.257694,0.066406
16,medium,419,1,0.197642,0.039062
16,medium,420,1,0.153093,0.023438
16,medium,421,1,0.216506,0.046875
16,medium,422,1,0.216506,0.046875
16,medium,423,1,0.176777,0.031250
16,medium,424,1,0.165359,0.027344
16,medium,425,1,0.139754,0.019531
16,medium,426,1,0.207289,0.042969
16,medium,427,1,0.187500,0.035156
16,medium,428,1,0.233854,0.054688
16,medium,429,1,0.257694,0.066406
16,medium,430,1,0.187500,0.035156
16,medium,431,1,0.187500,0.035156
16,medium,432,1,0.225347,0.050781
16,medium,433,1,0.242061,0.058594
16,medium,434,1,0.197642,0.039062
16,medium,435,1,0.265165,0.070312
16,medium,436,1,0.250000,0.062500
16,medium,437,1,0.272431,0.074219
16,medium,438,1,0.207289,0.042969
16,medium,439,1,0.216506,0.046875
16,medium,440,1,0.257694,0.066406
16,medium,441,1,0.176777,0.031250
16,medium,442,1,0.272431,0.074219
16,medium,443,1,0.272431,0.074219
16,medium,444,1,0.257694,0.066406
16,medium,445,1,0.242061,0.058594
16,medium,446,1,0.176777,0.031250
16,medium,447,1,0.250000,0.062500
16,medium,448,1,0.207289,0.042969
16,medium,449,1,0.207289,0.042969
16,medium,450,1,0.197642,0.039062
16,medium,451,1,0.197642,0.039062
16,medium,452,1,0.216506,0.046875
16,medium,453,1,0.250000,0.062500
16,medium,454,1,0.176777,0.031250
16,medium,455,1,0.233854,0.054688
16,medium,456,1,0.233854,0.054688
16,medium,457,1,0.242061,0.058594
16,medium,458,1,0.207289,0.042969
16,medium,459,1,0.233854,0.054688
16,medium,460,1,0.279508,0.078125
16,medium,461,1,0.207289,0.042969
16,medium,462,1,0.265165,0.070312
16,medium,463,1,0.197642,0.039062
16,medium,464,1,0.176777,0.031250
16,medium,465,1,0.216506,0.046875
16,medium,466,1,0.242061,0.058594
16,medium,467,1,0.207289,0.042969
16,medium,468,1,0.187500,0.035156
16,medium,469,1,0.176777,0.031250
16,medium,470,1,0.242061,0.058594
16,medium,471,1,0.187500,0.035156
16,medium,472,1,0.197642,0.039062
16,medium,473,1,0.265165,0.070312
16,medium,474,1,0.216506,0.046875
16,medium,475,1,0.225347,0.050781
16,medium,476,1,0.216506,0.046875
16,medium,477,1,0.187500,0.035156
16,medium,478,1,0.207289,0.042969
16,medium,479,1,0.207289,0.042969
16,medium,480,1,0.139754,0.019531
16,medium,481,1,0.233854,0.054688
16,medium,482,1,0.242061,0.058594
16,medium,483,1,0.187500,0.035156
16,medium,484,1,0.272431,0.074219
16,medium,485,1,0.272431,0.074219
16,medium,486,1,0.197642,0.039062
16,medium,487,1,0.165359,0.027344
16,medium,488,1,0.187500,0.035156
16,medium,489,1,0.216506,0.046875
16,medium,490,1,0.187500,0.035156
16,medium,491,1,0.176777,0.031250
16,medium,492,1,0.207289,0.042969
16,medium,493,1,0.216506,0.046875
16,medium,494,1,0.233854,0.054688
16,medium,495,1,0.233854,0.054688
16,medium,496,1,0.165359,0.027344
16,medium,497,1,0.257694,0.066406
16,medium,498,1,0.272431,0.074219
16,medium,499,1,0.225347,0.050781
16,medium,500,1,0.257694,0.066406
16,medium,501,1,0.250000,0.062500
16,medium,502,1,0.233854,0.054688
16,medium,503,1,0.225347,0.050781
16,medium,504,1,0.233854,0.054688
16,medium,505,1,0.233854,0.054688
16,medium,506,1,0.216506,0.046875
16,medium,507,1,0.187500,0.035156
16,medium,508,1,0.197642,0.039062
16,medium,509,1,0.257694,0.066406
16,medium,510,1,0.176777,0.031250
16,medium,511,1,0.233854,0.054688
16,medium,512,1,0.233854,0.054688
16,medium,513,1,0.250000,0.062500
16,medium,514,1,0.207289,0.042969
16,medium,515,1,0.216506,0.046875
16,medium,516,1,0.176777,0.031250
16,medium,517,1,0.225347,0.050781
16,medium,518,1,0.187500,0.035156
16,medium,519,1,0.216506,0.046875
16,medium,520,1,0.207289,0.042969
16,medium,521,1,0.207289,0.042969
16,medium,522,1,0.293151,0.085938
16,medium,523,1,0.153093,0.023438
16,medium,524,1,0.257694,0.066406
16,medium,525,1,0.176777,0.031250
16,medium,526,1,0.233854,0.054688
16,medium,527,1,0.265165,0.070312
16,medium,528,1,0.242061,0.058594
16,medium,529,1,0.233854,0.054688
16,medium,530,1,0.153093,0.023438
16,medium,531,1,0.216506,0.046875
16,medium,532,1,0.216506,0.046875
16,medium,533,1,0.197642,0.039062
16,medium,534,1,0.187500,0.035156
16,medium,535,1,0.207289,0.042969
16,medium,536,1,0.293151,0.085938
16,medium,537,1,0.233854,0.054688
16,medium,538,1,0.265165,0.070312
16,medium,539,1,0.233854,0.054688
16,medium,540,1,0.293151,0.085938
16,medium,541,1,0.197642,0.039062
16,medium,542,1,0.197642,0.039062
16,medium,543,1,0.242061,0.058594
16,medium,544,1,0.216506,0.046875
16,medium,545,1,0.197642,0.039062
16,medium,546,1,0.216506,0.046875
16,medium,547,1,0.225347,0.050781
16,medium,548,1,0.257694,0.066406
16,medium,549,1,0.216506,0.046875
16,medium,550,1,0.207289,0.042969
16,medium,551,1,0.207289,0.042969
16,medium,552,1,0.233854,0.054688
16,medium,553,1,0.176777,0.031250
16,medium,554,1,0.257694,0.066406
16,medium,555,1,0.216506,0.046875
16,medium,556,1,0.233854,0.054688
16,medium,557,1,0.176777,0.031250
16,medium,558,1,0.233854,0.054688
16,medium,559,1,0.197642,0.039062
16,medium,560,1,0.216506,0.046875
16,medium,561,1,0.216506,0.046875
16,medium,562,1,0.165359,0.027344
16,medium,563,1,0.250000,0.062500
16,medium,564,1,0.187500,0.035156
16,medium,565,1,0.216506,0.046875
16,medium,566,1,0.207289,0.042969
16,medium,567,1,0.242061,0.058594
16,medium,568,1,0.242061,0.058594
16,medium,569,1,0.293151,0.085938
16,medium,570,1,0.257694,0.066406
16,medium,571,1,0.272431,0.074219
16,medium,572,1,0.187500,0.035156
16,medium,573,1,0.216506,0.046875
16,medium,574,1,0.139754,0.019531
16,medium,575,1,0.225347,0.050781
16,medium,576,1,0.279508,0.078125
16,medium,577,1,0.165359,0.027344
16,medium,578,1,0.272431,0.074219
16,medium,579,1,0.242061,0.058594
16,medium,580,1,0.225347,0.050781
16,medium,581,1,0.225347,0.050781
16,medium,582,1,0.233854,0.054688
16,medium,583,1,0.272431,0.074219
16,medium,584,1,0.293151,0.085938
16,medium,585,1,0.176777,0.031250
16,medium,586,1,0.187500,0.035156
16,medium,587,1,0.257694,0.066406
16,medium,588,1,0.233854,0.054688
16,medium,589,1,0.272431,0.074219
16,medium,590,1,0.257694,0.066406
16,medium,591,1,0.250000,0.062500
16,medium,592,1,0.165359,0.027344
16,medium,593,1,0.257694,0.066406
16,medium,594,1,0.250000,0.062500
16,medium,595,1,0.165359,0.027344
16,medium,596,1,0.242061,0.058594
16,medium,597,1,0.187500,0.035156
16,medium,598,1,0.265165,0.070312
16,medium,599,1,0.216506,0.046875
16,medium,600,1,0.265165,0.070312
16,medium,601,1,0.257694,0.066406
16,medium,602,1,0.216506,0.046875
16,medium,603,1,0.257694,0.066406
16,medium,604,1,0.233854,0.054688
16,medium,605,1,0.233854,0.054688
16,medium,606,1,0.225347,0.050781
16,medium,607,1,0.165359,0.027344
16,medium,608,1,0.257694,0.066406
16,medium,609,1,0.225347,0.050781
16,medium,610,1,0.242061,0.058594
16,medium,611,1,0.216506,0.046875
16,medium,612,1,0.207289,0.042969
16,medium,613,1,0.197642,0.039062
16,medium,614,1,0.299739,0.089844
16,medium,615,1,0.225347,0.050781
16,medium,616,1,0.176777,0.031250
16,medium,617,1,0.207289,0.042969
16,medium,618,1,0.216506,0.046875
16,medium,619,1,0.153093,0.023438
16,medium,620,1,0.225347,0.050781
16,medium,621,1,0.299739,0.089844
16,medium,622,1,0.272431,0.074219
16,medium,623,1,0.233854,0.054688
16,medium,624,1,0.233854,0.054688
16,medium,625,1,0.197642,0.039062
16,medium,626,1,0.233854,0.054688
16,medium,627,1,0.197642,0.039062
16,medium,628,1,0.233854,0.054688
16,medium,629,1,0.216506,0.046875
16,medium,630,1,0.257694,0.066406
16,medium,631,1,0.197642,0.039062
16,medium,632,1,0.125000,0.015625
16,medium,633,1,0.165359,0.027344
16,medium,634,1,0.207289,0.042969
16,medium,635,1,0.225347,0.050781
16,medium,636,1,0.207289,0.042969
16,medium,637,1,0.187500,0.035156
16,medium,638,1,0.187500,0.035156
16,medium,639,1,0.216506,0.046875
16,medium,640,1,0.176777,0.031250
16,medium,641,1,0.207289,0.042969
16,medium,642,1,0.207289,0.042969
16,medium,643,1,0.216506,0.046875
16,medium,644,1,0.176777,0.031250
16,medium,645,1,0.250000,0.062500
16,medium,646,1,0.242061,0.058594
16,medium,647,1,0.272431,0.074219
16,medium,648,1,0.250000,0.062500
16,medium,649,1,0.286411,0.082031
16,medium,650,1,0.286411,0.082031
16,medium,651,1,0.207289,0.042969
16,medium,652,1,0.257694,0.066406
16,medium,653,1,0.233854,0.054688
16,medium,654,1,0.187500,0.035156
16,medium,655,1,0.233854,0.054688
16,medium,656,1,0.250000,0.062500
16,medium,657,1,0.197642,0.039062
16,medium,658,1,0.242061,0.058594
16,medium,659,1,0.225347,0.050781
16,medium,660,1,0.233854,0.054688
16,medium,661,1,0.207289,0.042969
16,medium,662,1,0.176777,0.031250
16,medium,663,1,0.225347,0.050781
16,medium,664,1,0.176777,0.031250
16,medium,665,1,0.242061,0.058594
16,medium,666,1,0.187500,0.035156
16,medium,667,1,0.257694,0.066406
16,medium,668,1,0.197642,0.039062
16,medium,669,1,0.272431,0.074219
16,medium,670,1,0.176777,0.031250
16,medium,671,1,0.242061,0.058594
16,medium,672,1,0.225347,0.050781
16,medium,673,1,0.242061,0.058594
16,medium,674,1,0.242061,0.058594
16,medium,675,1,0.176777,0.031250
16,medium,676,1,0.176777,0.031250
16,medium,677,1,0.216506,0.046875
16,medium,678,1,0.250000,0.062500
16,medium,679,1,0.279508,0.078125
16,medium,680,1,0.272431,0.074219
16,medium,681,1,0.233854,0.054688
16,medium,682,1,0.233854,0.054688
16,medium,683,1,0.176777,0.031250
16,medium,684,1,0.242061,0.058594
16,medium,685,1,0.216506,0.046875
16,medium,686,1,0.225347,0.050781
16,medium,687,1,0.197642,0.039062
16,medium,688,1,0.293151,0.085938
16,medium,689,1,0.250000,0.062500
16,medium,690,1,0.216506,0.046875
16,medium,691,1,0.242061,0.058594
16,medium,692,1,0.187500,0.035156
16,medium,693,1,0.225347,0.050781
16,medium,694,1,0.225347,0.050781
16,medium,695,1,0.207289,0.042969
16,medium,696,1,0.197642,0.039062
16,medium,697,1,0.225347,0.050781
16,medium,698,1,0.197642,0.039062
16,medium,699,1,0.153093,0.023438
16,medium,700,1,0.216506,0.046875
16,medium,701,1,0.216506,0.046875
16,medium,702,1,0.250000,0.062500
16,medium,703,1,0.250000,0.062500
16,medium,704,1,0.233854,0.054688
16,medium,705,1,0.250000,0.062500
16,medium,706,1,0.242061,0.058594
16,medium,707,1,0.139754,0.019531
16,medium,708,1,0.197642,0.039062
16,medium,709,1,0.242061,0.058594
16,medium,710,1,0.279508,0.078125
16,medium,711,1,0.250000,0.062500
16,medium,712,1,0.225347,0.050781
16,medium,713,1,0.197642,0.039062
16,medium,714,1,0.153093,0.023438
16,medium,715,1,0.272431,0.074219
16,medium,716,1,0.265165,0.070312
16,medium,717,1,0.207289,0.042969
16,medium,718,1,0.225347,0.050781
16,medium,719,1,0.286411,0.082031
16,medium,720,1,0.272431,0.074219
16,medium,721,1,0.242061,0.058594
16,medium,722,1,0.176777,0.031250
16,medium,723,1,0.233854,0.054688
16,medium,724,1,0.165359,0.027344
16,medium,725,1,0.225347,0.050781
16,medium,726,1,0.207289,0.042969
16,medium,727,1,0.242061,0.058594
16,medium,728,1,0.216506,0.046875
16,medium,729,1,0.216506,0.046875
16,medium,730,1,0.257694,0.066406
16,medium,731,1,0.207289,0.042969
16,medium,732,1,0.225347,0.050781
16,medium,733,1,0.233854,0.054688
16,medium,734,1,0.233854,0.054688
16,medium,735,1,0.187500,0.035156
16,medium,736,1,0.187500,0.035156
16,medium,737,1,0.272431,0.074219
16,medium,738,1,0.242061,0.058594
16,medium,739,1,0.225347,0.050781
16,medium,740,1,0.250000,0.062500
16,medium,741,1,0.225347,0.050781
16,medium,742,1,0.176777,0.031250
16,medium,743,1,0.242061,0.058594
16,medium,744,1,0.187500,0.035156
16,medium,745,1,0.257694,0.066406
16,medium,746,1,0.176777,0.031250
16,medium,747,1,0.139754,0.019531
16,medium,748,1,0.216506,0.046875
16,medium,749,1,0.139754,0.019531
16,medium,750,1,0.125000,0.015625
16,medium,751,1,0.207289,0.042969
16,medium,752,1,0.207289,0.042969
16,medium,753,1,0.207289,0.042969
16,medium,754,1,0.197642,0.039062
16,medium,755,1,0.207289,0.042969
16,medium,756,1,0.279508,0.078125
16,medium,757,1,0.257694,0.066406
16,medium,758,1,0.265165,0.070312
16,medium,759,1,0.293151,0.085938
16,medium,760,1,0.233854,0.054688
16,medium,761,1,0.197642,0.039062
16,medium,762,1,0.187500,0.035156
16,medium,763,1,0.216506,0.046875
16,medium,764,1,0.197642,0.039062
16,medium,765,1,0.216506,0.046875
16,medium,766,1,0.207289,0.042969
16,medium,767,1,0.187500,0.035156
16,medium,768,1,0.299739,0.089844
16,medium,769,1,0.153093,0.023438
16,medium,770,1,0.153093,0.023438
16,medium,771,1,0.233854,0.054688
16,medium,772,1,0.257694,0.066406
16,medium,773,1,0.242061,0.058594
16,medium,774,1,0.265165,0.070312
16,medium,775,1,0.257694,0.066406
16,medium,776,1,0.225347,0.050781
16,medium,777,1,0.197642,0.039062
16,medium,778,1,0.279508,0.078125
16,medium,779,1,0.216506,0.046875
16,medium,780,1,0.216506,0.046875
16,medium,781,1,0.225347,0.050781
16,medium,782,1,0.225347,0.050781
16,medium,783,1,0.216506,0.046875
16,medium,784,1,0.242061,0.058594
16,medium,785,1,0.233854,0.054688
16,medium,786,1,0.216506,0.046875
16,medium,787,1,0.233854,0.054688
16,medium,788,1,0.233854,0.054688
16,medium,789,1,0.165359,0.027344
16,medium,790,1,0.225347,0.050781
16,medium,791,1,0.272431,0.074219
16,medium,792,1,0.233854,0.054688
16,medium,793,1,0.216506,0.046875
16,medium,794,1,0.233854,0.054688
16,medium,795,1,0.257694,0.066406
16,medium,796,1,0.187500,0.035156
16,medium,797,1,0.250000,0.062500
16,medium,798,1,0.286411,0.082031
16,medium,799,1,0.225347,0.050781
16,medium,800,1,0.207289,0.042969
16,medium,801,1,0.286411,0.082031
16,medium,802,1,0.279508,0.078125
16,medium,803,1,0.216506,0.046875
16,medium,804,1,0.207289,0.042969
16,medium,805,1,0.225347,0.050781
16,medium,806,1,0.207289,0.042969
16,medium,807,1,0.187500,0.035156
16,medium,808,1,0.216506,0.046875
16,medium,809,1,0.165359,0.027344
16,medium,810,1,0.187500,0.035156
16,medium,811,1,0.108253,0.011719
16,medium,812,1,0.312500,0.097656
16,medium,813,1,0.197642,0.039062
16,medium,814,1,0.225347,0.050781
16,medium,815,1,0.216506,0.046875
16,medium,816,1,0.197642,0.039062
16,medium,817,1,0.225347,0.050781
16,medium,818,1,0.225347,0.050781
16,medium,819,1,0.207289,0.042969
16,medium,820,1,0.242061,0.058594
16,medium,821,1,0.207289,0.042969
16,medium,822,1,0.233854,0.054688
16,medium,823,1,0.225347,0.050781
16,medium,824,1,0.242061,0.058594
16,medium,825,1,0.272431,0.074219
16,medium,826,1,0.216506,0.046875
16,medium,827,1,0.250000,0.062500
16,medium,828,1,0.225347,0.050781
16,medium,829,1,0.250000,0.062500
16,medium,830,1,0.242061,0.058594
16,medium,831,1,0.279508,0.078125
16,medium,832,1,0.197642,0.039062
16,medium,833,1,0.233854,0.054688
16,medium,834,1,0.187500,0.035156
16,medium,835,1,0.153093,0.023438
16,medium,836,1,0.233854,0.054688
16,medium,837,1,0.216506,0.046875
16,medium,838,1,0.197642,0.039062
16,medium,839,1,0.265165,0.070312
16,medium,840,1,0.207289,0.042969
16,medium,841,1,0.257694,0.066406
16,medium,842,1,0.176777,0.031250
16,medium,843,1,0.176777,0.031250
16,medium,844,1,0.225347,0.050781
16,medium,845,1,0.187500,0.035156
16,medium,846,1,0.197642,0.039062
16,medium,847,1,0.207289,0.042969
16,medium,848,1,0.225347,0.050781
16,medium,849,1,0.207289,0.042969
16,medium,850,1,0.233854,0.054688
16,medium,851,1,0.257694,0.066406
16,medium,852,1,0.197642,0.039062
16,medium,853,1,0.272431,0.074219
16,medium,854,1,0.187500,0.035156
16,medium,855,1,0.216506,0.046875
16,medium,856,1,0.279508,0.078125
16,medium,857,1,0.176777,0.031250
16,medium,858,1,0.225347,0.050781
16,medium,859,1,0.250000,0.062500
16,medium,860,1,0.187500,0.035156
16,medium,861,1,0.233854,0.054688
16,medium,862,1,0.242061,0.058594
16,medium,863,1,0.187500,0.035156
16,medium,864,1,0.176777,0.031250
16,medium,865,1,0.176777,0.031250
16,medium,866,1,0.197642,0.039062
16,medium,867,1,0.233854,0.054688
16,medium,868,1,0.225347,0.050781
16,medium,869,1,0.176777,0.031250
16,medium,870,1,0.233854,0.054688
16,medium,871,1,0.233854,0.054688
16,medium,872,1,0.197642,0.039062
16,medium,873,1,0.216506,0.046875
16,medium,874,1,0.216506,0.046875
16,medium,875,1,0.165359,0.027344
16,medium,876,1,0.286411,0.082031
16,medium,877,1,0.242061,0.058594
16,medium,878,1,0.265165,0.070312
16,medium,879,1,0.225347,0.050781
16,medium,880,1,0.207289,0.042969
16,medium,881,1,0.257694,0.066406
16,medium,882,1,0.257694,0.066406
16,medium,883,1,0.216506,0.046875
16,medium,884,1,0.272431,0.074219
16,medium,885,1,0.187500,0.035156
16,medium,886,1,0.265165,0.070312
16,medium,887,1,0.187500,0.035156
16,medium,888,1,0.216506,0.046875
16,medium,889,1,0.257694,0.066406
16,medium,890,1,0.250000,0.062500
16,medium,891,1,0.197642,0.039062
16,medium,892,1,0.197642,0.039062
16,medium,893,1,0.187500,0.035156
16,medium,894,1,0.250000,0.062500
16,medium,895,1,0.165359,0.027344
16,medium,896,1,0.233854,0.054688
16,medium,897,1,0.242061,0.058594
16,medium,898,1,0.207289,0.042969
16,medium,899,1,0.250000,0.062500
16,medium,900,1,0.165359,0.027344
16,medium,901,1,0.165359,0.027344
16,medium,902,1,0.197642,0.039062
16,medium,903,1,0.197642,0.039062
16,medium,904,1,0.216506,0.046875
16,medium,905,1,0.242061,0.058594
16,medium,906,1,0.176777,0.031250
16,medium,907,1,0.250000,0.062500
16,medium,908,1,0.216506,0.046875
16,medium,909,1,0.225347,0.050781
16,medium,910,1,0.242061,0.058594
16,medium,911,1,0.139754,0.019531
16,medium,912,1,0.250000,0.062500
16,medium,913,1,0.233854,0.054688
16,medium,914,1,0.272431,0.074219
16,medium,915,1,0.225347,0.050781
16,medium,916,1,0.286411,0.082031
16,medium,917,1,0.233854,0.054688
16,medium,918,1,0.176777,0.031250
16,medium,919,1,0.250000,0.062500
16,medium,920,1,0.197642,0.039062
16,medium,921,1,0.250000,0.062500
16,medium,922,1,0.197642,0.039062
16,medium,923,1,0.225347,0.050781
16,medium,924,1,0.197642,0.039062
16,medium,925,1,0.242061,0.058594
16,medium,926,1,0.216506,0.046875
16,medium,927,1,0.187500,0.035156
16,medium,928,1,0.176777,0.031250
16,medium,929,1,0.216506,0.046875
16,medium,930,1,0.216506,0.046875
16,medium,931,1,0.216506,0.046875
16,medium,932,1,0.225347,0.050781
16,medium,933,1,0.216506,0.046875
16,medium,934,1,0.233854,0.054688
16,medium,935,1,0.176777,0.031250
16,medium,936,1,0.187500,0.035156
16,medium,937,1,0.233854,0.054688
16,medium,938,1,0.176777,0.031250
16,medium,939,1,0.216506,0.046875
16,medium,940,1,0.207289,0.042969
16,medium,941,1,0.250000,0.062500
16,medium,942,1,0.187500,0.035156
16,medium,943,1,0.233854,0.054688
16,medium,944,1,0.233854,0.054688
16,medium,945,1,0.216506,0.046875
16,medium,946,1,0.250000,0.062500
16,medium,947,1,0.176777,0.031250
16,medium,948,1,0.207289,0.042969
16,medium,949,1,0.176777,0.031250
16,medium,950,1,0.187500,0.035156
16,medium,951,1,0.257694,0.066406
16,medium,952,1,0.257694,0.066406
16,medium,953,1,0.187500,0.035156
16,medium,954,1,0.250000,0.062500
16,medium,955,1,0.187500,0.035156
16,medium,956,1,0.207289,0.042969
16,medium,957,1,0.176777,0.031250
16,medium,958,1,0.197642,0.039062
16,medium,959,1,0.242061,0.058594
16,medium,960,1,0.176777,0.031250
16,medium,961,1,0.225347,0.050781
16,medium,962,1,0.207289,0.042969
16,medium,963,1,0.207289,0.042969
16,medium,964,1,0.197642,0.039062
16,medium,965,1,0.250000,0.062500
16,medium,966,1,0.257694,0.066406
16,medium,967,1,0.257694,0.066406
16,medium,968,1,0.233854,0.054688
16,medium,969,1,0.216506,0.046875
16,medium,970,1,0.265165,0.070312
16,medium,971,1,0.216506,0.046875
16,medium,972,1,0.257694,0.066406
16,medium,973,1,0.207289,0.042969
16,medium,974,1,0.176777,0.031250
16,medium,975,1,0.216506,0.046875
16,medium,976,1,0.108253,0.011719
16,medium,977,1,0.187500,0.035156
16,medium,978,1,0.242061,0.058594
16,medium,979,1,0.233854,0.054688
16,medium,980,1,0.207289,0.042969
16,medium,981,1,0.197642,0.039062
16,medium,982,1,0.265165,0.070312
16,medium,983,1,0.272431,0.074219
16,medium,984,1,0.233854,0.054688
16,medium,985,1,0.265165,0.070312
16,medium,986,1,0.197642,0.039062
16,medium,987,1,0.197642,0.039062
16,medium,988,1,0.216506,0.046875
16,medium,989,1,0.265165,0.070312
16,medium,990,1,0.187500,0.035156
16,medium,991,1,0.242061,0.058594
16,medium,992,1,0.207289,0.042969
16,medium,993,1,0.207289,0.042969
16,medium,994,1,0.279508,0.078125
16,medium,995,1,0.293151,0.085938
16,medium,996,1,0.207289,0.042969
16,medium,997,1,0.216506,0.046875
16,medium,998,1,0.233854,0.054688
16,medium,999,1,0.257694,0.066406
32,medium,0,1,0.214239,0.045898
32,medium,1,1,0.225347,0.050781
32,medium,2,1,0.223170,0.049805
32,medium,3,1,0.195156,0.038086
32,medium,4,1,0.207289,0.042969
32,medium,5,1,0.204920,0.041992
32,medium,6,1,0.225347,0.050781
32,medium,7,1,0.246063,0.060547
32,medium,8,1,0.207289,0.042969
32,medium,9,1,0.209631,0.043945
32,medium,10,1,0.227503,0.051758
32,medium,11,1,0.225347,0.050781
32,medium,12,1,0.207289,0.042969
32,medium,13,1,0.223170,0.049805
32,medium,14,1,0.223170,0.049805
32,medium,15,1,0.220971,0.048828
32,medium,16,1,0.204920,0.041992
32,medium,17,1,0.218750,0.047852
32,medium,18,1,0.211948,0.044922
32,medium,19,1,0.192638,0.037109
32,medium,20,1,0.218750,0.047852
32,medium,21,1,0.218750,0.047852
32,medium,22,1,0.187500,0.035156
32,medium,23,1,0.242061,0.058594
32,medium,24,1,0.200098,0.040039
32,medium,25,1,0.223170,0.049805
32,medium,26,1,0.233854,0.054688
32,medium,27,1,0.216506,0.046875
32,medium,28,1,0.237993,0.056641
32,medium,29,1,0.200098,0.040039
32,medium,30,1,0.197642,0.039062
32,medium,31,1,0.214239,0.045898
32,medium,32,1,0.214239,0.045898
32,medium,33,1,0.235932,0.055664
32,medium,34,1,0.187500,0.035156
32,medium,35,1,0.195156,0.038086
32,medium,36,1,0.209631,0.043945
32,medium,37,1,0.209631,0.043945
32,medium,38,1,0.220971,0.048828
32,medium,39,1,0.218750,0.047852
32,medium,40,1,0.209631,0.043945
32,medium,41,1,0.220971,0.048828
32,medium,42,1,0.251946,0.063477
32,medium,43,1,0.197642,0.039062
32,medium,44,1,0.231756,0.053711
32,medium,45,1,0.225347,0.050781
32,medium,46,1,0.187500,0.035156
32,medium,47,1,0.207289,0.042969
32,medium,48,1,0.202523,0.041016
32,medium,49,1,0.207289,0.042969
32,medium,50,1,0.233854,0.054688
32,medium,51,1,0.237993,0.056641
32,medium,52,1,0.255792,0.065430
32,medium,53,1,0.211948,0.044922
32,medium,54,1,0.220971,0.048828
32,medium,55,1,0.229640,0.052734
32,medium,56,1,0.214239,0.045898
32,medium,57,1,0.225347,0.050781
32,medium,58,1,0.204920,0.041992
32,medium,59,1,0.229640,0.052734
32,medium,60,1,0.227503,0.051758
32,medium,61,1,0.214239,0.045898
32,medium,62,1,0.240036,0.057617
32,medium,63,1,0.197642,0.039062
32,medium,64,1,0.211948,0.044922
32,medium,65,1,0.216506,0.046875
32,medium,66,1,0.207289,0.042969
32,medium,67,1,0.225347,0.050781
32,medium,68,1,0.214239,0.045898
32,medium,69,1,0.242061,0.058594
32,medium,70,1,0.225347,0.050781
32,medium,71,1,0.223170,0.049805
32,medium,72,1,0.233854,0.054688
32,medium,73,1,0.179518,0.032227
32,medium,74,1,0.229640,0.052734
32,medium,75,1,0.207289,0.042969
32,medium,76,1,0.220971,0.048828
32,medium,77,1,0.233854,0.054688
32,medium,78,1,0.207289,0.042969
32,medium,79,1,0.220971,0.048828
32,medium,80,1,0.227503,0.051758
32,medium,81,1,0.202523,0.041016
32,medium,82,1,0.220971,0.048828
32,medium,83,1,0.227503,0.051758
32,medium,84,1,0.229640,0.052734
32,medium,85,1,0.209631,0.043945
32,medium,86,1,0.216506,0.046875
32,medium,87,1,0.204920,0.041992
32,medium,88,1,0.248039,0.061523
32,medium,89,1,0.229640,0.052734
32,medium,90,1,0.225347,0.050781
32,medium,91,1,0.229640,0.052734
32,medium,92,1,0.229640,0.052734
32,medium,93,1,0.227503,0.051758
32,medium,94,1,0.197642,0.039062
32,medium,95,1,0.209631,0.043945
32,medium,96,1,0.248039,0.061523
32,medium,97,1,0.197642,0.039062
32,medium,98,1,0.211948,0.044922
32,medium,99,1,0.227503,0.051758
32,medium,100,1,0.220971,0.048828
32,medium,101,1,0.211948,0.044922
32,medium,102,1,0.200098,0.040039
32,medium,103,1,0.192638,0.037109
32,medium,104,1,0.225347,0.050781
32,medium,105,1,0.202523,0.041016
32,medium,106,1,0.202523,0.041016
32,medium,107,1,0.233854,0.054688
32,medium,108,1,0.190086,0.036133
32,medium,109,1,0.220971,0.048828
32,medium,110,1,0.227503,0.051758
32,medium,111,1,0.209631,0.043945
32,medium,112,1,0.216506,0.046875
32,medium,113,1,0.218750,0.047852
32,medium,114,1,0.220971,0.048828
32,medium,115,1,0.184877,0.034180
32,medium,116,1,0.240036,0.057617
32,medium,117,1,0.214239,0.045898
32,medium,118,1,0.240036,0.057617
32,medium,119,1,0.200098,0.040039
32,medium,120,1,0.195156,0.038086
32,medium,121,1,0.202523,0.041016
32,medium,122,1,0.237993,0.056641
32,medium,123,1,0.237993,0.056641
32,medium,124,1,0.235932,0.055664
32,medium,125,1,0.250000,0.062500
32,medium,126,1,0.204920,0.041992
32,medium,127,1,0.192638,0.037109
32,medium,128,1,0.240036,0.057617
32,medium,129,1,0.218750,0.047852
32,medium,130,1,0.220971,0.048828
32,medium,131,1,0.211948,0.044922
32,medium,132,1,0.187500,0.035156
32,medium,133,1,0.244070,0.059570
32,medium,134,1,0.207289,0.042969
32,medium,135,1,0.220971,0.048828
32,medium,136,1,0.218750,0.047852
32,medium,137,1,0.202523,0.041016
32,medium,138,1,0.242061,0.058594
32,medium,139,1,0.223170,0.049805
32,medium,140,1,0.220971,0.048828
32,medium,141,1,0.207289,0.042969
32,medium,142,1,0.231756,0.053711
32,medium,143,1,0.207289,0.042969
32,medium,144,1,0.187500,0.035156
32,medium,145,1,0.233854,0.054688
32,medium,146,1,0.218750,0.047852
32,medium,147,1,0.207289,0.042969
32,medium,148,1,0.229640,0.052734
32,medium,149,1,0.211948,0.044922
32,medium,150,1,0.216506,0.046875
32,medium,151,1,0.225347,0.050781
32,medium,152,1,0.184877,0.034180
32,medium,153,1,0.229640,0.052734
32,medium,154,1,0.187500,0.035156
32,medium,155,1,0.227503,0.051758
32,medium,156,1,0.225347,0.050781
32,medium,157,1,0.225347,0.050781
32,medium,158,1,0.202523,0.041016
32,medium,159,1,0.231756,0.053711
32,medium,160,1,0.197642,0.039062
32,medium,161,1,0.231756,0.053711
32,medium,162,1,0.216506,0.046875
32,medium,163,1,0.209631,0.043945
32,medium,164,1,0.218750,0.047852
32,medium,165,1,0.204920,0.041992
32,medium,166,1,0.225347,0.050781
32,medium,167,1,0.192638,0.037109
32,medium,168,1,0.190086,0.036133
32,medium,169,1,0.237993,0.056641
32,medium,170,1,0.216506,0.046875
32,medium,171,1,0.270633,0.073242
32,medium,172,1,0.209631,0.043945
32,medium,173,1,0.207289,0.042969
32,medium,174,1,0.179518,0.032227
32,medium,175,1,0.182217,0.033203
32,medium,176,1,0.209631,0.043945
32,medium,177,1,0.200098,0.040039
32,medium,178,1,0.218750,0.047852
32,medium,179,1,0.184877,0.034180
32,medium,180,1,0.202523,0.041016
32,medium,181,1,0.202523,0.041016
32,medium,182,1,0.202523,0.041016
32,medium,183,1,0.227503,0.051758
32,medium,184,1,0.209631,0.043945
32,medium,185,1,0.202523,0.041016
32,medium,186,1,0.214239,0.045898
32,medium,187,1,0.192638,0.037109
32,medium,188,1,0.216506,0.046875
32,medium,189,1,0.251946,0.063477
32,medium,190,1,0.204920,0.041992
32,medium,191,1,0.220971,0.048828
32,medium,192,1,0.195156,0.038086
32,medium,193,1,0.225347,0.050781
32,medium,194,1,0.179518,0.032227
32,medium,195,1,0.207289,0.042969
32,medium,196,1,0.202523,0.041016
32,medium,197,1,0.207289,0.042969
32,medium,198,1,0.240036,0.057617
32,medium,199,1,0.211948,0.044922
32,medium,200,1,0.235932,0.055664
32,medium,201,1,0.229640,0.052734
32,medium,202,1,0.211948,0.044922
32,medium,203,1,0.231756,0.053711
32,medium,204,1,0.227503,0.051758
32,medium,205,1,0.211948,0.044922
32,medium,206,1,0.207289,0.042969
32,medium,207,1,0.190086,0.036133
32,medium,208,1,0.237993,0.056641
32,medium,209,1,0.218750,0.047852
32,medium,210,1,0.197642,0.039062
32,medium,211,1,0.218750,0.047852
32,medium,212,1,0.218750,0.047852
32,medium,213,1,0.207289,0.042969
32,medium,214,1,0.229640,0.052734
32,medium,215,1,0.235932,0.055664
32,medium,216,1,0.179518,0.032227
32,medium,217,1,0.244070,0.059570
32,medium,218,1,0.233854,0.054688
32,medium,219,1,0.187500,0.035156
32,medium,220,1,0.192638,0.037109
32,medium,221,1,0.233854,0.054688
32,medium,222,1,0.220971,0.048828
32,medium,223,1,0.216506,0.046875
32,medium,224,1,0.235932,0.055664
32,medium,225,1,0.231756,0.053711
32,medium,226,1,0.207289,0.042969
32,medium,227,1,0.197642,0.039062
32,medium,228,1,0.218750,0.047852
32,medium,229,1,0.192638,0.037109
32,medium,230,1,0.220971,0.048828
32,medium,231,1,0.192638,0.037109
32,medium,232,1,0.200098,0.040039
32,medium,233,1,0.211948,0.044922
32,medium,234,1,0.204920,0.041992
32,medium,235,1,0.233854,0.054688
32,medium,236,1,0.216506,0.046875
32,medium,237,1,0.211948,0.044922
32,medium,238,1,0.209631,0.043945
32,medium,239,1,0.218750,0.047852
32,medium,240,1,0.242061,0.058594
32,medium,241,1,0.214239,0.045898
32,medium,242,1,0.237993,0.056641
32,medium,243,1,0.229640,0.052734
32,medium,244,1,0.202523,0.041016
32,medium,245,1,0.235932,0.055664
32,medium,246,1,0.207289,0.042969
32,medium,247,1,0.223170,0.049805
32,medium,248,1,0.237993,0.056641
32,medium,249,1,0.227503,0.051758
32,medium,250,1,0.227503,0.051758
32,medium,251,1,0.195156,0.038086
32,medium,252,1,0.248039,0.061523
32,medium,253,1,0.200098,0.040039
32,medium,254,1,0.173993,0.030273
32,medium,255,1,0.240036,0.057617
32,medium,256,1,0.218750,0.047852
32,medium,257,1,0.207289,0.042969
32,medium,258,1,0.197642,0.039062
32,medium,259,1,0.233854,0.054688
32,medium,260,1,0.227503,0.051758
32,medium,261,1,0.216506,0.046875
32,medium,262,1,0.200098,0.040039
32,medium,263,1,0.214239,0.045898
32,medium,264,1,0.231756,0.053711
32,medium,265,1,0.214239,0.045898
32,medium,266,1,0.216506,0.046875
32,medium,267,1,0.216506,0.046875
32,medium,268,1,0.207289,0.042969
32,medium,269,1,0.216506,0.046875
32,medium,270,1,0.192638,0.037109
32,medium,271,1,0.204920,0.041992
32,medium,272,1,0.192638,0.037109
32,medium,273,1,0.255792,0.065430
32,medium,274,1,0.195156,0.038086
32,medium,275,1,0.227503,0.051758
32,medium,276,1,0.207289,0.042969
32,medium,277,1,0.207289,0.042969
32,medium,278,1,0.200098,0.040039
32,medium,279,1,0.209631,0.043945
32,medium,280,1,0.216506,0.046875
32,medium,281,1,0.229640,0.052734
32,medium,282,1,0.204920,0.041992
32,medium,283,1,0.218750,0.047852
32,medium,284,1,0.229640,0.052734
32,medium,285,1,0.214239,0.045898
32,medium,286,1,0.207289,0.042969
32,medium,287,1,0.220971,0.048828
32,medium,288,1,0.248039,0.061523
32,medium,289,1,0.195156,0.038086
32,medium,290,1,0.218750,0.047852
32,medium,291,1,0.173993,0.030273
32,medium,292,1,0.211948,0.044922
32,medium,293,1,0.251946,0.063477
32,medium,294,1,0.207289,0.042969
32,medium,295,1,0.209631,0.043945
32,medium,296,1,0.233854,0.054688
32,medium,297,1,0.246063,0.060547
32,medium,298,1,0.204920,0.041992
32,medium,299,1,0.211948,0.044922
32,medium,300,1,0.223170,0.049805
32,medium,301,1,0.195156,0.038086
32,medium,302,1,0.231756,0.053711
32,medium,303,1,0.195156,0.038086
32,medium,304,1,0.216506,0.046875
32,medium,305,1,0.223170,0.049805
32,medium,306,1,0.229640,0.052734
32,medium,307,1,0.220971,0.048828
32,medium,308,1,0.182217,0.033203
32,medium,309,1,0.209631,0.043945
32,medium,310,1,0.229640,0.052734
32,medium,311,1,0.225347,0.050781
32,medium,312,1,0.209631,0.043945
32,medium,313,1,0.227503,0.051758
32,medium,314,1,0.237993,0.056641
32,medium,315,1,0.209631,0.043945
32,medium,316,1,0.229640,0.052734
32,medium,317,1,0.200098,0.040039
32,medium,318,1,0.209631,0.043945
32,medium,319,1,0.207289,0.042969
32,medium,320,1,0.237993,0.056641
32,medium,321,1,0.211948,0.044922
32,medium,322,1,0.218750,0.047852
32,medium,323,1,0.250000,0.062500
32,medium,324,1,0.204920,0.041992
32,medium,325,1,0.202523,0.041016
32,medium,326,1,0.223170,0.049805
32,medium,327,1,0.204920,0.041992
32,medium,328,1,0.216506,0.046875
32,medium,329,1,0.225347,0.050781
32,medium,330,1,0.214239,0.045898
32,medium,331,1,0.204920,0.041992
32,medium,332,1,0.225347,0.050781
32,medium,333,1,0.229640,0.052734
32,medium,334,1,0.216506,0.046875
32,medium,335,1,0.209631,0.043945
32,medium,336,1,0.179518,0.032227
32,medium,337,1,0.209631,0.043945
32,medium,338,1,0.233854,0.054688
32,medium,339,1,0.204920,0.041992
32,medium,340,1,0.204920,0.041992
32,medium,341,1,0.207289,0.042969
32,medium,342,1,0.211948,0.044922
32,medium,343,1,0.229640,0.052734
32,medium,344,1,0.218750,0.047852
32,medium,345,1,0.216506,0.046875
32,medium,346,1,0.207289,0.042969
32,medium,347,1,0.227503,0.051758
32,medium,348,1,0.220971,0.048828
32,medium,349,1,0.214239,0.045898
32,medium,350,1,0.216506,0.046875
32,medium,351,1,0.197642,0.039062
32,medium,352,1,0.211948,0.044922
32,medium,353,1,0.216506,0.046875
32,medium,354,1,0.197642,0.039062
32,medium,355,1,0.195156,0.038086
32,medium,356,1,0.233854,0.054688
32,medium,357,1,0.209631,0.043945
32,medium,358,1,0.223170,0.049805
32,medium,359,1,0.231756,0.053711
32,medium,360,1,0.207289,0.042969
32,medium,361,1,0.207289,0.042969
32,medium,362,1,0.197642,0.039062
32,medium,363,1,0.223170,0.049805
32,medium,364,1,0.207289,0.042969
32,medium,365,1,0.216506,0.046875
32,medium,366,1,0.209631,0.043945
32,medium,367,1,0.240036,0.057617
32,medium,368,1,0.207289,0.042969
32,medium,369,1,0.195156,0.038086
32,medium,370,1,0.229640,0.052734
32,medium,371,1,0.237993,0.056641
32,medium,372,1,0.235932,0.055664
32,medium,373,1,0.233854,0.054688
32,medium,374,1,0.207289,0.042969
32,medium,375,1,0.218750,0.047852
32,medium,376,1,0.200098,0.040039
32,medium,377,1,0.220971,0.048828
32,medium,378,1,0.223170,0.049805
32,medium,379,1,0.242061,0.058594
32,medium,380,1,0.242061,0.058594
32,medium,381,1,0.209631,0.043945
32,medium,382,1,0.204920,0.041992
32,medium,383,1,0.204920,0.041992
32,medium,384,1,0.235932,0.055664
32,medium,385,1,0.211948,0.044922
32,medium,386,1,0.218750,0.047852
32,medium,387,1,0.225347,0.050781
32,medium,388,1,0.207289,0.042969
32,medium,389,1,0.182217,0.033203
32,medium,390,1,0.235932,0.055664
32,medium,391,1,0.207289,0.042969
32,medium,392,1,0.202523,0.041016
32,medium,393,1,0.227503,0.051758
32,medium,394,1,0.195156,0.038086
32,medium,395,1,0.195156,0.038086
32,medium,396,1,0.209631,0.043945
32,medium,397,1,0.218750,0.047852
32,medium,398,1,0.200098,0.040039
32,medium,399,1,0.218750,0.047852
32,medium,400,1,0.240036,0.057617
32,medium,401,1,0.242061,0.058594
32,medium,402,1,0.200098,0.040039
32,medium,403,1,0.227503,0.051758
32,medium,404,1,0.220971,0.048828
32,medium,405,1,0.190086,0.036133
32,medium,406,1,0.231756,0.053711
32,medium,407,1,0.202523,0.041016
32,medium,408,1,0.216506,0.046875
32,medium,409,1,0.225347,0.050781
32,medium,410,1,0.227503,0.051758
32,medium,411,1,0.218750,0.047852
32,medium,412,1,0.246063,0.060547
32,medium,413,1,0.229640,0.052734
32,medium,414,1,0.195156,0.038086
32,medium,415,1,0.225347,0.050781
32,medium,416,1,0.204920,0.041992
32,medium,417,1,0.227503,0.051758
32,medium,418,1,0.197642,0.039062
32,medium,419,1,0.248039,0.061523
32,medium,420,1,0.200098,0.040039
32,medium,421,1,0.209631,0.043945
32,medium,422,1,0.223170,0.049805
32,medium,423,1,0.211948,0.044922
32,medium,424,1,0.227503,0.051758
32,medium,425,1,0.223170,0.049805
32,medium,426,1,0.209631,0.043945
32,medium,427,1,0.214239,0.045898
32,medium,428,1,0.216506,0.046875
32,medium,429,1,0.227503,0.051758
32,medium,430,1,0.216506,0.046875
32,medium,431,1,0.223170,0.049805
32,medium,432,1,0.218750,0.047852
32,medium,433,1,0.202523,0.041016
32,medium,434,1,0.190086,0.036133
32,medium,435,1,0.225347,0.050781
32,medium,436,1,0.233854,0.054688
32,medium,437,1,0.216506,0.046875
32,medium,438,1,0.225347,0.050781
32,medium,439,1,0.229640,0.052734
32,medium,440,1,0.200098,0.040039
32,medium,441,1,0.223170,0.049805
32,medium,442,1,0.218750,0.047852
32,medium,443,1,0.220971,0.048828
32,medium,444,1,0.220971,0.048828
32,medium,445,1,0.204920,0.041992
32,medium,446,1,0.229640,0.052734
32,medium,447,1,0.211948,0.044922
32,medium,448,1,0.202523,0.041016
32,medium,449,1,0.237993,0.056641
32,medium,450,1,0.231756,0.053711
32,medium,451,1,0.237993,0.056641
32,medium,452,1,0.190086,0.036133
32,medium,453,1,0.229640,0.052734
32,medium,454,1,0.227503,0.051758
32,medium,455,1,0.209631,0.043945
32,medium,456,1,0.207289,0.042969
32,medium,457,1,0.216506,0.046875
32,medium,458,1,0.233854,0.054688
32,medium,459,1,0.223170,0.049805
32,medium,460,1,0.202523,0.041016
32,medium,461,1,0.211948,0.044922
32,medium,462,1,0.218750,0.047852
32,medium,463,1,0.220971,0.048828
32,medium,464,1,0.225347,0.050781
32,medium,465,1,0.227503,0.051758
32,medium,466,1,0.218750,0.047852
32,medium,467,1,0.216506,0.046875
32,medium,468,1,0.214239,0.045898
32,medium,469,1,0.220971,0.048828
32,medium,470,1,0.200098,0.040039
32,medium,471,1,0.218750,0.047852
32,medium,472,1,0.214239,0.045898
32,medium,473,1,0.223170,0.049805
32,medium,474,1,0.218750,0.047852
32,medium,475,1,0.200098,0.040039
32,medium,476,1,0.209631,0.043945
32,medium,477,1,0.209631,0.043945
32,medium,478,1,0.211948,0.044922
32,medium,479,1,0.223170,0.049805
32,medium,480,1,0.207289,0.042969
32,medium,481,1,0.176777,0.031250
32,medium,482,1,0.200098,0.040039
32,medium,483,1,0.209631,0.043945
32,medium,484,1,0.229640,0.052734
32,medium,485,1,0.214239,0.045898
32,medium,486,1,0.202523,0.041016
32,medium,487,1,0.242061,0.058594
32,medium,488,1,0.225347,0.050781
32,medium,489,1,0.237993,0.056641
32,medium,490,1,0.209631,0.043945
32,medium,491,1,0.192638,0.037109
32,medium,492,1,0.216506,0.046875
32,medium,493,1,0.204920,0.041992
32,medium,494,1,0.223170,0.049805
32,medium,495,1,0.187500,0.035156
32,medium,496,1,0.233854,0.054688
32,medium,497,1,0.207289,0.042969
32,medium,498,1,0.202523,0.041016
32,medium,499,1,0.216506,0.046875
32,medium,500,1,0.184877,0.034180
32,medium,501,1,0.202523,0.041016
32,medium,502,1,0.207289,0.042969
32,medium,503,1,0.231756,0.053711
32,medium,504,1,0.223170,0.049805
32,medium,505,1,0.214239,0.045898
32,medium,506,1,0.216506,0.046875
32,medium,507,1,0.200098,0.040039
32,medium,508,1,0.200098,0.040039
32,medium,509,1,0.220971,0.048828
32,medium,510,1,0.204920,0.041992
32,medium,511,1,0.173993,0.030273
32,medium,512,1,0.220971,0.048828
32,medium,513,1,0.227503,0.051758
32,medium,514,1,0.207289,0.042969
32,medium,515,1,0.187500,0.035156
32,medium,516,1,0.233854,0.054688
32,medium,517,1,0.214239,0.045898
32,medium,518,1,0.235932,0.055664
32,medium,519,1,0.220971,0.048828
32,medium,520,1,0.202523,0.041016
32,medium,521,1,0.220971,0.048828
32,medium,522,1,0.220971,0.048828
32,medium,523,1,0.235932,0.055664
32,medium,524,1,0.209631,0.043945
32,medium,525,1,0.202523,0.041016
32,medium,526,1,0.197642,0.039062
32,medium,527,1,0.231756,0.053711
32,medium,528,1,0.214239,0.045898
32,medium,529,1,0.235932,0.055664
32,medium,530,1,0.231756,0.053711
32,medium,531,1,0.211948,0.044922
32,medium,532,1,0.233854,0.054688
32,medium,533,1,0.207289,0.042969
32,medium,534,1,0.204920,0.041992
32,medium,535,1,0.240036,0.057617
32,medium,536,1,0.227503,0.051758
32,medium,537,1,0.200098,0.040039
32,medium,538,1,0.197642,0.039062
32,medium,539,1,0.209631,0.043945
32,medium,540,1,0.207289,0.042969
32,medium,541,1,0.190086,0.036133
32,medium,542,1,0.223170,0.049805
32,medium,543,1,0.200098,0.040039
32,medium,544,1,0.223170,0.049805
32,medium,545,1,0.204920,0.041992
32,medium,546,1,0.209631,0.043945
32,medium,547,1,0.200098,0.040039
32,medium,548,1,0.216506,0.046875
32,medium,549,1,0.227503,0.051758
32,medium,550,1,0.246063,0.060547
32,medium,551,1,0.195156,0.038086
32,medium,552,1,0.235932,0.055664
32,medium,553,1,0.229640,0.052734
32,medium,554,1,0.202523,0.041016
32,medium,555,1,0.207289,0.042969
32,medium,556,1,0.211948,0.044922
32,medium,557,1,0.229640,0.052734
32,medium,558,1,0.200098,0.040039
32,medium,559,1,0.225347,0.050781
32,medium,560,1,0.233854,0.054688
32,medium,561,1,0.237993,0.056641
32,medium,562,1,0.233854,0.054688
32,medium,563,1,0.229640,0.052734
32,medium,564,1,0.214239,0.045898
32,medium,565,1,0.231756,0.053711
32,medium,566,1,0.214239,0.045898
32,medium,567,1,0.197642,0.039062
32,medium,568,1,0.233854,0.054688
32,medium,569,1,0.220971,0.048828
32,medium,570,1,0.218750,0.047852
32,medium,571,1,0.216506,0.046875
32,medium,572,1,0.214239,0.045898
32,medium,573,1,0.237993,0.056641
32,medium,574,1,0.209631,0.043945
32,medium,575,1,0.250000,0.062500
32,medium,576,1,0.209631,0.043945
32,medium,577,1,0.227503,0.051758
32,medium,578,1,0.204920,0.041992
32,medium,579,1,0.204920,0.041992
32,medium,580,1,0.202523,0.041016
32,medium,581,1,0.204920,0.041992
32,medium,582,1,0.223170,0.049805
32,medium,583,1,0.209631,0.043945
32,medium,584,1,0.227503,0.051758
32,medium,585,1,0.204920,0.041992
32,medium,586,1,0.235932,0.055664
32,medium,587,1,0.240036,0.057617
32,medium,588,1,0.197642,0.039062
32,medium,589,1,0.218750,0.047852
32,medium,590,1,0.220971,0.048828
32,medium,591,1,0.218750,0.047852
32,medium,592,1,0.220971,0.048828
32,medium,593,1,0.211948,0.044922
32,medium,594,1,0.209631,0.043945
32,medium,595,1,0.225347,0.050781
32,medium,596,1,0.190086,0.036133
32,medium,597,1,0.220971,0.048828
32,medium,598,1,0.214239,0.045898
32,medium,599,1,0.223170,0.049805
32,medium,600,1,0.207289,0.042969
32,medium,601,1,0.242061,0.058594
32,medium,602,1,0.209631,0.043945
32,medium,603,1,0.207289,0.042969
32,medium,604,1,0.231756,0.053711
32,medium,605,1,0.211948,0.044922
32,medium,606,1,0.195156,0.038086
32,medium,607,1,0.202523,0.041016
32,medium,608,1,0.220971,0.048828
32,medium,609,1,0.259582,0.067383
32,medium,610,1,0.233854,0.054688
32,medium,611,1,0.235932,0.055664
32,medium,612,1,0.218750,0.047852
32,medium,613,1,0.209631,0.043945
32,medium,614,1,0.218750,0.047852
32,medium,615,1,0.225347,0.050781
32,medium,616,1,0.220971,0.048828
32,medium,617,1,0.237993,0.056641
32,medium,618,1,0.218750,0.047852
32,medium,619,1,0.216506,0.046875
32,medium,620,1,0.197642,0.039062
32,medium,621,1,0.204920,0.041992
32,medium,622,1,0.192638,0.037109
32,medium,623,1,0.207289,0.042969
32,medium,624,1,0.235932,0.055664
32,medium,625,1,0.225347,0.050781
32,medium,626,1,0.187500,0.035156
32,medium,627,1,0.231756,0.053711
32,medium,628,1,0.231756,0.053711
32,medium,629,1,0.211948,0.044922
32,medium,630,1,0.211948,0.044922
32,medium,631,1,0.225347,0.050781
32,medium,632,1,0.242061,0.058594
32,medium,633,1,0.229640,0.052734
32,medium,634,1,0.192638,0.037109
32,medium,635,1,0.216506,0.046875
32,medium,636,1,0.225347,0.050781
32,medium,637,1,0.204920,0.041992
32,medium,638,1,0.216506,0.046875
32,medium,639,1,0.251946,0.063477
32,medium,640,1,0.223170,0.049805
32,medium,641,1,0.214239,0.045898
32,medium,642,1,0.220971,0.048828
32,medium,643,1,0.223170,0.049805
32,medium,644,1,0.209631,0.043945
32,medium,645,1,0.227503,0.051758
32,medium,646,1,0.220971,0.048828
32,medium,647,1,0.225347,0.050781
32,medium,648,1,0.211948,0.044922
32,medium,649,1,0.207289,0.042969
32,medium,650,1,0.237993,0.056641
32,medium,651,1,0.218750,0.047852
32,medium,652,1,0.204920,0.041992
32,medium,653,1,0.211948,0.044922
32,medium,654,1,0.225347,0.050781
32,medium,655,1,0.218750,0.047852
32,medium,656,1,0.218750,0.047852
32,medium,657,1,0.225347,0.050781
32,medium,658,1,0.223170,0.049805
32,medium,659,1,0.209631,0.043945
32,medium,660,1,0.218750,0.047852
32,medium,661,1,0.227503,0.051758
32,medium,662,1,0.231756,0.053711
32,medium,663,1,0.207289,0.042969
32,medium,664,1,0.202523,0.041016
32,medium,665,1,0.233854,0.054688
32,medium,666,1,0.240036,0.057617
32,medium,667,1,0.200098,0.040039
32,medium,668,1,0.240036,0.057617
32,medium,669,1,0.225347,0.050781
32,medium,670,1,0.216506,0.046875
32,medium,671,1,0.214239,0.045898
32,medium,672,1,0.149870,0.022461
32,medium,673,1,0.192638,0.037109
32,medium,674,1,0.220971,0.048828
32,medium,675,1,0.233854,0.054688
32,medium,676,1,0.207289,0.042969
32,medium,677,1,0.209631,0.043945
32,medium,678,1,0.179518,0.032227
32,medium,679,1,0.197642,0.039062
32,medium,680,1,0.235932,0.055664
32,medium,681,1,0.207289,0.042969
32,medium,682,1,0.202523,0.041016
32,medium,683,1,0.216506,0.046875
32,medium,684,1,0.214239,0.045898
32,medium,685,1,0.176777,0.031250
32,medium,686,1,0.209631,0.043945
32,medium,687,1,0.182217,0.033203
32,medium,688,1,0.237993,0.056641
32,medium,689,1,0.192638,0.037109
32,medium,690,1,0.192638,0.037109
32,medium,691,1,0.223170,0.049805
32,medium,692,1,0.237993,0.056641
32,medium,693,1,0.233854,0.054688
32,medium,694,1,0.184877,0.034180
32,medium,695,1,0.225347,0.050781
32,medium,696,1,0.237993,0.056641
32,medium,697,1,0.225347,0.050781
32,medium,698,1,0.216506,0.046875
32,medium,699,1,0.223170,0.049805
32,medium,700,1,0.209631,0.043945
32,medium,701,1,0.216506,0.046875
32,medium,702,1,0.214239,0.045898
32,medium,703,1,0.220971,0.048828
32,medium,704,1,0.229640,0.052734
32,medium,705,1,0.211948,0.044922
32,medium,706,1,0.227503,0.051758
32,medium,707,1,0.211948,0.044922
32,medium,708,1,0.220971,0.048828
32,medium,709,1,0.202523,0.041016
32,medium,710,1,0.207289,0.042969
32,medium,711,1,0.204920,0.041992
32,medium,712,1,0.209631,0.043945
32,medium,713,1,0.207289,0.042969
32,medium,714,1,0.248039,0.061523
32,medium,715,1,0.227503,0.051758
32,medium,716,1,0.229640,0.052734
32,medium,717,1,0.207289,0.042969
32,medium,718,1,0.200098,0.040039
32,medium,719,1,0.223170,0.049805
32,medium,720,1,0.195156,0.038086
32,medium,721,1,0.197642,0.039062
32,medium,722,1,0.227503,0.051758
32,medium,723,1,0.220971,0.048828
32,medium,724,1,0.220971,0.048828
32,medium,725,1,0.202523,0.041016
32,medium,726,1,0.246063,0.060547
32,medium,727,1,0.223170,0.049805
32,medium,728,1,0.214239,0.045898
32,medium,729,1,0.214239,0.045898
32,medium,730,1,0.195156,0.038086
32,medium,731,1,0.218750,0.047852
32,medium,732,1,0.227503,0.051758
32,medium,733,1,0.190086,0.036133
32,medium,734,1,0.235932,0.055664
32,medium,735,1,0.225347,0.050781
32,medium,736,1,0.229640,0.052734
32,medium,737,1,0.216506,0.046875
32,medium,738,1,0.184877,0.034180
32,medium,739,1,0.227503,0.051758
32,medium,740,1,0.214239,0.045898
32,medium,741,1,0.231756,0.053711
32,medium,742,1,0.204920,0.041992
32,medium,743,1,0.235932,0.055664
32,medium,744,1,0.190086,0.036133
32,medium,745,1,0.225347,0.050781
32,medium,746,1,0.225347,0.050781
32,medium,747,1,0.202523,0.041016
32,medium,748,1,0.216506,0.046875
32,medium,749,1,0.225347,0.050781
32,medium,750,1,0.179518,0.032227
32,medium,751,1,0.192638,0.037109
32,medium,752,1,0.229640,0.052734
32,medium,753,1,0.244070,0.059570
32,medium,754,1,0.211948,0.044922
32,medium,755,1,0.229640,0.052734
32,medium,756,1,0.218750,0.047852
32,medium,757,1,0.231756,0.053711
32,medium,758,1,0.200098,0.040039
32,medium,759,1,0.214239,0.045898
32,medium,760,1,0.204920,0.041992
32,medium,761,1,0.220971,0.048828
32,medium,762,1,0.207289,0.042969
32,medium,763,1,0.211948,0.044922
32,medium,764,1,0.187500,0.035156
32,medium,765,1,0.231756,0.053711
32,medium,766,1,0.218750,0.047852
32,medium,767,1,0.192638,0.037109
32,medium,768,1,0.229640,0.052734
32,medium,769,1,0.244070,0.059570
32,medium,770,1,0.225347,0.050781
32,medium,771,1,0.204920,0.041992
32,medium,772,1,0.235932,0.055664
32,medium,773,1,0.227503,0.051758
32,medium,774,1,0.204920,0.041992
32,medium,775,1,0.251946,0.063477
32,medium,776,1,0.218750,0.047852
32,medium,777,1,0.231756,0.053711
32,medium,778,1,0.233854,0.054688
32,medium,779,1,0.204920,0.041992
32,medium,780,1,0.227503,0.051758
32,medium,781,1,0.218750,0.047852
32,medium,782,1,0.200098,0.040039
32,medium,783,1,0.227503,0.051758
32,medium,784,1,0.209631,0.043945
32,medium,785,1,0.187500,0.035156
32,medium,786,1,0.227503,0.051758
32,medium,787,1,0.231756,0.053711
32,medium,788,1,0.223170,0.049805
32,medium,789,1,0.218750,0.047852
32,medium,790,1,0.220971,0.048828
32,medium,791,1,0.229640,0.052734
32,medium,792,1,0.244070,0.059570
32,medium,793,1,0.227503,0.051758
32,medium,794,1,0.207289,0.042969
32,medium,795,1,0.229640,0.052734
32,medium,796,1,0.223170,0.049805
32,medium,797,1,0.235932,0.055664
32,medium,798,1,0.235932,0.055664
32,medium,799,1,0.214239,0.045898
32,medium,800,1,0.218750,0.047852
32,medium,801,1,0.216506,0.046875
32,medium,802,1,0.244070,0.059570
32,medium,803,1,0.229640,0.052734
32,medium,804,1,0.209631,0.043945
32,medium,805,1,0.216506,0.046875
32,medium,806,1,0.216506,0.046875
32,medium,807,1,0.235932,0.055664
32,medium,808,1,0.204920,0.041992
32,medium,809,1,0.231756,0.053711
32,medium,810,1,0.209631,0.043945
32,medium,811,1,0.246063,0.060547
32,medium,812,1,0.184877,0.034180
32,medium,813,1,0.237993,0.056641
32,medium,814,1,0.192638,0.037109
32,medium,815,1,0.187500,0.035156
32,medium,816,1,0.214239,0.045898
32,medium,817,1,0.182217,0.033203
32,medium,818,1,0.190086,0.036133
32,medium,819,1,0.211948,0.044922
32,medium,820,1,0.209631,0.043945
32,medium,821,1,0.240036,0.057617
32,medium,822,1,0.225347,0.050781
32,medium,823,1,0.209631,0.043945
32,medium,824,1,0.229640,0.052734
32,medium,825,1,0.209631,0.043945
32,medium,826,1,0.192638,0.037109
32,medium,827,1,0.237993,0.056641
32,medium,828,1,0.207289,0.042969
32,medium,829,1,0.229640,0.052734
32,medium,830,1,0.190086,0.036133
32,medium,831,1,0.200098,0.040039
32,medium,832,1,0.229640,0.052734
32,medium,833,1,0.192638,0.037109
32,medium,834,1,0.214239,0.045898
32,medium,835,1,0.223170,0.049805
32,medium,836,1,0.195156,0.038086
32,medium,837,1,0.216506,0.046875
32,medium,838,1,0.240036,0.057617
32,medium,839,1,0.220971,0.048828
32,medium,840,1,0.211948,0.044922
32,medium,841,1,0.233854,0.054688
32,medium,842,1,0.231756,0.053711
32,medium,843,1,0.257694,0.066406
32,medium,844,1,0.216506,0.046875
32,medium,845,1,0.235932,0.055664
32,medium,846,1,0.218750,0.047852
32,medium,847,1,0.187500,0.035156
32,medium,848,1,0.209631,0.043945
32,medium,849,1,0.202523,0.041016
32,medium,850,1,0.231756,0.053711
32,medium,851,1,0.220971,0.048828
32,medium,852,1,0.204920,0.041992
32,medium,853,1,0.209631,0.043945
32,medium,854,1,0.220971,0.048828
32,medium,855,1,0.225347,0.050781
32,medium,856,1,0.187500,0.035156
32,medium,857,1,0.227503,0.051758
32,medium,858,1,0.229640,0.052734
32,medium,859,1,0.211948,0.044922
32,medium,860,1,0.218750,0.047852
32,medium,861,1,0.211948,0.044922
32,medium,862,1,0.216506,0.046875
32,medium,863,1,0.202523,0.041016
32,medium,864,1,0.240036,0.057617
32,medium,865,1,0.229640,0.052734
32,medium,866,1,0.216506,0.046875
32,medium,867,1,0.218750,0.047852
32,medium,868,1,0.202523,0.041016
32,medium,869,1,0.227503,0.051758
32,medium,870,1,0.227503,0.051758
32,medium,871,1,0.197642,0.039062
32,medium,872,1,0.225347,0.050781
32,medium,873,1,0.229640,0.052734
32,medium,874,1,0.244070,0.059570
32,medium,875,1,0.231756,0.053711
32,medium,876,1,0.190086,0.036133
32,medium,877,1,0.209631,0.043945
32,medium,878,1,0.192638,0.037109
32,medium,879,1,0.216506,0.046875
32,medium,880,1,0.202523,0.041016
32,medium,881,1,0.197642,0.039062
32,medium,882,1,0.220971,0.048828
32,medium,883,1,0.233854,0.054688
32,medium,884,1,0.223170,0.049805
32,medium,885,1,0.227503,0.051758
32,medium,886,1,0.229640,0.052734
32,medium,887,1,0.227503,0.051758
32,medium,888,1,0.218750,0.047852
32,medium,889,1,0.190086,0.036133
32,medium,890,1,0.216506,0.046875
32,medium,891,1,0.227503,0.051758
32,medium,892,1,0.227503,0.051758
32,medium,893,1,0.184877,0.034180
32,medium,894,1,0.223170,0.049805
32,medium,895,1,0.240036,0.057617
32,medium,896,1,0.209631,0.043945
32,medium,897,1,0.184877,0.034180
32,medium,898,1,0.216506,0.046875
32,medium,899,1,0.216506,0.046875
32,medium,900,1,0.214239,0.045898
32,medium,901,1,0.218750,0.047852
32,medium,902,1,0.231756,0.053711
32,medium,903,1,0.220971,0.048828
32,medium,904,1,0.216506,0.046875
32,medium,905,1,0.223170,0.049805
32,medium,906,1,0.207289,0.042969
32,medium,907,1,0.187500,0.035156
32,medium,908,1,0.229640,0.052734
32,medium,909,1,0.233854,0.054688
32,medium,910,1,0.242061,0.058594
32,medium,911,1,0.171163,0.029297
32,medium,912,1,0.200098,0.040039
32,medium,913,1,0.214239,0.045898
32,medium,914,1,0.211948,0.044922
32,medium,915,1,0.204920,0.041992
32,medium,916,1,0.225347,0.050781
32,medium,917,1,0.240036,0.057617
32,medium,918,1,0.223170,0.049805
32,medium,919,1,0.214239,0.045898
32,medium,920,1,0.223170,0.049805
32,medium,921,1,0.223170,0.049805
32,medium,922,1,0.200098,0.040039
32,medium,923,1,0.220971,0.048828
32,medium,924,1,0.237993,0.056641
32,medium,925,1,0.184877,0.034180
32,medium,926,1,0.216506,0.046875
32,medium,927,1,0.223170,0.049805
32,medium,928,1,0.225347,0.050781
32,medium,929,1,0.214239,0.045898
32,medium,930,1,0.225347,0.050781
32,medium,931,1,0.216506,0.046875
32,medium,932,1,0.202523,0.041016
32,medium,933,1,0.197642,0.039062
32,medium,934,1,0.197642,0.039062
32,medium,935,1,0.190086,0.036133
32,medium,936,1,0.216506,0.046875
32,medium,937,1,0.209631,0.043945
32,medium,938,1,0.229640,0.052734
32,medium,939,1,0.209631,0.043945
32,medium,940,1,0.192638,0.037109
32,medium,941,1,0.223170,0.049805
32,medium,942,1,0.218750,0.047852
32,medium,943,1,0.242061,0.058594
32,medium,944,1,0.229640,0.052734
32,medium,945,1,0.225347,0.050781
32,medium,946,1,0.257694,0.066406
32,medium,947,1,0.209631,0.043945
32,medium,948,1,0.225347,0.050781
32,medium,949,1,0.207289,0.042969
32,medium,950,1,0.253876,0.064453
32,medium,951,1,0.223170,0.049805
32,medium,952,1,0.231756,0.053711
32,medium,953,1,0.255792,0.065430
32,medium,954,1,0.225347,0.050781
32,medium,955,1,0.214239,0.045898
32,medium,956,1,0.237993,0.056641
32,medium,957,1,0.248039,0.061523
32,medium,958,1,0.207289,0.042969
32,medium,959,1,0.216506,0.046875
32,medium,960,1,0.192638,0.037109
32,medium,961,1,0.240036,0.057617
32,medium,962,1,0.225347,0.050781
32,medium,963,1,0.209631,0.043945
32,medium,964,1,0.207289,0.042969
32,medium,965,1,0.220971,0.048828
32,medium,966,1,0.204920,0.041992
32,medium,967,1,0.216506,0.046875
32,medium,968,1,0.227503,0.051758
32,medium,969,1,0.207289,0.042969
32,medium,970,1,0.223170,0.049805
32,medium,971,1,0.214239,0.045898
32,medium,972,1,0.220971,0.048828
32,medium,973,1,0.227503,0.051758
32,medium,974,1,0.223170,0.049805
32,medium,975,1,0.220971,0.048828
32,medium,976,1,0.209631,0.043945
32,medium,977,1,0.209631,0.043945
32,medium,978,1,0.214239,0.045898
32,medium,979,1,0.204920,0.041992
32,medium,980,1,0.214239,0.045898
32,medium,981,1,0.214239,0.045898
32,medium,982,1,0.225347,0.050781
32,medium,983,1,0.197642,0.039062
32,medium,984,1,0.214239,0.045898
32,medium,985,1,0.229640,0.052734
32,medium,986,1,0.207289,0.042969
32,medium,987,1,0.233854,0.054688
32,medium,988,1,0.200098,0.040039
32,medium,989,1,0.237993,0.056641
32,medium,990,1,0.220971,0.048828
32,medium,991,1,0.216506,0.046875
32,medium,992,1,0.216506,0.046875
32,medium,993,1,0.214239,0.045898
32,medium,994,1,0.223170,0.049805
32,medium,995,1,0.237993,0.056641
32,medium,996,1,0.209631,0.043945
32,medium,997,1,0.202523,0.041016
32,medium,998,1,0.209631,0.043945
32,medium,999,1,0.235932,0.055664
4,large,0,1,0.433013,0.187500
4,large,1,0,0.000000,0.000000
4,large,2,0,0.000000,0.000000
4,large,3,1,0.500000,0.250000
4,large,4,0,0.000000,0.000000
4,large,5,1,0.353553,0.125000
4,large,6,1,0.353553,0.125000
4,large,7,1,0.250000,0.062500
4,large,8,1,0.250000,0.062500
4,large,9,1,0.433013,0.187500
4,large,10,1,0.353553,0.125000
4,large,11,1,0.250000,0.062500
4,large,12,1,0.559017,0.312500
4,large,13,1,0.250000,0.062500
4,large,14,0,0.000000,0.000000
4,large,15,1,0.433013,0.187500
4,large,16,1,0.250000,0.062500
4,large,17,0,0.000000,0.000000
4,large,18,0,0.000000,0.000000
4,large,19,1,0.353553,0.125000
4,large,20,0,0.000000,0.000000
4,large,21,0,0.000000,0.000000
4,large,22,0,0.000000,0.000000
4,large,23,0,0.000000,0.000000
4,large,24,1,0.353553,0.125000
4,large,25,1,0.500000,0.250000
4,large,26,1,0.433013,0.187500
4,large,27,1,0.353553,0.125000
4,large,28,0,0.000000,0.000000
4,large,29,1,0.250000,0.062500
4,large,30,1,0.433013,0.187500
4,large,31,0,0.000000,0.000000
4,large,32,0,0.000000,0.000000
4,large,33,0,0.000000,0.000000
4,large,34,0,0.000000,0.000000
4,large,35,1,0.250000,0.062500
4,large,36,1,0.353553,0.125000
4,large,37,1,0.353553,0.125000
4,large,38,0,0.000000,0.000000
4,large,39,1,0.353553,0.125000
4,large,40,1,0.353553,0.125000
4,large,41,1,0.353553,0.125000
4,large,42,1,0.353553,0.125000
4,large,43,0,0.000000,0.000000
4,large,44,0,0.000000,0.000000
4,large,45,1,0.353553,0.125000
4,large,46,1,0.250000,0.062500
4,large,47,1,0.433013,0.187500
4,large,48,1,0.250000,0.062500
4,large,49,1,0.433013,0.187500
4,large,50,1,0.433013,0.187500
4,large,51,1,0.559017,0.312500
4,large,52,1,0.353553,0.125000
4,large,53,0,0.000000,0.000000
4,large,54,0,0.000000,0.000000
4,large,55,1,0.433013,0.187500
4,large,56,1,0.500000,0.250000
4,large,57,0,0.000000,0.000000
4,large,58,1,0.353553,0.125000
4,large,59,1,0.500000,0.250000
4,large,60,1,0.250000,0.062500
4,large,61,1,0.250000,0.062500
4,large,62,1,0.612372,0.375000
4,large,63,1,0.353553,0.125000
4,large,64,1,0.250000,0.062500
4,large,65,1,0.353553,0.125000
4,large,66,1,0.353553,0.125000
4,large,67,1,0.353553,0.125000
4,large,68,0,0.000000,0.000000
4,large,69,0,0.000000,0.000000
4,large,70,1,0.250000,0.062500
4,large,71,1,0.250000,0.062500
4,large,72,0,0.000000,0.000000
4,large,73,1,0.250000,0.062500
4,large,74,0,0.000000,0.000000
4,large,75,1,0.353553,0.125000
4,large,76,0,0.000000,0.000000
4,large,77,1,0.353553,0.125000
4,large,78,1,0.250000,0.062500
4,large,79,1,0.353553,0.125000
4,large,80,1,0.250000,0.062500
4,large,81,1,0.433013,0.187500
4,large,82,1,0.353553,0.125000
4,large,83,1,0.353553,0.125000
4,large,84,1,0.250000,0.062500
4,large,85,1,0.250000,0.062500
4,large,86,1,0.353553,0.125000
4,large,87,1,0.250000,0.062500
4,large,88,1,0.500000,0.250000
4,large,89,0,0.000000,0.000000
4,large,90,1,0.433013,0.187500
4,large,91,0,0.000000,0.000000
4,large,92,0,0.000000,0.000000
4,large,93,1,0.433013,0.187500
4,large,94,1,0.250000,0.062500
4,large,95,1,0.433013,0.187500
4,large,96,1,0.250000,0.062500
4,large,97,1,0.250000,0.062500
4,large,98,1,0.353553,0.125000
4,large,99,1,0.250000,0.062500
4,large,100,1,0.250000,0.062500
4,large,101,1,0.250000,0.062500
4,large,102,1,0.433013,0.187500
4,large,103,1,0.250000,0.062500
4,large,104,1,0.433013,0.187500
4,large,105,1,0.433013,0.187500
4,large,106,1,0.433013,0.187500
4,large,107,1,0.353553,0.125000
4,large,108,1,0.250000,0.062500
4,large,109,1,0.250000,0.062500
4,large,110,1,0.353553,0.125000
4,large,111,1,0.500000,0.250000
4,large,112,1,0.250000,0.062500
4,large,113,0,0.000000,0.000000
4,large,114,0,0.000000,0.000000
4,large,115,1,0.353553,0.125000
4,large,116,0,0.000000,0.000000
4,large,117,1,0.353553,0.125000
4,large,118,0,0.000000,0.000000
4,large,119,1,0.433013,0.187500
4,large,120,1,0.250000,0.062500
4,large,121,1,0.353553,0.125000
4,large,122,1,0.433013,0.187500
4,large,123,1,0.353553,0.125000
4,large,124,0,0.000000,0.000000
4,large,125,1,0.250000,0.062500
4,large,126,0,0.000000,0.000000
4,large,127,1,0.250000,0.062500
4,large,128,1,0.433013,0.187500
4,large,129,1,0.353553,0.125000
4,large,130,1,0.433013,0.187500
4,large,131,0,0.000000,0.000000
4,large,132,1,0.500000,0.250000
4,large,133,0,0.000000,0.000000
4,large,134,0,0.000000,0.000000
4,large,135,0,0.000000,0.000000
4,large,136,1,0.250000,0.062500
4,large,137,1,0.250000,0.062500
4,large,138,1,0.250000,0.062500
4,large,139,1,0.500000,0.250000
4,large,140,1,0.433013,0.187500
4,large,141,1,0.353553,0.125000
4,large,142,1,0.250000,0.062500
4,large,143,0,0.000000,0.000000
4,large,144,1,0.433013,0.187500
4,large,145,1,0.353553,0.125000
4,large,146,1,0.250000,0.062500
4,large,147,1,0.250000,0.062500
4,large,148,1,0.500000,0.250000
4,large,149,1,0.500000,0.250000
4,large,150,1,0.250000,0.062500
4,large,151,1,0.433013,0.187500
4,large,152,1,0.250000,0.062500
4,large,153,1,0.250000,0.062500
4,large,154,0,0.000000,0.000000
4,large,155,1,0.500000,0.250000
4,large,156,1,0.353553,0.125000
4,large,157,0,0.000000,0.000000
4,large,158,0,0.000000,0.000000
4,large,159,1,0.433013,0.187500
4,large,160,1,0.250000,0.062500
4,large,161,0,0.000000,0.000000
4,large,162,1,0.250000,0.062500
4,large,163,0,0.000000,0.000000
4,large,164,0,0.000000,0.000000
4,large,165,0,0.000000,0.000000
4,large,166,1,0.250000,0.062500
4,large,167,1,0.353553,0.125000
4,large,168,1,0.353553,0.125000
4,large,169,0,0.000000,0.000000
4,large,170,1,0.250000,0.062500
4,large,171,0,0.000000,0.000000
4,large,172,1,0.353553,0.125000
4,large,173,0,0.000000,0.000000
4,large,174,0,0.000000,0.000000
4,large,175,0,0.000000,0.000000
4,large,176,0,0.000000,0.000000
4,large,177,1,0.353553,0.125000
4,large,178,1,0.433013,0.187500
4,large,179,1,0.353553,0.125000
4,large,180,1,0.433013,0.187500
4,large,181,1,0.250000,0.062500
4,large,182,0,0.000000,0.000000
4,large,183,0,0.000000,0.000000
4,large,184,1,0.250000,0.062500
4,large,185,1,0.433013,0.187500
4,large,186,1,0.353553,0.125000
4,large,187,1,0.353553,0.125000
4,large,188,1,0.353553,0.125000
4,large,189,0,0.000000,0.000000
4,large,190,0,0.000000,0.000000
4,large,191,1,0.250000,0.062500
4,large,192,1,0.353553,0.125000
4,large,193,1,0.500000,0.250000
4,large,194,0,0.000000,0.000000
4,large,195,1,0.500000,0.250000
4,large,196,1,0.353553,0.125000
4,large,197,1,0.250000,0.062500
4,large,198,1,0.353553,0.125000
4,large,199,0,0.000000,0.000000
4,large,200,0,0.000000,0.000000
4,large,201,1,0.250000,0.062500
4,large,202,1,0.250000,0.062500
4,large,203,1,0.250000,0.062500
4,large,204,1,0.250000,0.062500
4,large,205,0,0.000000,0.000000
4,large,206,0,0.000000,0.000000
4,large,207,1,0.353553,0.125000
4,large,208,0,0.000000,0.000000
4,large,209,0,0.000000,0.000000
4,large,210,1,0.250000,0.062500
4,large,211,1,0.353553,0.125000
4,large,212,1,0.250000,0.062500
4,large,213,1,0.353553,0.125000
4,large,214,0,0.000000,0.000000
4,large,215,1,0.250000,0.062500
4,large,216,1,0.353553,0.125000
4,large,217,0,0.000000,0.000000
4,large,218,1,0.250000,0.062500
4,large,219,0,0.000000,0.000000
4,large,220,0,0.000000,0.000000
4,large,221,1,0.250000,0.062500
4,large,222,0,0.000000,0.000000
4,large,223,1,0.250000,0.062500
4,large,224,1,0.433013,0.187500
4,large,225,0,0.000000,0.000000
4,large,226,0,0.000000,0.000000
4,large,227,1,0.353553,0.125000
4,large,228,1,0.353553,0.125000
4,large,229,1,0.500000,0.250000
4,large,230,1,0.250000,0.062500
4,large,231,1,0.353553,0.125000
4,large,232,1,0.353553,0.125000
4,large,233,1,0.250000,0.062500
4,large,234,1,0.433013,0.187500
4,large,235,0,0.000000,0.000000
4,large,236,0,0.000000,0.000000
4,large,237,1,0.250000,0.062500
4,large,238,0,0.000000,0.000000
4,large,239,1,0.353553,0.125000
4,large,240,0,0.000000,0.000000
4,large,241,0,0.000000,0.000000
4,large,242,1,0.353553,0.125000
4,large,243,1,0.353553,0.125000
4,large,244,1,0.250000,0.062500
4,large,245,1,0.500000,0.250000
4,large,246,1,0.250000,0.062500
4,large,247,0,0.000000,0.000000
4,large,248,1,0.433013,0.187500
4,large,249,1,0.500000,0.250000
4,large,250,1,0.353553,0.125000
4,large,251,1,0.353553,0.125000
4,large,252,0,0.000000,0.000000
4,large,253,1,0.250000,0.062500
4,large,254,0,0.000000,0.000000
4,large,255,1,0.433013,0.187500
4,large,256,1,0.353553,0.125000
4,large,257,0,0.000000,0.000000
4,large,258,0,0.000000,0.000000
4,large,259,0,0.000000,0.000000
4,large,260,0,0.000000,0.000000
4,large,261,1,0.353553,0.125000
4,large,262,1,0.250000,0.062500
4,large,263,1,0.250000,0.062500
4,large,264,1,0.433013,0.187500
4,large,265,1,0.250000,0.062500
4,large,266,1,0.353553,0.125000
4,large,267,0,0.000000,0.000000
4,large,268,1,0.250000,0.062500
4,large,269,0,0.000000,0.000000
4,large,270,1,0.353553,0.125000
4,large,271,0,0.000000,0.000000
4,large,272,1,0.433013,0.187500
4,large,273,1,0.250000,0.062500
4,large,274,1,0.433013,0.187500
4,large,275,1,0.353553,0.125000
4,large,276,0,0.000000,0.000000
4,large,277,0,0.000000,0.000000
4,large,278,1,0.353553,0.125000
4,large,279,1,0.353553,0.125000
4,large,280,1,0.433013,0.187500
4,large,281,1,0.353553,0.125000
4,large,282,1,0.353553,0.125000
4,large,283,0,0.000000,0.000000
4,large,284,1,0.559017,0.312500
4,large,285,0,0.000000,0.000000
4,large,286,1,0.250000,0.062500
4,large,287,0,0.000000,0.000000
4,large,288,0,0.000000,0.000000
4,large,289,1,0.433013,0.187500
4,large,290,1,0.353553,0.125000
4,large,291,1,0.353553,0.125000
4,large,292,1,0.433013,0.187500
4,large,293,0,0.000000,0.000000
4,large,294,1,0.250000,0.062500
4,large,295,1,0.250000,0.062500
4,large,296,1,0.250000,0.062500
4,large,297,0,0.000000,0.000000
4,large,298,1,0.250000,0.062500
4,large,299,0,0.000000,0.000000
4,large,300,1,0.250000,0.062500
4,large,301,0,0.000000,0.000000
4,large,302,0,0.000000,0.000000
4,large,303,0,0.000000,0.000000
4,large,304,1,0.250000,0.062500
4,large,305,0,0.000000,0.000000
4,large,306,1,0.353553,0.125000
4,large,307,0,0.000000,0.000000
4,large,308,1,0.433013,0.187500
4,large,309,1,0.353553,0.125000
4,large,310,1,0.353553,0.125000
4,large,311,1,0.500000,0.250000
4,large,312,1,0.353553,0.125000
4,large,313,1,0.250000,0.062500
4,large,314,1,0.250000,0.062500
4,large,315,0,0.000000,0.000000
4,large,316,1,0.250000,0.062500
4,large,317,1,0.353553,0.125000
4,large,318,1,0.250000,0.062500
4,large,319,1,0.250000,0.062500
4,large,320,1,0.353553,0.125000
4,large,321,1,0.500000,0.250000
4,large,322,1,0.353553,0.125000
4,large,323,1,0.612372,0.375000
4,large,324,0,0.000000,0.000000
4,large,325,0,0.000000,0.000000
4,large,326,0,0.000000,0.000000
4,large,327,0,0.000000,0.000000
4,large,328,1,0.353553,0.125000
4,large,329,0,0.000000,0.000000
4,large,330,0,0.000000,0.000000
4,large,331,1,0.433013,0.187500
4,large,332,1,0.353553,0.125000
4,large,333,0,0.000000,0.000000
4,large,334,0,0.000000,0.000000
4,large,335,0,0.000000,0.000000
4,large,336,0,0.000000,0.000000
4,large,337,1,0.250000,0.062500
4,large,338,0,0.000000,0.000000
4,large,339,1,0.250000,0.062500
4,large,340,0,0.000000,0.000000
4,large,341,0,0.000000,0.000000
4,large,342,1,0.250000,0.062500
4,large,343,1,0.250000,0.062500
4,large,344,1,0.353553,0.125000
4,large,345,1,0.500000,0.250000
4,large,346,1,0.500000,0.250000
4,large,347,1,0.353553,0.125000
4,large,348,0,0.000000,0.000000
4,large,349,1,0.353553,0.125000
4,large,350,0,0.000000,0.000000
4,large,351,1,0.500000,0.250000
4,large,352,1,0.250000,0.062500
4,large,353,1,0.250000,0.062500
4,large,354,0,0.000000,0.000000
4,large,355,0,0.000000,0.000000
4,large,356,1,0.559017,0.312500
4,large,357,1,0.433013,0.187500
4,large,358,1,0.353553,0.125000
4,large,359,1,0.353553,0.125000
4,large,360,0,0.000000,0.000000
4,large,361,1,0.353553,0.125000
4,large,362,1,0.433013,0.187500
4,large,363,1,0.433013,0.187500
4,large,364,1,0.433013,0.187500
4,large,365,1,0.250000,0.062500
4,large,366,1,0.353553,0.125000
4,large,367,0,0.000000,0.000000
4,large,368,1,0.433013,0.187500
4,large,369,1,0.250000,0.062500
4,large,370,1,0.433013,0.187500
4,large,371,0,0.000000,0.000000
4,large,372,1,0.250000,0.062500
4,large,373,1,0.250000,0.062500
4,large,374,1,0.250000,0.062500
4,large,375,1,0.353553,0.125000
4,large,376,0,0.000000,0.000000
4,large,377,1,0.250000,0.062500
4,large,378,1,0.353553,0.125000
4,large,379,1,0.433013,0.187500
4,large,380,1,0.433013,0.187500
4,large,381,1,0.559017,0.312500
4,large,382,1,0.433013,0.187500
4,large,383,1,0.353553,0.125000
4,large,384,1,0.250000,0.062500
4,large,385,1,0.353553,0.125000
4,large,386,1,0.433013,0.187500
4,large,387,1,0.250000,0.062500
4,large,388,0,0.000000,0.000000
4,large,389,0,0.000000,0.000000
4,large,390,1,0.250000,0.062500
4,large,391,1,0.250000,0.062500
4,large,392,1,0.353553,0.125000
4,large,393,1,0.353553,0.125000
4,large,394,1,0.250000,0.062500
4,large,395,1,0.250000,0.062500
4,large,396,1,0.433013,0.187500
4,large,397,1,0.353553,0.125000
4,large,398,0,0.000000,0.000000
4,large,399,1,0.353553,0.125000
4,large,400,1,0.433013,0.187500
4,large,401,1,0.353553,0.125000
4,large,402,1,0.433013,0.187500
4,large,403,1,0.500000,0.250000
4,large,404,1,0.250000,0.062500
4,large,405,1,0.353553,0.125000
4,large,406,1,0.559017,0.312500
4,large,407,1,0.250000,0.062500
4,large,408,0,0.000000,0.000000
4,large,409,1,0.250000,0.062500
4,large,410,1,0.250000,0.062500
4,large,411,1,0.353553,0.125000
4,large,412,1,0.250000,0.062500
4,large,413,0,0.000000,0.000000
4,large,414,1,0.250000,0.062500
4,large,415,0,0.000000,0.000000
4,large,416,1,0.559017,0.312500
4,large,417,1,0.250000,0.062500
4,large,418,1,0.433013,0.187500
4,large,419,1,0.250000,0.062500
4,large,420,0,0.000000,0.000000
4,large,421,1,0.433013,0.187500
4,large,422,1,0.250000,0.062500
4,large,423,1,0.353553,0.125000
4,large,424,1,0.353553,0.125000
4,large,425,0,0.000000,0.000000
4,large,426,1,0.250000,0.062500
4,large,427,0,0.000000,0.000000
4,large,428,1,0.433013,0.187500
4,large,429,1,0.250000,0.062500
4,large,430,0,0.000000,0.000000
4,large,431,0,0.000000,0.000000
4,large,432,1,0.353553,0.125000
4,large,433,1,0.353553,0.125000
4,large,434,1,0.559017,0.312500
4,large,435,1,0.353553,0.125000
4,large,436,0,0.000000,0.000000
4,large,437,1,0.250000,0.062500
4,large,438,0,0.000000,0.000000
4,large,439,1,0.250000,0.062500
4,large,440,0,0.000000,0.000000
4,large,441,1,0.500000,0.250000
4,large,442,1,0.250000,0.062500
4,large,443,1,0.353553,0.125000
4,large,444,1,0.353553,0.125000
4,large,445,0,0.000000,0.000000
4,large,446,1,0.353553,0.125000
4,large,447,1,0.433013,0.187500
4,large,448,1,0.353553,0.125000
4,large,449,1,0.250000,0.062500
4,large,450,1,0.353553,0.125000
4,large,451,1,0.353553,0.125000
4,large,452,1,0.353553,0.125000
4,large,453,1,0.500000,0.250000
4,large,454,0,0.000000,0.000000
4,large,455,1,0.433013,0.187500
4,large,456,0,0.000000,0.000000
4,large,457,1,0.250000,0.062500
4,large,458,1,0.353553,0.125000
4,large,459,0,0.000000,0.000000
4,large,460,1,0.250000,0.062500
4,large,461,0,0.000000,0.000000
4,large,462,1,0.433013,0.187500
4,large,463,0,0.000000,0.000000
4,large,464,0,0.000000,0.000000
4,large,465,1,0.353553,0.125000
4,large,466,1,0.433013,0.187500
4,large,467,0,0.000000,0.000000
4,large,468,1,0.353553,0.125000
4,large,469,0,0.000000,0.000000
4,large,470,0,0.000000,0.000000
4,large,471,1,0.500000,0.250000
4,large,472,1,0.353553,0.125000
4,large,473,0,0.000000,0.000000
4,large,474,1,0.353553,0.125000
4,large,475,1,0.250000,0.062500
4,large,476,1,0.353553,0.125000
4,large,477,0,0.000000,0.000000
4,large,478,1,0.250000,0.062500
4,large,479,1,0.433013,0.187500
4,large,480,0,0.000000,0.000000
4,large,481,0,0.000000,0.000000
4,large,482,1,0.250000,0.062500
4,large,483,1,0.353553,0.125000
4,large,484,0,0.000000,0.000000
4,large,485,0,0.000000,0.000000
4,large,486,0,0.000000,0.000000
4,large,487,1,0.353553,0.125000
4,large,488,1,0.353553,0.125000
4,large,489,0,0.000000,0.000000
4,large,490,0,0.000000,0.000000
4,large,491,1,0.433013,0.187500
4,large,492,0,0.000000,0.000000
4,large,493,0,0.000000,0.000000
4,large,494,1,0.353553,0.125000
4,large,495,1,0.250000,0.062500
4,large,496,1,0.250000,0.062500
4,large,497,1,0.433013,0.187500
4,large,498,1,0.250000,0.062500
4,large,499,0,0.000000,0.000000
4,large,500,0,0.000000,0.000000
4,large,501,0,0.000000,0.000000
4,large,502,1,0.250000,0.062500
4,large,503,1,0.250000,0.062500
4,large,504,0,0.000000,0.000000
4,large,505,1,0.433013,0.187500
4,large,506,0,0.000000,0.000000
4,large,507,1,0.250000,0.062500
4,large,508,1,0.250000,0.062500
4,large,509,0,0.000000,0.000000
4,large,510,1,0.433013,0.187500
4,large,511,0,0.000000,0.000000
4,large,512,1,0.353553,0.125000
4,large,513,1,0.250000,0.062500
4,large,514,0,0.000000,0.000000
4,large,515,0,0.000000,0.000000
4,large,516,0,0.000000,0.000000
4,large,517,1,0.353553,0.125000
4,large,518,0,0.000000,0.000000
4,large,519,1,0.353553,0.125000
4,large,520,1,0.500000,0.250000
4,large,521,0,0.000000,0.000000
4,large,522,1,0.250000,0.062500
4,large,523,0,0.000000,0.000000
4,large,524,0,0.000000,0.000000
4,large,525,1,0.250000,0.062500
4,large,526,1,0.353553,0.125000
4,large,527,1,0.353553,0.125000
4,large,528,0,0.000000,0.000000
4,large,529,1,0.353553,0.125000
4,large,530,1,0.353553,0.125000
4,large,531,1,0.250000,0.062500
4,large,532,1,0.559017,0.312500
4,large,533,1,0.250000,0.062500
4,large,534,1,0.433013,0.187500
4,large,535,1,0.353553,0.125000
4,large,536,0,0.000000,0.000000
4,large,537,0,0.000000,0.000000
4,large,538,1,0.353553,0.125000
4,large,539,0,0.000000,0.000000
4,large,540,1,0.433013,0.187500
4,large,541,1,0.433013,0.187500
4,large,542,1,0.500000,0.250000
4,large,543,1,0.250000,0.062500
4,large,544,1,0.500000,0.250000
4,large,545,1,0.353553,0.125000
4,large,546,0,0.000000,0.000000
4,large,547,1,0.353553,0.125000
4,large,548,1,0.250000,0.062500
4,large,549,1,0.353553,0.125000
4,large,550,0,0.000000,0.000000
4,large,551,1,0.250000,0.062500
4,large,552,0,0.000000,0.000000
4,large,553,1,0.433013,0.187500
4,large,554,1,0.433013,0.187500
4,large,555,0,0.000000,0.000000
4,large,556,1,0.353553,0.125000
4,large,557,1,0.353553,0.125000
4,large,558,1,0.250000,0.062500
4,large,559,1,0.500000,0.250000
4,large,560,0,0.000000,0.000000
4,large,561,0,0.000000,0.000000
4,large,562,1,0.250000,0.062500
4,large,563,1,0.250000,0.062500
4,large,564,1,0.353553,0.125000
4,large,565,1,0.250000,0.062500
4,large,566,0,0.000000,0.000000
4,large,567,1,0.250000,0.062500
4,large,568,0,0.000000,0.000000
4,large,569,1,0.353553,0.125000
4,large,570,1,0.353553,0.125000
4,large,571,1,0.250000,0.062500
4,large,572,1,0.353553,0.125000
4,large,573,1,0.433013,0.187500
4,large,574,1,0.433013,0.187500
4,large,575,0,0.000000,0.000000
4,large,576,1,0.353553,0.125000
4,large,577,1,0.500000,0.250000
4,large,578,1,0.250000,0.062500
4,large,579,0,0.000000,0.000000
4,large,580,0,0.000000,0.000000
4,large,581,1,0.433013,0.187500
4,large,582,1,0.559017,0.312500
4,large,583,1,0.433013,0.187500
4,large,584,1,0.250000,0.062500
4,large,585,1,0.433013,0.187500
4,large,586,1,0.353553,0.125000
4,large,587,1,0.353553,0.125000
4,large,588,1,0.353553,0.125000
4,large,589,0,0.000000,0.000000
4,large,590,1,0.500000,0.250000
4,large,591,1,0.250000,0.062500
4,large,592,1,0.433013,0.187500
4,large,593,0,0.000000,0.000000
4,large,594,0,0.000000,0.000000
4,large,595,1,0.250000,0.062500
4,large,596,1,0.250000,0.062500
4,large,597,0,0.000000,0.000000
4,large,598,1,0.433013,0.187500
4,large,599,1,0.250000,0.062500
4,large,600,1,0.250000,0.062500
4,large,601,1,0.353553,0.125000
4,large,602,0,0.000000,0.000000
4,large,603,1,0.500000,0.250000
4,large,604,1,0.353553,0.125000
4,large,605,0,0.000000,0.000000
4,large,606,0,0.000000,0.000000
4,large,607,0,0.000000,0.000000
4,large,608,0,0.000000,0.000000
4,large,609,0,0.000000,0.000000
4,large,610,0,0.000000,0.000000
4,large,611,1,0.353553,0.125000
4,large,612,1,0.250000,0.062500
4,large,613,1,0.353553,0.125000
4,large,614,1,0.250000,0.062500
4,large,615,1,0.353553,0.125000
4,large,616,0,0.000000,0.000000
4,large,617,0,0.000000,0.000000
4,large,618,1,0.353553,0.125000
4,large,619,1,0.500000,0.250000
4,large,620,1,0.250000,0.062500
4,large,621,1,0.250000,0.062500
4,large,622,1,0.433013,0.187500
4,large,623,0,0.000000,0.000000
4,large,624,1,0.250000,0.062500
4,large,625,1,0.250000,0.062500
4,large,626,1,0.353553,0.125000
4,large,627,0,0.000000,0.000000
4,large,628,1,0.500000,0.250000
4,large,629,1,0.250000,0.062500
4,large,630,0,0.000000,0.000000
4,large,631,1,0.433013,0.187500
4,large,632,0,0.000000,0.000000
4,large,633,1,0.250000,0.062500
4,large,634,1,0.250000,0.062500
4,large,635,1,0.250000,0.062500
4,large,636,1,0.353553,0.125000
4,large,637,1,0.433013,0.187500
4,large,638,0,0.000000,0.000000
4,large,639,1,0.433013,0.187500
4,large,640,1,0.559017,0.312500
4,large,641,0,0.000000,0.000000
4,large,642,1,0.250000,0.062500
4,large,643,0,0.000000,0.000000
4,large,644,1,0.500000,0.250000
4,large,645,1,0.250000,0.062500
4,large,646,1,0.433013,0.187500
4,large,647,1,0.500000,0.250000
4,large,648,0,0.000000,0.000000
4,large,649,0,0.000000,0.000000
4,large,650,0,0.000000,0.000000
4,large,651,1,0.353553,0.125000
4,large,652,1,0.433013,0.187500
4,large,653,1,0.433013,0.187500
4,large,654,1,0.250000,0.062500
4,large,655,0,0.000000,0.000000
4,large,656,1,0.250000,0.062500
4,large,657,0,0.000000,0.000000
4,large,658,0,0.000000,0.000000
4,large,659,1,0.353553,0.125000
4,large,660,1,0.250000,0.062500
4,large,661,1,0.353553,0.125000
4,large,662,1,0.353553,0.125000
4,large,663,1,0.353553,0.125000
4,large,664,1,0.250000,0.062500
4,large,665,1,0.433013,0.187500
4,large,666,0,0.000000,0.000000
4,large,667,0,0.000000,0.000000
4,large,668,1,0.500000,0.250000
4,large,669,1,0.433013,0.187500
4,large,670,0,0.000000,0.000000
4,large,671,1,0.353553,0.125000
4,large,672,1,0.433013,0.187500
4,large,673,0,0.000000,0.000000
4,large,674,0,0.000000,0.000000
4,large,675,0,0.000000,0.000000
4,large,676,1,0.250000,0.062500
4,large,677,1,0.250000,0.062500
4,large,678,0,0.000000,0.000000
4,large,679,0,0.000000,0.000000
4,large,680,1,0.353553,0.125000
4,large,681,1,0.353553,0.125000
4,large,682,1,0.353553,0.125000
4,large,683,1,0.353553,0.125000
4,large,684,1,0.353553,0.125000
4,large,685,1,0.250000,0.062500
4,large,686,0,0.000000,0.000000
4,large,687,1,0.250000,0.062500
4,large,688,1,0.353553,0.125000
4,large,689,1,0.250000,0.062500
4,large,690,1,0.433013,0.187500
4,large,691,1,0.250000,0.062500
4,large,692,1,0.250000,0.062500
4,large,693,1,0.500000,0.250000
4,large,694,0,0.000000,0.000000
4,large,695,1,0.353553,0.125000
4,large,696,1,0.250000,0.062500
4,large,697,1,0.353553,0.125000
4,large,698,1,0.353553,0.125000
4,large,699,1,0.250000,0.062500
4,large,700,1,0.353553,0.125000
4,large,701,1,0.353553,0.125000
4,large,702,1,0.500000,0.250000
4,large,703,1,0.250000,0.062500
4,large,704,1,0.500000,0.250000
4,large,705,1,0.433013,0.187500
4,large,706,1,0.250000,0.062500
4,large,707,0,0.000000,0.000000
4,large,708,1,0.500000,0.250000
4,large,709,1,0.250000,0.062500
4,large,710,0,0.000000,0.000000
4,large,711,1,0.559017,0.312500
4,large,712,1,0.250000,0.062500
4,large,713,0,0.000000,0.000000
4,large,714,1,0.559017,0.312500
4,large,715,1,0.433013,0.187500
4,large,716,1,0.353553,0.125000
4,large,717,1,0.250000,0.062500
4,large,718,0,0.000000,0.000000
4,large,719,1,0.250000,0.062500
4,large,720,1,0.433013,0.187500
4,large,721,0,0.000000,0.000000
4,large,722,1,0.353553,0.125000
4,large,723,1,0.353553,0.125000
4,large,724,0,0.000000,0.000000
4,large,725,0,0.000000,0.000000
4,large,726,1,0.250000,0.062500
4,large,727,1,0.250000,0.062500
4,large,728,1,0.250000,0.062500
4,large,729,1,0.353553,0.125000
4,large,730,0,0.000000,0.000000
4,large,731,0,0.000000,0.000000
4,large,732,1,0.353553,0.125000
4,large,733,1,0.353553,0.125000
4,large,734,1,0.250000,0.062500
4,large,735,1,0.433013,0.187500
4,large,736,1,0.250000,0.062500
4,large,737,0,0.000000,0.000000
4,large,738,1,0.250000,0.062500
4,large,739,1,0.250000,0.062500
4,large,740,1,0.250000,0.062500
4,large,741,1,0.250000,0.062500
4,large,742,1,0.250000,0.062500
4,large,743,1,0.433013,0.187500
4,large,744,0,0.000000,0.000000
4,large,745,1,0.353553,0.125000
4,large,746,1,0.353553,0.125000
4,large,747,1,0.250000,0.062500
4,large,748,1,0.559017,0.312500
4,large,749,1,0.250000,0.062500
4,large,750,1,0.353553,0.125000
4,large,751,1,0.353553,0.125000
4,large,752,1,0.250000,0.062500
4,large,753,1,0.433013,0.187500
4,large,754,1,0.250000,0.062500
4,large,755,1,0.353553,0.125000
4,large,756,1,0.433013,0.187500
4,large,757,1,0.250000,0.062500
4,large,758,1,0.353553,0.125000
4,large,759,1,0.500000,0.250000
4,large,760,1,0.353553,0.125000
4,large,761,0,0.000000,0.000000
4,large,762,0,0.000000,0.000000
4,large,763,0,0.000000,0.000000
4,large,764,0,0.000000,0.000000
4,large,765,1,0.250000,0.062500
4,large,766,1,0.353553,0.125000
4,large,767,0,0.000000,0.000000
4,large,768,1,0.353553,0.125000
4,large,769,1,0.353553,0.125000
4,large,770,0,0.000000,0.000000
4,large,771,0,0.000000,0.000000
4,large,772,1,0.353553,0.125000
4,large,773,1,0.250000,0.062500
4,large,774,1,0.353553,0.125000
4,large,775,1,0.433013,0.187500
4,large,776,0,0.000000,0.000000
4,large,777,0,0.000000,0.000000
4,large,778,0,0.000000,0.000000
4,large,779,1,0.433013,0.187500
4,large,780,0,0.000000,0.000000
4,large,781,1,0.500000,0.250000
4,large,782,0,0.000000,0.000000
4,large,783,0,0.000000,0.000000
4,large,784,1,0.433013,0.187500
4,large,785,1,0.433013,0.187500
4,large,786,1,0.433013,0.187500
4,large,787,1,0.250000,0.062500
4,large,788,0,0.000000,0.000000
4,large,789,1,0.353553,0.125000
4,large,790,1,0.250000,0.062500
4,large,791,1,0.353553,0.125000
4,large,792,1,0.353553,0.125000
4,large,793,1,0.433013,0.187500
4,large,794,1,0.353553,0.125000
4,large,795,1,0.250000,0.062500
4,large,796,1,0.433013,0.187500
4,large,797,1,0.559017,0.312500
4,large,798,1,0.250000,0.062500
4,large,799,0,0.000000,0.000000
4,large,800,0,0.000000,0.000000
4,large,801,1,0.433013,0.187500
4,large,802,0,0.000000,0.000000
4,large,803,1,0.250000,0.062500
4,large,804,1,0.250000,0.062500
4,large,805,1,0.250000,0.062500
4,large,806,0,0.000000,0.000000
4,large,807,0,0.000000,0.000000
4,large,808,1,0.433013,0.187500
4,large,809,1,0.500000,0.250000
4,large,810,1,0.433013,0.187500
4,large,811,1,0.353553,0.125000
4,large,812,1,0.559017,0.312500
4,large,813,1,0.250000,0.062500
4,large,814,1,0.353553,0.125000
4,large,815,1,0.433013,0.187500
4,large,816,1,0.433013,0.187500
4,large,817,1,0.353553,0.125000
4,large,818,1,0.250000,0.062500
4,large,819,0,0.000000,0.000000
4,large,820,1,0.250000,0.062500
4,large,821,0,0.000000,0.000000
4,large,822,1,0.353553,0.125000
4,large,823,1,0.353553,0.125000
4,large,824,1,0.433013,0.187500
4,large,825,0,0.000000,0.000000
4,large,826,1,0.250000,0.062500
4,large,827,0,0.000000,0.000000
4,large,828,1,0.250000,0.062500
4,large,829,1,0.250000,0.062500
4,large,830,1,0.353553,0.125000
4,large,831,1,0.353553,0.125000
4,large,832,1,0.353553,0.125000
4,large,833,1,0.559017,0.312500
4,large,834,0,0.000000,0.000000
4,large,835,1,0.353553,0.125000
4,large,836,1,0.433013,0.187500
4,large,837,1,0.250000,0.062500
4,large,838,0,0.000000,0.000000
4,large,839,1,0.433013,0.187500
4,large,840,0,0.000000,0.000000
4,large,841,1,0.250000,0.062500
4,large,842,1,0.250000,0.062500
4,large,843,1,0.353553,0.125000
4,large,844,1,0.250000,0.062500
4,large,845,1,0.433013,0.187500
4,large,846,0,0.000000,0.000000
4,large,847,1,0.353553,0.125000
4,large,848,1,0.433013,0.187500
4,large,849,1,0.250000,0.062500
4,large,850,1,0.250000,0.062500
4,large,851,0,0.000000,0.000000
4,large,852,1,0.250000,0.062500
4,large,853,0,0.000000,0.000000
4,large,854,0,0.000000,0.000000
4,large,855,1,0.250000,0.062500
4,large,856,0,0.000000,0.000000
4,large,857,1,0.250000,0.062500
4,large,858,0,0.000000,0.000000
4,large,859,1,0.353553,0.125000
4,large,860,1,0.353553,0.125000
4,large,861,1,0.250000,0.062500
4,large,862,0,0.000000,0.000000
4,large,863,1,0.433013,0.187500
4,large,864,1,0.353553,0.125000
4,large,865,1,0.250000,0.062500
4,large,866,1,0.433013,0.187500
4,large,867,0,0.000000,0.000000
4,large,868,0,0.000000,0.000000
4,large,869,1,0.353553,0.125000
4,large,870,1,0.433013,0.187500
4,large,871,1,0.250000,0.062500
4,large,872,0,0.000000,0.000000
4,large,873,1,0.353553,0.125000
4,large,874,1,0.250000,0.062500
4,large,875,0,0.000000,0.000000
4,large,876,1,0.250000,0.062500
4,large,877,1,0.433013,0.187500
4,large,878,1,0.250000,0.062500
4,large,879,1,0.353553,0.125000
4,large,880,0,0.000000,0.000000
4,large,881,1,0.433013,0.187500
4,large,882,0,0.000000,0.000000
4,large,883,1,0.353553,0.125000
4,large,884,1,0.250000,0.062500
4,large,885,1,0.250000,0.062500
4,large,886,0,0.000000,0.000000
4,large,887,1,0.250000,0.062500
4,large,888,1,0.433013,0.187500
4,large,889,0,0.000000,0.000000
4,large,890,1,0.250000,0.062500
4,large,891,0,0.000000,0.000000
4,large,892,1,0.353553,0.125000
4,large,893,0,0.000000,0.000000
4,large,894,1,0.353553,0.125000
4,large,895,0,0.000000,0.000000
4,large,896,0,0.000000,0.000000
4,large,897,1,0.353553,0.125000
4,large,898,0,0.000000,0.000000
4,large,899,1,0.433013,0.187500
4,large,900,1,0.250000,0.062500
4,large,901,0,0.000000,0.000000
4,large,902,1,0.353553,0.125000
4,large,903,1,0.250000,0.062500
4,large,904,1,0.353553,0.125000
4,large,905,1,0.250000,0.062500
4,large,906,0,0.000000,0.000000
4,large,907,1,0.500000,0.250000
4,large,908,1,0.433013,0.187500
4,large,909,1,0.433013,0.187500
4,large,910,0,0.000000,0.000000
4,large,911,1,0.433013,0.187500
4,large,912,0,0.000000,0.000000
4,large,913,1,0.250000,0.062500
4,large,914,1,0.500000,0.250000
4,large,915,1,0.433013,0.187500
4,large,916,1,0.250000,0.062500
4,large,917,1,0.250000,0.062500
4,large,918,0,0.000000,0.000000
4,large,919,1,0.353553,0.125000
4,large,920,1,0.250000,0.062500
4,large,921,0,0.000000,0.000000
4,large,922,0,0.000000,0.000000
4,large,923,0,0.000000,0.000000
4,large,924,1,0.433013,0.187500
4,large,925,0,0.000000,0.000000
4,large,926,1,0.250000,0.062500
4,large,927,1,0.250000,0.062500
4,large,928,0,0.000000,0.000000
4,large,929,0,0.000000,0.000000
4,large,930,1,0.250000,0.062500
4,large,931,1,0.353553,0.125000
4,large,932,1,0.559017,0.312500
4,large,933,1,0.353553,0.125000
4,large,934,1,0.250000,0.062500
4,large,935,1,0.433013,0.187500
4,large,936,1,0.250000,0.062500
4,large,937,1,0.353553,0.125000
4,large,938,0,0.000000,0.000000
4,large,939,0,0.000000,0.000000
4,large,940,0,0.000000,0.000000
4,large,941,1,0.433013,0.187500
4,large,942,1,0.353553,0.125000
4,large,943,1,0.353553,0.125000
4,large,944,0,0.000000,0.000000
4,large,945,1,0.353553,0.125000
4,large,946,1,0.250000,0.062500
4,large,947,1,0.353553,0.125000
4,large,948,1,0.500000,0.250000
4,large,949,1,0.250000,0.062500
4,large,950,0,0.000000,0.000000
4,large,951,1,0.250000,0.062500
4,large,952,1,0.250000,0.062500
4,large,953,1,0.353553,0.125000
4,large,954,0,0.000000,0.000000
4,large,955,1,0.250000,0.062500
4,large,956,1,0.353553,0.125000
4,large,957,1,0.250000,0.062500
4,large,958,1,0.250000,0.062500
4,large,959,0,0.000000,0.000000
4,large,960,0,0.000000,0.000000
4,large,961,1,0.353553,0.125000
4,large,962,1,0.250000,0.062500
4,large,963,1,0.250000,0.062500
4,large,964,1,0.250000,0.062500
4,large,965,1,0.500000,0.250000
4,large,966,0,0.000000,0.000000
4,large,967,1,0.353553,0.125000
4,large,968,1,0.250000,0.062500
4,large,969,1,0.433013,0.187500
4,large,970,0,0.000000,0.000000
4,large,971,0,0.000000,0.000000
4,large,972,0,0.000000,0.000000
4,large,973,0,0.000000,0.000000
4,large,974,1,0.250000,0.062500
4,large,975,1,0.353553,0.125000
4,large,976,1,0.250000,0.062500
4,large,977,1,0.250000,0.062500
4,large,978,0,0.000000,0.000000
4,large,979,1,0.353553,0.125000
4,large,980,1,0.433013,0.187500
4,large,981,1,0.353553,0.125000
4,large,982,1,0.353553,0.125000
4,large,983,0,0.000000,0.000000
4,large,984,1,0.353553,0.125000
4,large,985,1,0.433013,0.187500
4,large,986,1,0.559017,0.312500
4,large,987,1,0.433013,0.187500
4,large,988,1,0.353553,0.125000
4,large,989,1,0.353553,0.125000
4,large,990,1,0.353553,0.125000
4,large,991,0,0.000000,0.000000
4,large,992,1,0.353553,0.125000
4,large,993,1,0.353553,0.125000
4,large,994,1,0.353553,0.125000
4,large,995,1,0.250000,0.062500
4,large,996,1,0.353553,0.125000
4,large,997,0,0.000000,0.000000
4,large,998,1,0.250000,0.062500
4,large,999,1,0.353553,0.125000
8,large,0,1,0.395285,0.156250
8,large,1,1,0.500000,0.250000
8,large,2,1,0.515388,0.265625
8,large,3,1,0.433013,0.187500
8,large,4,1,0.544862,0.296875
8,large,5,1,0.500000,0.250000
8,large,6,1,0.395285,0.156250
8,large,7,1,0.353553,0.125000
8,large,8,1,0.515388,0.265625
8,large,9,1,0.559017,0.312500
8,large,10,1,0.450694,0.203125
8,large,11,1,0.530330,0.281250
8,large,12,1,0.433013,0.187500
8,large,13,1,0.484123,0.234375
8,large,14,1,0.467707,0.218750
8,large,15,1,0.467707,0.218750
8,large,16,1,0.544862,0.296875
8,large,17,1,0.530330,0.281250
8,large,18,1,0.433013,0.187500
8,large,19,1,0.467707,0.218750
8,large,20,1,0.414578,0.171875
8,large,21,1,0.530330,0.281250
8,large,22,1,0.467707,0.218750
8,large,23,1,0.515388,0.265625
8,large,24,1,0.306186,0.093750
8,large,25,1,0.467707,0.218750
8,large,26,1,0.530330,0.281250
8,large,27,1,0.500000,0.250000
8,large,28,1,0.572822,0.328125
8,large,29,1,0.450694,0.203125
8,large,30,1,0.484123,0.234375
8,large,31,1,0.353553,0.125000
8,large,32,1,0.544862,0.296875
8,large,33,1,0.450694,0.203125
8,large,34,1,0.515388,0.265625
8,large,35,1,0.484123,0.234375
8,large,36,1,0.484123,0.234375
8,large,37,1,0.433013,0.187500
8,large,38,1,0.484123,0.234375
8,large,39,1,0.433013,0.187500
8,large,40,1,0.467707,0.218750
8,large,41,1,0.353553,0.125000
8,large,42,1,0.414578,0.171875
8,large,43,1,0.544862,0.296875
8,large,44,1,0.433013,0.187500
8,large,45,1,0.414578,0.171875
8,large,46,1,0.395285,0.156250
8,large,47,1,0.450694,0.203125
8,large,48,1,0.375000,0.140625
8,large,49,1,0.330719,0.109375
8,large,50,1,0.395285,0.156250
8,large,51,1,0.450694,0.203125
8,large,52,1,0.450694,0.203125
8,large,53,1,0.375000,0.140625
8,large,54,1,0.375000,0.140625
8,large,55,1,0.484123,0.234375
8,large,56,1,0.515388,0.265625
8,large,57,1,0.515388,0.265625
8,large,58,1,0.395285,0.156250
8,large,59,1,0.500000,0.250000
8,large,60,1,0.467707,0.218750
8,large,61,1,0.515388,0.265625
8,large,62,1,0.395285,0.156250
8,large,63,1,0.515388,0.265625
8,large,64,1,0.450694,0.203125
8,large,65,1,0.395285,0.156250
8,large,66,1,0.433013,0.187500
8,large,67,1,0.433013,0.187500
8,large,68,1,0.572822,0.328125
8,large,69,1,0.467707,0.218750
8,large,70,1,0.515388,0.265625
8,large,71,1,0.395285,0.156250
8,large,72,1,0.433013,0.187500
8,large,73,1,0.414578,0.171875
8,large,74,1,0.515388,0.265625
8,large,75,1,0.586302,0.343750
8,large,76,1,0.375000,0.140625
8,large,77,1,0.450694,0.203125
8,large,78,1,0.414578,0.171875
8,large,79,1,0.500000,0.250000
8,large,80,1,0.395285,0.156250
8,large,81,1,0.450694,0.203125
8,large,82,1,0.353553,0.125000
8,large,83,1,0.395285,0.156250
8,large,84,1,0.414578,0.171875
8,large,85,1,0.467707,0.218750
8,large,86,1,0.544862,0.296875
8,large,87,1,0.414578,0.171875
8,large,88,1,0.414578,0.171875
8,large,89,1,0.467707,0.218750
8,large,90,1,0.467707,0.218750
8,large,91,1,0.500000,0.250000
8,large,92,1,0.467707,0.218750
8,large,93,1,0.433013,0.187500
8,large,94,1,0.530330,0.281250
8,large,95,1,0.433013,0.187500
8,large,96,1,0.515388,0.265625
8,large,97,1,0.414578,0.171875
8,large,98,1,0.395285,0.156250
8,large,99,1,0.467707,0.218750
8,large,100,1,0.395285,0.156250
8,large,101,1,0.500000,0.250000
8,large,102,1,0.500000,0.250000
8,large,103,1,0.433013,0.187500
8,large,104,1,0.559017,0.312500
8,large,105,1,0.450694,0.203125
8,large,106,1,0.450694,0.203125
8,large,107,1,0.450694,0.203125
8,large,108,1,0.450694,0.203125
8,large,109,1,0.433013,0.187500
8,large,110,1,0.515388,0.265625
8,large,111,1,0.467707,0.218750
8,large,112,1,0.467707,0.218750
8,large,113,1,0.484123,0.234375
8,large,114,1,0.484123,0.234375
8,large,115,1,0.467707,0.218750
8,large,116,1,0.500000,0.250000
8,large,117,1,0.450694,0.203125
8,large,118,1,0.450694,0.203125
8,large,119,1,0.530330,0.281250
8,large,120,1,0.450694,0.203125
8,large,121,1,0.484123,0.234375
8,large,122,1,0.530330,0.281250
8,large,123,1,0.467707,0.218750
8,large,124,1,0.414578,0.171875
8,large,125,1,0.414578,0.171875
8,large,126,1,0.450694,0.203125
8,large,127,1,0.467707,0.218750
8,large,128,1,0.353553,0.125000
8,large,129,1,0.484123,0.234375
8,large,130,1,0.330719,0.109375
8,large,131,1,0.500000,0.250000
8,large,132,1,0.353553,0.125000
8,large,133,1,0.530330,0.281250
8,large,134,1,0.467707,0.218750
8,large,135,1,0.515388,0.265625
8,large,136,1,0.530330,0.281250
8,large,137,1,0.515388,0.265625
8,large,138,1,0.544862,0.296875
8,large,139,1,0.279508,0.078125
8,large,140,1,0.330719,0.109375
8,large,141,1,0.433013,0.187500
8,large,142,1,0.467707,0.218750
8,large,143,1,0.395285,0.156250
8,large,144,1,0.484123,0.234375
8,large,145,1,0.515388,0.265625
8,large,146,1,0.544862,0.296875
8,large,147,1,0.414578,0.171875
8,large,148,1,0.450694,0.203125
8,large,149,1,0.467707,0.218750
8,large,150,1,0.395285,0.156250
8,large,151,1,0.586302,0.343750
8,large,152,1,0.515388,0.265625
8,large,153,1,0.530330,0.281250
8,large,154,1,0.450694,0.203125
8,large,155,1,0.414578,0.171875
8,large,156,1,0.484123,0.234375
8,large,157,1,0.515388,0.265625
8,large,158,1,0.484123,0.234375
8,large,159,1,0.450694,0.203125
8,large,160,1,0.450694,0.203125
8,large,161,1,0.395285,0.156250
8,large,162,1,0.467707,0.218750
8,large,163,1,0.395285,0.156250
8,large,164,1,0.515388,0.265625
8,large,165,1,0.450694,0.203125
8,large,166,1,0.433013,0.187500
8,large,167,1,0.353553,0.125000
8,large,168,1,0.450694,0.203125
8,large,169,1,0.544862,0.296875
8,large,170,1,0.433013,0.187500
8,large,171,1,0.544862,0.296875
8,large,172,1,0.559017,0.312500
8,large,173,1,0.433013,0.187500
8,large,174,1,0.625000,0.390625
8,large,175,1,0.467707,0.218750
8,large,176,1,0.395285,0.156250
8,large,177,1,0.414578,0.171875
8,large,178,1,0.484123,0.234375
8,large,179,1,0.395285,0.156250
8,large,180,1,0.450694,0.203125
8,large,181,1,0.414578,0.171875
8,large,182,1,0.530330,0.281250
8,large,183,1,0.530330,0.281250
8,large,184,1,0.450694,0.203125
8,large,185,1,0.467707,0.218750
8,large,186,1,0.433013,0.187500
8,large,187,1,0.414578,0.171875
8,large,188,1,0.450694,0.203125
8,large,189,1,0.484123,0.234375
8,large,190,1,0.395285,0.156250
8,large,191,1,0.484123,0.234375
8,large,192,1,0.433013,0.187500
8,large,193,1,0.467707,0.218750
8,large,194,1,0.515388,0.265625
8,large,195,1,0.467707,0.218750
8,large,196,1,0.484123,0.234375
8,large,197,1,0.467707,0.218750
8,large,198,1,0.433013,0.187500
8,large,199,1,0.530330,0.281250
8,large,200,1,0.467707,0.218750
8,large,201,1,0.467707,0.218750
8,large,202,1,0.279508,0.078125
8,large,203,1,0.395285,0.156250
8,large,204,1,0.395285,0.156250
8,large,205,1,0.450694,0.203125
8,large,206,1,0.467707,0.218750
8,large,207,1,0.450694,0.203125
8,large,208,1,0.414578,0.171875
8,large,209,1,0.353553,0.125000
8,large,210,1,0.450694,0.203125
8,large,211,1,0.433013,0.187500
8,large,212,1,0.544862,0.296875
8,large,213,1,0.467707,0.218750
8,large,214,1,0.414578,0.171875
8,large,215,1,0.433013,0.187500
8,large,216,1,0.467707,0.218750
8,large,217,1,0.467707,0.218750
8,large,218,1,0.450694,0.203125
8,large,219,1,0.467707,0.218750
8,large,220,1,0.433013,0.187500
8,large,221,1,0.433013,0.187500
8,large,222,1,0.484123,0.234375
8,large,223,1,0.395285,0.156250
8,large,224,1,0.450694,0.203125
8,large,225,1,0.530330,0.281250
8,large,226,1,0.395285,0.156250
8,large,227,1,0.612372,0.375000
8,large,228,1,0.484123,0.234375
8,large,229,1,0.500000,0.250000
8,large,230,1,0.544862,0.296875
8,large,231,1,0.395285,0.156250
8,large,232,1,0.515388,0.265625
8,large,233,1,0.484123,0.234375
8,large,234,1,0.530330,0.281250
8,large,235,1,0.450694,0.203125
8,large,236,1,0.450694,0.203125
8,large,237,1,0.586302,0.343750
8,large,238,1,0.467707,0.218750
8,large,239,1,0.433013,0.187500
8,large,240,1,0.433013,0.187500
8,large,241,1,0.467707,0.218750
8,large,242,1,0.544862,0.296875
8,large,243,1,0.414578,0.171875
8,large,244,1,0.353553,0.125000
8,large,245,1,0.467707,0.218750
8,large,246,1,0.500000,0.250000
8,large,247,1,0.433013,0.187500
8,large,248,1,0.414578,0.171875
8,large,249,1,0.467707,0.218750
8,large,250,1,0.467707,0.218750
8,large,251,1,0.530330,0.281250
8,large,252,1,0.500000,0.250000
8,large,253,1,0.450694,0.203125
8,large,254,1,0.353553,0.125000
8,large,255,1,0.450694,0.203125
8,large,256,1,0.414578,0.171875
8,large,257,1,0.450694,0.203125
8,large,258,1,0.353553,0.125000
8,large,259,1,0.414578,0.171875
8,large,260,1,0.484123,0.234375
8,large,261,1,0.433013,0.187500
8,large,262,1,0.530330,0.281250
8,large,263,1,0.450694,0.203125
8,large,264,1,0.395285,0.156250
8,large,265,1,0.450694,0.203125
8,large,266,1,0.450694,0.203125
8,large,267,1,0.500000,0.250000
8,large,268,1,0.433013,0.187500
8,large,269,1,0.433013,0.187500
8,large,270,1,0.515388,0.265625
8,large,271,1,0.515388,0.265625
8,large,272,1,0.450694,0.203125
8,large,273,1,0.467707,0.218750
8,large,274,1,0.515388,0.265625
8,large,275,1,0.450694,0.203125
8,large,276,1,0.484123,0.234375
8,large,277,1,0.450694,0.203125
8,large,278,1,0.375000,0.140625
8,large,279,1,0.414578,0.171875
8,large,280,1,0.414578,0.171875
8,large,281,1,0.467707,0.218750
8,large,282,1,0.414578,0.171875
8,large,283,1,0.450694,0.203125
8,large,284,1,0.544862,0.296875
8,large,285,1,0.414578,0.171875
8,large,286,1,0.375000,0.140625
8,large,287,1,0.500000,0.250000
8,large,288,1,0.375000,0.140625
8,large,289,1,0.433013,0.187500
8,large,290,1,0.484123,0.234375
8,large,291,1,0.414578,0.171875
8,large,292,1,0.467707,0.218750
8,large,293,1,0.515388,0.265625
8,large,294,1,0.414578,0.171875
8,large,295,1,0.500000,0.250000
8,large,296,1,0.395285,0.156250
8,large,297,1,0.450694,0.203125
8,large,298,1,0.450694,0.203125
8,large,299,1,0.599479,0.359375
8,large,300,1,0.544862,0.296875
8,large,301,1,0.484123,0.234375
8,large,302,1,0.375000,0.140625
8,large,303,1,0.484123,0.234375
8,large,304,1,0.484123,0.234375
8,large,305,1,0.375000,0.140625
8,large,306,1,0.450694,0.203125
8,large,307,1,0.433013,0.187500
8,large,308,1,0.500000,0.250000
8,large,309,1,0.467707,0.218750
8,large,310,1,0.433013,0.187500
8,large,311,1,0.433013,0.187500
8,large,312,1,0.559017,0.312500
8,large,313,1,0.433013,0.187500
8,large,314,1,0.450694,0.203125
8,large,315,1,0.433013,0.187500
8,large,316,1,0.450694,0.203125
8,large,317,1,0.433013,0.187500
8,large,318,1,0.433013,0.187500
8,large,319,1,0.515388,0.265625
8,large,320,1,0.572822,0.328125
8,large,321,1,0.467707,0.218750
8,large,322,1,0.530330,0.281250
8,large,323,1,0.500000,0.250000
8,large,324,1,0.450694,0.203125
8,large,325,1,0.559017,0.312500
8,large,326,1,0.544862,0.296875
8,large,327,1,0.572822,0.328125
8,large,328,1,0.414578,0.171875
8,large,329,1,0.433013,0.187500
8,large,330,1,0.330719,0.109375
8,large,331,1,0.530330,0.281250
8,large,332,1,0.375000,0.140625
8,large,333,1,0.515388,0.265625
8,large,334,1,0.375000,0.140625
8,large,335,1,0.395285,0.156250
8,large,336,1,0.414578,0.171875
8,large,337,1,0.353553,0.125000
8,large,338,1,0.559017,0.312500
8,large,339,1,0.515388,0.265625
8,large,340,1,0.414578,0.171875
8,large,341,1,0.559017,0.312500
8,large,342,1,0.395285,0.156250
8,large,343,1,0.450694,0.203125
8,large,344,1,0.395285,0.156250
8,large,345,1,0.395285,0.156250
8,large,346,1,0.500000,0.250000
8,large,347,1,0.433013,0.187500
8,large,348,1,0.530330,0.281250
8,large,349,1,0.414578,0.171875
8,large,350,1,0.467707,0.218750
8,large,351,1,0.375000,0.140625
8,large,352,1,0.450694,0.203125
8,large,353,1,0.395285,0.156250
8,large,354,1,0.450694,0.203125
8,large,355,1,0.515388,0.265625
8,large,356,1,0.484123,0.234375
8,large,357,1,0.467707,0.218750
8,large,358,1,0.353553,0.125000
8,large,359,1,0.450694,0.203125
8,large,360,1,0.484123,0.234375
8,large,361,1,0.530330,0.281250
8,large,362,1,0.559017,0.312500
8,large,363,1,0.433013,0.187500
8,large,364,1,0.467707,0.218750
8,large,365,1,0.515388,0.265625
8,large,366,1,0.433013,0.187500
8,large,367,1,0.353553,0.125000
8,large,368,1,0.467707,0.218750
8,large,369,1,0.450694,0.203125
8,large,370,1,0.500000,0.250000
8,large,371,1,0.450694,0.203125
8,large,372,1,0.414578,0.171875
8,large,373,1,0.500000,0.250000
8,large,374,1,0.395285,0.156250
8,large,375,1,0.500000,0.250000
8,large,376,1,0.544862,0.296875
8,large,377,1,0.484123,0.234375
8,large,378,1,0.515388,0.265625
8,large,379,1,0.395285,0.156250
8,large,380,1,0.450694,0.203125
8,large,381,1,0.515388,0.265625
8,large,382,1,0.330719,0.109375
8,large,383,1,0.433013,0.187500
8,large,384,1,0.484123,0.234375
8,large,385,1,0.515388,0.265625
8,large,386,1,0.375000,0.140625
8,large,387,1,0.450694,0.203125
8,large,388,1,0.433013,0.187500
8,large,389,1,0.450694,0.203125
8,large,390,1,0.500000,0.250000
8,large,391,1,0.433013,0.187500
8,large,392,1,0.414578,0.171875
8,large,393,1,0.500000,0.250000
8,large,394,1,0.414578,0.171875
8,large,395,1,0.484123,0.234375
8,large,396,1,0.395285,0.156250
8,large,397,1,0.500000,0.250000
8,large,398,1,0.414578,0.171875
8,large,399,1,0.450694,0.203125
8,large,400,1,0.450694,0.203125
8,large,401,1,0.484123,0.234375
8,large,402,1,0.395285,0.156250
8,large,403,1,0.414578,0.171875
8,large,404,1,0.484123,0.234375
8,large,405,1,0.414578,0.171875
8,large,406,1,0.375000,0.140625
8,large,407,1,0.484123,0.234375
8,large,408,1,0.450694,0.203125
8,large,409,1,0.395285,0.156250
8,large,410,1,0.500000,0.250000
8,large,411,1,0.515388,0.265625
8,large,412,1,0.467707,0.218750
8,large,413,1,0.515388,0.265625
8,large,414,1,0.450694,0.203125
8,large,415,1,0.450694,0.203125
8,large,416,1,0.467707,0.218750
8,large,417,1,0.500000,0.250000
8,large,418,1,0.530330,0.281250
8,large,419,1,0.414578,0.171875
8,large,420,1,0.414578,0.171875
8,large,421,1,0.467707,0.218750
8,large,422,1,0.544862,0.296875
8,large,423,1,0.433013,0.187500
8,large,424,1,0.500000,0.250000
8,large,425,1,0.559017,0.312500
8,large,426,1,0.515388,0.265625
8,large,427,1,0.515388,0.265625
8,large,428,1,0.484123,0.234375
8,large,429,1,0.450694,0.203125
8,large,430,1,0.484123,0.234375
8,large,431,1,0.395285,0.156250
8,large,432,1,0.450694,0.203125
8,large,433,1,0.433013,0.187500
8,large,434,1,0.612372,0.375000
8,large,435,1,0.450694,0.203125
8,large,436,1,0.450694,0.203125
8,large,437,1,0.484123,0.234375
8,large,438,1,0.467707,0.218750
8,large,439,1,0.484123,0.234375
8,large,440,1,0.414578,0.171875
8,large,441,1,0.484123,0.234375
8,large,442,1,0.450694,0.203125
8,large,443,1,0.450694,0.203125
8,large,444,1,0.395285,0.156250
8,large,445,1,0.515388,0.265625
8,large,446,1,0.395285,0.156250
8,large,447,1,0.467707,0.218750
8,large,448,1,0.414578,0.171875
8,large,449,1,0.467707,0.218750
8,large,450,1,0.395285,0.156250
8,large,451,1,0.375000,0.140625
8,large,452,1,0.395285,0.156250
8,large,453,1,0.450694,0.203125
8,large,454,1,0.375000,0.140625
8,large,455,1,0.375000,0.140625
8,large,456,1,0.353553,0.125000
8,large,457,1,0.484123,0.234375
8,large,458,1,0.467707,0.218750
8,large,459,1,0.515388,0.265625
8,large,460,1,0.375000,0.140625
8,large,461,1,0.353553,0.125000
8,large,462,1,0.433013,0.187500
8,large,463,1,0.450694,0.203125
8,large,464,1,0.484123,0.234375
8,large,465,1,0.467707,0.218750
8,large,466,1,0.450694,0.203125
8,large,467,1,0.395285,0.156250
8,large,468,1,0.395285,0.156250
8,large,469,1,0.414578,0.171875
8,large,470,1,0.330719,0.109375
8,large,471,1,0.530330,0.281250
8,large,472,1,0.515388,0.265625
8,large,473,1,0.450694,0.203125
8,large,474,1,0.450694,0.203125
8,large,475,1,0.500000,0.250000
8,large,476,1,0.467707,0.218750
8,large,477,1,0.467707,0.218750
8,large,478,1,0.500000,0.250000
8,large,479,1,0.467707,0.218750
8,large,480,1,0.330719,0.109375
8,large,481,1,0.484123,0.234375
8,large,482,1,0.467707,0.218750
8,large,483,1,0.500000,0.250000
8,large,484,1,0.414578,0.171875
8,large,485,1,0.433013,0.187500
8,large,486,1,0.353553,0.125000
8,large,487,1,0.395285,0.156250
8,large,488,1,0.450694,0.203125
8,large,489,1,0.433013,0.187500
8,large,490,1,0.433013,0.187500
8,large,491,1,0.500000,0.250000
8,large,492,1,0.559017,0.312500
8,large,493,1,0.467707,0.218750
8,large,494,1,0.330719,0.109375
8,large,495,1,0.530330,0.281250
8,large,496,1,0.395285,0.156250
8,large,497,1,0.414578,0.171875
8,large,498,1,0.433013,0.187500
8,large,499,1,0.450694,0.203125
8,large,500,1,0.375000,0.140625
8,large,501,1,0.467707,0.218750
8,large,502,1,0.395285,0.156250
8,large,503,1,0.559017,0.312500
8,large,504,1,0.500000,0.250000
8,large,505,1,0.484123,0.234375
8,large,506,1,0.433013,0.187500
8,large,507,1,0.530330,0.281250
8,large,508,1,0.467707,0.218750
8,large,509,1,0.414578,0.171875
8,large,510,1,0.467707,0.218750
8,large,511,1,0.484123,0.234375
8,large,512,1,0.375000,0.140625
8,large,513,1,0.306186,0.093750
8,large,514,1,0.484123,0.234375
8,large,515,1,0.433013,0.187500
8,large,516,1,0.515388,0.265625
8,large,517,1,0.467707,0.218750
8,large,518,1,0.375000,0.140625
8,large,519,1,0.414578,0.171875
8,large,520,1,0.500000,0.250000
8,large,521,1,0.530330,0.281250
8,large,522,1,0.530330,0.281250
8,large,523,1,0.544862,0.296875
8,large,524,1,0.467707,0.218750
8,large,525,1,0.515388,0.265625
8,large,526,1,0.414578,0.171875
8,large,527,1,0.467707,0.218750
8,large,528,1,0.544862,0.296875
8,large,529,1,0.530330,0.281250
8,large,530,1,0.500000,0.250000
8,large,531,1,0.484123,0.234375
8,large,532,1,0.395285,0.156250
8,large,533,1,0.530330,0.281250
8,large,534,1,0.530330,0.281250
8,large,535,1,0.500000,0.250000
8,large,536,1,0.414578,0.171875
8,large,537,1,0.515388,0.265625
8,large,538,1,0.450694,0.203125
8,large,539,1,0.484123,0.234375
8,large,540,1,0.330719,0.109375
8,large,541,1,0.279508,0.078125
8,large,542,1,0.467707,0.218750
8,large,543,1,0.484123,0.234375
8,large,544,1,0.450694,0.203125
8,large,545,1,0.414578,0.171875
8,large,546,1,0.515388,0.265625
8,large,547,1,0.544862,0.296875
8,large,548,1,0.414578,0.171875
8,large,549,2,0.586302,0.312500
8,large,550,1,0.414578,0.171875
8,large,551,1,0.484123,0.234375
8,large,552,1,0.572822,0.328125
8,large,553,1,0.467707,0.218750
8,large,554,1,0.467707,0.218750
8,large,555,1,0.484123,0.234375
8,large,556,1,0.484123,0.234375
8,large,557,1,0.530330,0.281250
8,large,558,1,0.530330,0.281250
8,large,559,1,0.395285,0.156250
8,large,560,1,0.544862,0.296875
8,large,561,1,0.279508,0.078125
8,large,562,1,0.414578,0.171875
8,large,563,1,0.375000,0.140625
8,large,564,1,0.433013,0.187500
8,large,565,1,0.450694,0.203125
8,large,566,1,0.375000,0.140625
8,large,567,1,0.353553,0.125000
8,large,568,1,0.467707,0.218750
8,large,569,1,0.395285,0.156250
8,large,570,1,0.306186,0.093750
8,large,571,1,0.467707,0.218750
8,large,572,1,0.484123,0.234375
8,large,573,1,0.330719,0.109375
8,large,574,1,0.484123,0.234375
8,large,575,1,0.433013,0.187500
8,large,576,1,0.467707,0.218750
8,large,577,1,0.500000,0.250000
8,large,578,1,0.500000,0.250000
8,large,579,1,0.395285,0.156250
8,large,580,1,0.353553,0.125000
8,large,581,1,0.433013,0.187500
8,large,582,1,0.375000,0.140625
8,large,583,1,0.484123,0.234375
8,large,584,1,0.433013,0.187500
8,large,585,1,0.414578,0.171875
8,large,586,1,0.375000,0.140625
8,large,587,1,0.467707,0.218750
8,large,588,1,0.395285,0.156250
8,large,589,1,0.395285,0.156250
8,large,590,1,0.450694,0.203125
8,large,591,1,0.395285,0.156250
8,large,592,1,0.395285,0.156250
8,large,593,1,0.484123,0.234375
8,large,594,1,0.484123,0.234375
8,large,595,1,0.450694,0.203125
8,large,596,1,0.395285,0.156250
8,large,597,1,0.433013,0.187500
8,large,598,1,0.450694,0.203125
8,large,599,1,0.467707,0.218750
8,large,600,1,0.500000,0.250000
8,large,601,1,0.500000,0.250000
8,large,602,1,0.353553,0.125000
8,large,603,1,0.433013,0.187500
8,large,604,1,0.559017,0.312500
8,large,605,1,0.484123,0.234375
8,large,606,1,0.395285,0.156250
8,large,607,1,0.467707,0.218750
8,large,608,1,0.433013,0.187500
8,large,609,1,0.467707,0.218750
8,large,610,1,0.500000,0.250000
8,large,611,1,0.433013,0.187500
8,large,612,1,0.500000,0.250000
8,large,613,1,0.515388,0.265625
8,large,614,1,0.433013,0.187500
8,large,615,1,0.515388,0.265625
8,large,616,1,0.484123,0.234375
8,large,617,1,0.544862,0.296875
8,large,618,1,0.515388,0.265625
8,large,619,1,0.450694,0.203125
8,large,620,1,0.559017,0.312500
8,large,621,1,0.467707,0.218750
8,large,622,1,0.530330,0.281250
8,large,623,1,0.375000,0.140625
8,large,624,1,0.484123,0.234375
8,large,625,1,0.467707,0.218750
8,large,626,1,0.450694,0.203125
8,large,627,1,0.467707,0.218750
8,large,628,1,0.515388,0.265625
8,large,629,1,0.467707,0.218750
8,large,630,1,0.395285,0.156250
8,large,631,1,0.395285,0.156250
8,large,632,1,0.433013,0.187500
8,large,633,1,0.414578,0.171875
8,large,634,1,0.515388,0.265625
8,large,635,1,0.450694,0.203125
8,large,636,1,0.433013,0.187500
8,large,637,1,0.433013,0.187500
8,large,638,1,0.530330,0.281250
8,large,639,1,0.484123,0.234375
8,large,640,1,0.484123,0.234375
8,large,641,1,0.433013,0.187500
8,large,642,1,0.375000,0.140625
8,large,643,1,0.544862,0.296875
8,large,644,1,0.467707,0.218750
8,large,645,1,0.330719,0.109375
8,large,646,1,0.395285,0.156250
8,large,647,1,0.450694,0.203125
8,large,648,1,0.544862,0.296875
8,large,649,1,0.414578,0.171875
8,large,650,1,0.530330,0.281250
8,large,651,1,0.515388,0.265625
8,large,652,1,0.450694,0.203125
8,large,653,1,0.433013,0.187500
8,large,654,1,0.375000,0.140625
8,large,655,1,0.306186,0.093750
8,large,656,1,0.467707,0.218750
8,large,657,1,0.467707,0.218750
8,large,658,1,0.433013,0.187500
8,large,659,1,0.395285,0.156250
8,large,660,1,0.395285,0.156250
8,large,661,1,0.544862,0.296875
8,large,662,1,0.467707,0.218750
8,large,663,1,0.467707,0.218750
8,large,664,1,0.414578,0.171875
8,large,665,1,0.467707,0.218750
8,large,666,1,0.433013,0.187500
8,large,667,1,0.353553,0.125000
8,large,668,1,0.484123,0.234375
8,large,669,1,0.484123,0.234375
8,large,670,1,0.330719,0.109375
8,large,671,1,0.414578,0.171875
8,large,672,1,0.467707,0.218750
8,large,673,1,0.395285,0.156250
8,large,674,1,0.375000,0.140625
8,large,675,1,0.544862,0.296875
8,large,676,1,0.500000,0.250000
8,large,677,1,0.515388,0.265625
8,large,678,1,0.375000,0.140625
8,large,679,1,0.414578,0.171875
8,large,680,1,0.530330,0.281250
8,large,681,1,0.467707,0.218750
8,large,682,1,0.586302,0.343750
8,large,683,1,0.433013,0.187500
8,large,684,1,0.433013,0.187500
8,large,685,1,0.500000,0.250000
8,large,686,1,0.353553,0.125000
8,large,687,1,0.330719,0.109375
8,large,688,1,0.544862,0.296875
8,large,689,1,0.500000,0.250000
8,large,690,1,0.515388,0.265625
8,large,691,1,0.414578,0.171875
8,large,692,1,0.530330,0.281250
8,large,693,1,0.484123,0.234375
8,large,694,1,0.544862,0.296875
8,large,695,1,0.450694,0.203125
8,large,696,1,0.450694,0.203125
8,large,697,1,0.515388,0.265625
8,large,698,1,0.559017,0.312500
8,large,699,1,0.414578,0.171875
8,large,700,1,0.559017,0.312500
8,large,701,1,0.530330,0.281250
8,large,702,1,0.375000,0.140625
8,large,703,1,0.467707,0.218750
8,large,704,1,0.500000,0.250000
8,large,705,1,0.375000,0.140625
8,large,706,1,0.330719,0.109375
8,large,707,1,0.433013,0.187500
8,large,708,1,0.375000,0.140625
8,large,709,1,0.414578,0.171875
8,large,710,1,0.450694,0.203125
8,large,711,1,0.484123,0.234375
8,large,712,1,0.450694,0.203125
8,large,713,1,0.450694,0.203125
8,large,714,1,0.450694,0.203125
8,large,715,1,0.450694,0.203125
8,large,716,1,0.450694,0.203125
8,large,717,1,0.433013,0.187500
8,large,718,1,0.500000,0.250000
8,large,719,1,0.450694,0.203125
8,large,720,1,0.500000,0.250000
8,large,721,1,0.395285,0.156250
8,large,722,1,0.530330,0.281250
8,large,723,1,0.433013,0.187500
8,large,724,1,0.450694,0.203125
8,large,725,1,0.484123,0.234375
8,large,726,1,0.467707,0.218750
8,large,727,1,0.467707,0.218750
8,large,728,1,0.450694,0.203125
8,large,729,1,0.414578,0.171875
8,large,730,1,0.467707,0.218750
8,large,731,1,0.467707,0.218750
8,large,732,1,0.450694,0.203125
8,large,733,1,0.467707,0.218750
8,large,734,1,0.467707,0.218750
8,large,735,1,0.414578,0.171875
8,large,736,1,0.375000,0.140625
8,large,737,1,0.450694,0.203125
8,large,738,1,0.433013,0.187500
8,large,739,1,0.467707,0.218750
8,large,740,1,0.515388,0.265625
8,large,741,1,0.414578,0.171875
8,large,742,1,0.450694,0.203125
8,large,743,1,0.544862,0.296875
8,large,744,1,0.414578,0.171875
8,large,745,1,0.484123,0.234375
8,large,746,1,0.500000,0.250000
8,large,747,1,0.572822,0.328125
8,large,748,1,0.515388,0.265625
8,large,749,1,0.484123,0.234375
8,large,750,1,0.586302,0.343750
8,large,751,1,0.467707,0.218750
8,large,752,1,0.433013,0.187500
8,large,753,1,0.375000,0.140625
8,large,754,1,0.450694,0.203125
8,large,755,1,0.433013,0.187500
8,large,756,1,0.530330,0.281250
8,large,757,1,0.414578,0.171875
8,large,758,1,0.395285,0.156250
8,large,759,1,0.353553,0.125000
8,large,760,1,0.450694,0.203125
8,large,761,1,0.559017,0.312500
8,large,762,1,0.353553,0.125000
8,large,763,1,0.353553,0.125000
8,large,764,1,0.433013,0.187500
8,large,765,1,0.450694,0.203125
8,large,766,1,0.544862,0.296875
8,large,767,1,0.433013,0.187500
8,large,768,1,0.515388,0.265625
8,large,769,1,0.395285,0.156250
8,large,770,1,0.450694,0.203125
8,large,771,1,0.433013,0.187500
8,large,772,1,0.450694,0.203125
8,large,773,1,0.484123,0.234375
8,large,774,1,0.395285,0.156250
8,large,775,1,0.395285,0.156250
8,large,776,1,0.515388,0.265625
8,large,777,1,0.433013,0.187500
8,large,778,1,0.450694,0.203125
8,large,779,1,0.484123,0.234375
8,large,780,1,0.450694,0.203125
8,large,781,1,0.395285,0.156250
8,large,782,1,0.450694,0.203125
8,large,783,1,0.395285,0.156250
8,large,784,1,0.450694,0.203125
8,large,785,1,0.395285,0.156250
8,large,786,1,0.414578,0.171875
8,large,787,1,0.395285,0.156250
8,large,788,1,0.467707,0.218750
8,large,789,1,0.500000,0.250000
8,large,790,1,0.353553,0.125000
8,large,791,1,0.395285,0.156250
8,large,792,1,0.395285,0.156250
8,large,793,1,0.450694,0.203125
8,large,794,1,0.395285,0.156250
8,large,795,1,0.450694,0.203125
8,large,796,1,0.395285,0.156250
8,large,797,1,0.450694,0.203125
8,large,798,1,0.450694,0.203125
8,large,799,1,0.395285,0.156250
8,large,800,1,0.414578,0.171875
8,large,801,1,0.515388,0.265625
8,large,802,1,0.414578,0.171875
8,large,803,1,0.467707,0.218750
8,large,804,1,0.395285,0.156250
8,large,805,1,0.484123,0.234375
8,large,806,1,0.330719,0.109375
8,large,807,1,0.433013,0.187500
8,large,808,1,0.467707,0.218750
8,large,809,1,0.433013,0.187500
8,large,810,1,0.500000,0.250000
8,large,811,1,0.572822,0.328125
8,large,812,1,0.467707,0.218750
8,large,813,1,0.414578,0.171875
8,large,814,1,0.433013,0.187500
8,large,815,1,0.433013,0.187500
8,large,816,1,0.559017,0.312500
8,large,817,1,0.375000,0.140625
8,large,818,1,0.500000,0.250000
8,large,819,1,0.433013,0.187500
8,large,820,1,0.484123,0.234375
8,large,821,1,0.467707,0.218750
8,large,822,1,0.484123,0.234375
8,large,823,1,0.467707,0.218750
8,large,824,1,0.353553,0.125000
8,large,825,1,0.544862,0.296875
8,large,826,1,0.433013,0.187500
8,large,827,1,0.450694,0.203125
8,large,828,1,0.467707,0.218750
8,large,829,1,0.530330,0.281250
8,large,830,1,0.450694,0.203125
8,large,831,1,0.484123,0.234375
8,large,832,1,0.467707,0.218750
8,large,833,1,0.484123,0.234375
8,large,834,1,0.515388,0.265625
8,large,835,1,0.500000,0.250000
8,large,836,1,0.515388,0.265625
8,large,837,1,0.530330,0.281250
8,large,838,1,0.450694,0.203125
8,large,839,1,0.559017,0.312500
8,large,840,1,0.515388,0.265625
8,large,841,1,0.559017,0.312500
8,large,842,1,0.572822,0.328125
8,large,843,1,0.467707,0.218750
8,large,844,1,0.433013,0.187500
8,large,845,1,0.414578,0.171875
8,large,846,1,0.500000,0.250000
8,large,847,1,0.467707,0.218750
8,large,848,1,0.467707,0.218750
8,large,849,1,0.515388,0.265625
8,large,850,1,0.484123,0.234375
8,large,851,1,0.395285,0.156250
8,large,852,1,0.395285,0.156250
8,large,853,1,0.433013,0.187500
8,large,854,1,0.375000,0.140625
8,large,855,1,0.395285,0.156250
8,large,856,1,0.375000,0.140625
8,large,857,1,0.500000,0.250000
8,large,858,1,0.395285,0.156250
8,large,859,1,0.450694,0.203125
8,large,860,1,0.450694,0.203125
8,large,861,1,0.559017,0.312500
8,large,862,1,0.467707,0.218750
8,large,863,1,0.433013,0.187500
8,large,864,1,0.450694,0.203125
8,large,865,1,0.433013,0.187500
8,large,866,1,0.500000,0.250000
8,large,867,1,0.515388,0.265625
8,large,868,1,0.433013,0.187500
8,large,869,1,0.530330,0.281250
8,large,870,1,0.467707,0.218750
8,large,871,1,0.530330,0.281250
8,large,872,1,0.433013,0.187500
8,large,873,1,0.515388,0.265625
8,large,874,1,0.484123,0.234375
8,large,875,1,0.414578,0.171875
8,large,876,1,0.467707,0.218750
8,large,877,1,0.515388,0.265625
8,large,878,1,0.433013,0.187500
8,large,879,1,0.559017,0.312500
8,large,880,1,0.530330,0.281250
8,large,881,1,0.353553,0.125000
8,large,882,1,0.395285,0.156250
8,large,883,1,0.330719,0.109375
8,large,884,1,0.467707,0.218750
8,large,885,1,0.414578,0.171875
8,large,886,1,0.530330,0.281250
8,large,887,1,0.515388,0.265625
8,large,888,1,0.484123,0.234375
8,large,889,1,0.500000,0.250000
8,large,890,1,0.500000,0.250000
8,large,891,1,0.375000,0.140625
8,large,892,1,0.515388,0.265625
8,large,893,1,0.414578,0.171875
8,large,894,1,0.530330,0.281250
8,large,895,1,0.330719,0.109375
8,large,896,1,0.530330,0.281250
8,large,897,1,0.433013,0.187500
8,large,898,1,0.467707,0.218750
8,large,899,1,0.544862,0.296875
8,large,900,1,0.484123,0.234375
8,large,901,1,0.433013,0.187500
8,large,902,1,0.484123,0.234375
8,large,903,1,0.353553,0.125000
8,large,904,1,0.484123,0.234375
8,large,905,1,0.375000,0.140625
8,large,906,1,0.395285,0.156250
8,large,907,1,0.467707,0.218750
8,large,908,1,0.433013,0.187500
8,large,909,1,0.467707,0.218750
8,large,910,1,0.433013,0.187500
8,large,911,1,0.306186,0.093750
8,large,912,1,0.530330,0.281250
8,large,913,1,0.467707,0.218750
8,large,914,1,0.484123,0.234375
8,large,915,1,0.414578,0.171875
8,large,916,1,0.450694,0.203125
8,large,917,1,0.559017,0.312500
8,large,918,1,0.375000,0.140625
8,large,919,1,0.433013,0.187500
8,large,920,1,0.414578,0.171875
8,large,921,1,0.530330,0.281250
8,large,922,1,0.530330,0.281250
8,large,923,1,0.395285,0.156250
8,large,924,1,0.484123,0.234375
8,large,925,1,0.484123,0.234375
8,large,926,1,0.500000,0.250000
8,large,927,1,0.544862,0.296875
8,large,928,1,0.530330,0.281250
8,large,929,1,0.484123,0.234375
8,large,930,1,0.450694,0.203125
8,large,931,1,0.484123,0.234375
8,large,932,1,0.467707,0.218750
8,large,933,1,0.395285,0.156250
8,large,934,1,0.433013,0.187500
8,large,935,1,0.330719,0.109375
8,large,936,1,0.450694,0.203125
8,large,937,1,0.515388,0.265625
8,large,938,1,0.467707,0.218750
8,large,939,1,0.500000,0.250000
8,large,940,1,0.353553,0.125000
8,large,941,1,0.484123,0.234375
8,large,942,1,0.467707,0.218750
8,large,943,1,0.433013,0.187500
8,large,944,1,0.467707,0.218750
8,large,945,1,0.467707,0.218750
8,large,946,1,0.450694,0.203125
8,large,947,1,0.353553,0.125000
8,large,948,1,0.530330,0.281250
8,large,949,1,0.500000,0.250000
8,large,950,1,0.414578,0.171875
8,large,951,1,0.467707,0.218750
8,large,952,1,0.572822,0.328125
8,large,953,1,0.450694,0.203125
8,large,954,1,0.484123,0.234375
8,large,955,1,0.433013,0.187500
8,large,956,1,0.450694,0.203125
8,large,957,1,0.484123,0.234375
8,large,958,1,0.484123,0.234375
8,large,959,1,0.306186,0.093750
8,large,960,1,0.433013,0.187500
8,large,961,1,0.414578,0.171875
8,large,962,1,0.450694,0.203125
8,large,963,1,0.395285,0.156250
8,large,964,1,0.467707,0.218750
8,large,965,1,0.450694,0.203125
8,large,966,1,0.450694,0.203125
8,large,967,1,0.414578,0.171875
8,large,968,1,0.450694,0.203125
8,large,969,1,0.484123,0.234375
8,large,970,1,0.450694,0.203125
8,large,971,1,0.500000,0.250000
8,large,972,1,0.330719,0.109375
8,large,973,1,0.544862,0.296875
8,large,974,1,0.530330,0.281250
8,large,975,1,0.414578,0.171875
8,large,976,1,0.544862,0.296875
8,large,977,1,0.433013,0.187500
8,large,978,1,0.515388,0.265625
8,large,979,1,0.484123,0.234375
8,large,980,1,0.395285,0.156250
8,large,981,1,0.433013,0.187500
8,large,982,1,0.467707,0.218750
8,large,983,1,0.433013,0.187500
8,large,984,1,0.433013,0.187500
8,large,985,1,0.353553,0.125000
8,large,986,1,0.544862,0.296875
8,large,987,1,0.414578,0.171875
8,large,988,1,0.450694,0.203125
8,large,989,1,0.375000,0.140625
8,large,990,1,0.500000,0.250000
8,large,991,1,0.544862,0.296875
8,large,992,1,0.414578,0.171875
8,large,993,1,0.375000,0.140625
8,large,994,1,0.395285,0.156250
8,large,995,1,0.450694,0.203125
8,large,996,1,0.544862,0.296875
8,large,997,1,0.559017,0.312500
8,large,998,1,0.500000,0.250000
8,large,999,1,0.530330,0.281250
16,large,0,1,0.405046,0.164062
16,large,1,1,0.488141,0.238281
16,large,2,1,0.480072,0.230469
16,large,3,1,0.385276,0.148438
16,large,4,1,0.433013,0.187500
16,large,5,1,0.414578,0.171875
16,large,6,1,0.400195,0.160156
16,large,7,1,0.475986,0.226562
16,large,8,1,0.428478,0.183594
16,large,9,1,0.446339,0.199219
16,large,10,1,0.441942,0.195312
16,large,11,1,0.475986,0.226562
16,large,12,1,0.463512,0.214844
16,large,13,1,0.428478,0.183594
16,large,14,1,0.475986,0.226562
16,large,15,1,0.400195,0.160156
16,large,16,1,0.437500,0.191406
16,large,17,1,0.419263,0.175781
16,large,18,1,0.455007,0.207031
16,large,19,1,0.423896,0.179688
16,large,20,1,0.395285,0.156250
16,large,21,1,0.467707,0.218750
16,large,22,1,0.463512,0.214844
16,large,23,1,0.414578,0.171875
16,large,24,1,0.467707,0.218750
16,large,25,1,0.450694,0.203125
16,large,26,1,0.400195,0.160156
16,large,27,1,0.503891,0.253906
16,large,28,1,0.419263,0.175781
16,large,29,1,0.428478,0.183594
16,large,30,1,0.459279,0.210938
16,large,31,1,0.467707,0.218750
16,large,32,1,0.390312,0.152344
16,large,33,1,0.405046,0.164062
16,large,34,1,0.455007,0.207031
16,large,35,1,0.441942,0.195312
16,large,36,1,0.414578,0.171875
16,large,37,1,0.419263,0.175781
16,large,38,1,0.450694,0.203125
16,large,39,1,0.419263,0.175781
16,large,40,1,0.484123,0.234375
16,large,41,1,0.414578,0.171875
16,large,42,1,0.475986,0.226562
16,large,43,1,0.423896,0.179688
16,large,44,1,0.450694,0.203125
16,large,45,1,0.419263,0.175781
16,large,46,1,0.480072,0.230469
16,large,47,1,0.471865,0.222656
16,large,48,1,0.409840,0.167969
16,large,49,1,0.459279,0.210938
16,large,50,1,0.475986,0.226562
16,large,51,1,0.492125,0.242188
16,large,52,1,0.364434,0.132812
16,large,53,1,0.450694,0.203125
16,large,54,1,0.437500,0.191406
16,large,55,1,0.459279,0.210938
16,large,56,1,0.455007,0.207031
16,large,57,1,0.455007,0.207031
16,large,58,1,0.405046,0.164062
16,large,59,1,0.419263,0.175781
16,large,60,1,0.400195,0.160156
16,large,61,1,0.455007,0.207031
16,large,62,1,0.395285,0.156250
16,large,63,1,0.480072,0.230469
16,large,64,1,0.419263,0.175781
16,large,65,1,0.409840,0.167969
16,large,66,1,0.405046,0.164062
16,large,67,1,0.428478,0.183594
16,large,68,1,0.375000,0.140625
16,large,69,1,0.414578,0.171875
16,large,70,1,0.409840,0.167969
16,large,71,1,0.419263,0.175781
16,large,72,1,0.492125,0.242188
16,large,73,1,0.480072,0.230469
16,large,74,1,0.428478,0.183594
16,large,75,1,0.441942,0.195312
16,large,76,1,0.480072,0.230469
16,large,77,1,0.471865,0.222656
16,large,78,1,0.455007,0.207031
16,large,79,1,0.428478,0.183594
16,large,80,1,0.455007,0.207031
16,large,81,1,0.450694,0.203125
16,large,82,1,0.459279,0.210938
16,large,83,1,0.463512,0.214844
16,large,84,1,0.467707,0.218750
16,large,85,1,0.507752,0.257812
16,large,86,1,0.446339,0.199219
16,large,87,1,0.433013,0.187500
16,large,88,1,0.475986,0.226562
16,large,89,1,0.488141,0.238281
16,large,90,1,0.450694,0.203125
16,large,91,1,0.459279,0.210938
16,large,92,1,0.484123,0.234375
16,large,93,1,0.463512,0.214844
16,large,94,1,0.450694,0.203125
16,large,95,1,0.446339,0.199219
16,large,96,1,0.433013,0.187500
16,large,97,1,0.492125,0.242188
16,large,98,1,0.475986,0.226562
16,large,99,1,0.428478,0.183594
16,large,100,1,0.507752,0.257812
16,large,101,1,0.492125,0.242188
16,large,102,1,0.488141,0.238281
16,large,103,1,0.450694,0.203125
16,large,104,1,0.395285,0.156250
16,large,105,1,0.467707,0.218750
16,large,106,1,0.405046,0.164062
16,large,107,1,0.450694,0.203125
16,large,108,1,0.428478,0.183594
16,large,109,1,0.423896,0.179688
16,large,110,1,0.414578,0.171875
16,large,111,1,0.446339,0.199219
16,large,112,1,0.414578,0.171875
16,large,113,1,0.455007,0.207031
16,large,114,1,0.455007,0.207031
16,large,115,1,0.441942,0.195312
16,large,116,1,0.437500,0.191406
16,large,117,1,0.471865,0.222656
16,large,118,1,0.484123,0.234375
16,large,119,1,0.484123,0.234375
16,large,120,1,0.409840,0.167969
16,large,121,1,0.419263,0.175781
16,large,122,1,0.480072,0.230469
16,large,123,1,0.433013,0.187500
16,large,124,1,0.441942,0.195312
16,large,125,1,0.414578,0.171875
16,large,126,1,0.433013,0.187500
16,large,127,1,0.484123,0.234375
16,large,128,1,0.414578,0.171875
16,large,129,1,0.441942,0.195312
16,large,130,1,0.400195,0.160156
16,large,131,1,0.450694,0.203125
16,large,132,1,0.433013,0.187500
16,large,133,1,0.441942,0.195312
16,large,134,1,0.475986,0.226562
16,large,135,1,0.463512,0.214844
16,large,136,1,0.423896,0.179688
16,large,137,1,0.480072,0.230469
16,large,138,1,0.471865,0.222656
16,large,139,1,0.405046,0.164062
16,large,140,1,0.475986,0.226562
16,large,141,1,0.405046,0.164062
16,large,142,1,0.409840,0.167969
16,large,143,1,0.471865,0.222656
16,large,144,1,0.446339,0.199219
16,large,145,1,0.484123,0.234375
16,large,146,1,0.405046,0.164062
16,large,147,1,0.459279,0.210938
16,large,148,1,0.459279,0.210938
16,large,149,1,0.433013,0.187500
16,large,150,1,0.455007,0.207031
16,large,151,1,0.450694,0.203125
16,large,152,1,0.450694,0.203125
16,large,153,1,0.475986,0.226562
16,large,154,1,0.488141,0.238281
16,large,155,1,0.450694,0.203125
16,large,156,1,0.419263,0.175781
16,large,157,1,0.463512,0.214844
16,large,158,1,0.467707,0.218750
16,large,159,1,0.428478,0.183594
16,large,160,1,0.423896,0.179688
16,large,161,1,0.475986,0.226562
16,large,162,1,0.409840,0.167969
16,large,163,1,0.471865,0.222656
16,large,164,1,0.433013,0.187500
16,large,165,1,0.459279,0.210938
16,large,166,1,0.419263,0.175781
16,large,167,1,0.380173,0.144531
16,large,168,1,0.423896,0.179688
16,large,169,1,0.446339,0.199219
16,large,170,1,0.475986,0.226562
16,large,171,1,0.459279,0.210938
16,large,172,1,0.437500,0.191406
16,large,173,1,0.428478,0.183594
16,large,174,1,0.463512,0.214844
16,large,175,1,0.488141,0.238281
16,large,176,1,0.446339,0.199219
16,large,177,1,0.446339,0.199219
16,large,178,1,0.467707,0.218750
16,large,179,1,0.455007,0.207031
16,large,180,1,0.423896,0.179688
16,large,181,1,0.419263,0.175781
16,large,182,1,0.433013,0.187500
16,large,183,1,0.446339,0.199219
16,large,184,1,0.437500,0.191406
16,large,185,1,0.419263,0.175781
16,large,186,1,0.446339,0.199219
16,large,187,1,0.471865,0.222656
16,large,188,1,0.475986,0.226562
16,large,189,1,0.446339,0.199219
16,large,190,1,0.441942,0.195312
16,large,191,1,0.433013,0.187500
16,large,192,1,0.471865,0.222656
16,large,193,1,0.433013,0.187500
16,large,194,1,0.463512,0.214844
16,large,195,1,0.437500,0.191406
16,large,196,1,0.446339,0.199219
16,large,197,1,0.450694,0.203125
16,large,198,1,0.395285,0.156250
16,large,199,1,0.471865,0.222656
16,large,200,1,0.507752,0.257812
16,large,201,1,0.428478,0.183594
16,large,202,1,0.475986,0.226562
16,large,203,1,0.428478,0.183594
16,large,204,1,0.463512,0.214844
16,large,205,1,0.450694,0.203125
16,large,206,1,0.433013,0.187500
16,large,207,1,0.423896,0.179688
16,large,208,1,0.480072,0.230469
16,large,209,1,0.441942,0.195312
16,large,210,1,0.455007,0.207031
16,large,211,1,0.484123,0.234375
16,large,212,1,0.441942,0.195312
16,large,213,1,0.484123,0.234375
16,large,214,1,0.480072,0.230469
16,large,215,1,0.428478,0.183594
16,large,216,1,0.455007,0.207031
16,large,217,1,0.433013,0.187500
16,large,218,1,0.405046,0.164062
16,large,219,1,0.428478,0.183594
16,large,220,1,0.414578,0.171875
16,large,221,1,0.446339,0.199219
16,large,222,1,0.496078,0.246094
16,large,223,1,0.405046,0.164062
16,large,224,1,0.428478,0.183594
16,large,225,1,0.500000,0.250000
16,large,226,1,0.500000,0.250000
16,large,227,1,0.475986,0.226562
16,large,228,1,0.428478,0.183594
16,large,229,1,0.441942,0.195312
16,large,230,1,0.419263,0.175781
16,large,231,1,0.484123,0.234375
16,large,232,1,0.433013,0.187500
16,large,233,1,0.463512,0.214844
16,large,234,1,0.380173,0.144531
16,large,235,1,0.400195,0.160156
16,large,236,1,0.480072,0.230469
16,large,237,1,0.433013,0.187500
16,large,238,1,0.400195,0.160156
16,large,239,1,0.446339,0.199219
16,large,240,1,0.488141,0.238281
16,large,241,1,0.463512,0.214844
16,large,242,1,0.519164,0.269531
16,large,243,1,0.428478,0.183594
16,large,244,1,0.428478,0.183594
16,large,245,1,0.488141,0.238281
16,large,246,1,0.475986,0.226562
16,large,247,1,0.405046,0.164062
16,large,248,1,0.471865,0.222656
16,large,249,1,0.428478,0.183594
16,large,250,1,0.450694,0.203125
16,large,251,1,0.450694,0.203125
16,large,252,1,0.450694,0.203125
16,large,253,1,0.419263,0.175781
16,large,254,1,0.437500,0.191406
16,large,255,1,0.471865,0.222656
16,large,256,1,0.423896,0.179688
16,large,257,1,0.484123,0.234375
16,large,258,1,0.405046,0.164062
16,large,259,1,0.450694,0.203125
16,large,260,1,0.450694,0.203125
16,large,261,1,0.441942,0.195312
16,large,262,1,0.484123,0.234375
16,large,263,1,0.488141,0.238281
16,large,264,1,0.450694,0.203125
16,large,265,1,0.441942,0.195312
16,large,266,1,0.405046,0.164062
16,large,267,1,0.467707,0.218750
16,large,268,1,0.484123,0.234375
16,large,269,1,0.423896,0.179688
16,large,270,1,0.437500,0.191406
16,large,271,1,0.496078,0.246094
16,large,272,1,0.446339,0.199219
16,large,273,1,0.467707,0.218750
16,large,274,1,0.522913,0.273438
16,large,275,1,0.467707,0.218750
16,large,276,1,0.467707,0.218750
16,large,277,1,0.459279,0.210938
16,large,278,1,0.405046,0.164062
16,large,279,1,0.459279,0.210938
16,large,280,1,0.423896,0.179688
16,large,281,1,0.496078,0.246094
16,large,282,1,0.475986,0.226562
16,large,283,1,0.463512,0.214844
16,large,284,1,0.484123,0.234375
16,large,285,1,0.496078,0.246094
16,large,286,1,0.414578,0.171875
16,large,287,1,0.414578,0.171875
16,large,288,1,0.484123,0.234375
16,large,289,1,0.446339,0.199219
16,large,290,1,0.459279,0.210938
16,large,291,1,0.463512,0.214844
16,large,292,1,0.423896,0.179688
16,large,293,1,0.446339,0.199219
16,large,294,1,0.441942,0.195312
16,large,295,1,0.480072,0.230469
16,large,296,1,0.446339,0.199219
16,large,297,1,0.441942,0.195312
16,large,298,1,0.471865,0.222656
16,large,299,1,0.459279,0.210938
16,large,300,1,0.480072,0.230469
16,large,301,1,0.446339,0.199219
16,large,302,1,0.480072,0.230469
16,large,303,1,0.395285,0.156250
16,large,304,1,0.414578,0.171875
16,large,305,1,0.496078,0.246094
16,large,306,1,0.433013,0.187500
16,large,307,1,0.463512,0.214844
16,large,308,1,0.437500,0.191406
16,large,309,1,0.414578,0.171875
16,large,310,1,0.467707,0.218750
16,large,311,1,0.380173,0.144531
16,large,312,1,0.475986,0.226562
16,large,313,1,0.409840,0.167969
16,large,314,1,0.441942,0.195312
16,large,315,1,0.446339,0.199219
16,large,316,1,0.467707,0.218750
16,large,317,1,0.428478,0.183594
16,large,318,1,0.463512,0.214844
16,large,319,1,0.437500,0.191406
16,large,320,1,0.480072,0.230469
16,large,321,1,0.400195,0.160156
16,large,322,1,0.428478,0.183594
16,large,323,1,0.419263,0.175781
16,large,324,1,0.450694,0.203125
16,large,325,1,0.507752,0.257812
16,large,326,1,0.475986,0.226562
16,large,327,1,0.446339,0.199219
16,large,328,1,0.471865,0.222656
16,large,329,1,0.433013,0.187500
16,large,330,1,0.471865,0.222656
16,large,331,1,0.437500,0.191406
16,large,332,1,0.459279,0.210938
16,large,333,1,0.471865,0.222656
16,large,334,1,0.446339,0.199219
16,large,335,1,0.459279,0.210938
16,large,336,1,0.446339,0.199219
16,large,337,1,0.455007,0.207031
16,large,338,1,0.433013,0.187500
16,large,339,1,0.507752,0.257812
16,large,340,1,0.496078,0.246094
16,large,341,1,0.475986,0.226562
16,large,342,1,0.419263,0.175781
16,large,343,1,0.463512,0.214844
16,large,344,1,0.450694,0.203125
16,large,345,1,0.450694,0.203125
16,large,346,1,0.433013,0.187500
16,large,347,1,0.400195,0.160156
16,large,348,1,0.414578,0.171875
16,large,349,1,0.428478,0.183594
16,large,350,1,0.480072,0.230469
16,large,351,1,0.480072,0.230469
16,large,352,1,0.405046,0.164062
16,large,353,1,0.409840,0.167969
16,large,354,1,0.409840,0.167969
16,large,355,1,0.467707,0.218750
16,large,356,2,0.450694,0.195312
16,large,357,1,0.446339,0.199219
16,large,358,1,0.467707,0.218750
16,large,359,1,0.459279,0.210938
16,large,360,1,0.459279,0.210938
16,large,361,1,0.496078,0.246094
16,large,362,1,0.433013,0.187500
16,large,363,1,0.423896,0.179688
16,large,364,1,0.463512,0.214844
16,large,365,1,0.467707,0.218750
16,large,366,1,0.455007,0.207031
16,large,367,1,0.455007,0.207031
16,large,368,1,0.375000,0.140625
16,large,369,1,0.484123,0.234375
16,large,370,1,0.467707,0.218750
16,large,371,1,0.395285,0.156250
16,large,372,1,0.441942,0.195312
16,large,373,1,0.463512,0.214844
16,large,374,1,0.441942,0.195312
16,large,375,1,0.446339,0.199219
16,large,376,1,0.423896,0.179688
16,large,377,1,0.400195,0.160156
16,large,378,1,0.419263,0.175781
16,large,379,1,0.450694,0.203125
16,large,380,1,0.492125,0.242188
16,large,381,1,0.463512,0.214844
16,large,382,1,0.463512,0.214844
16,large,383,1,0.423896,0.179688
16,large,384,1,0.405046,0.164062
16,large,385,1,0.467707,0.218750
16,large,386,1,0.492125,0.242188
16,large,387,1,0.471865,0.222656
16,large,388,1,0.441942,0.195312
16,large,389,1,0.428478,0.183594
16,large,390,1,0.423896,0.179688
16,large,391,1,0.433013,0.187500
16,large,392,1,0.480072,0.230469
16,large,393,1,0.433013,0.187500
16,large,394,1,0.437500,0.191406
16,large,395,1,0.484123,0.234375
16,large,396,1,0.437500,0.191406
16,large,397,1,0.437500,0.191406
16,large,398,1,0.446339,0.199219
16,large,399,1,0.428478,0.183594
16,large,400,1,0.459279,0.210938
16,large,401,1,0.433013,0.187500
16,large,402,1,0.500000,0.250000
16,large,403,1,0.423896,0.179688
16,large,404,1,0.455007,0.207031
16,large,405,1,0.428478,0.183594
16,large,406,1,0.500000,0.250000
16,large,407,1,0.463512,0.214844
16,large,408,1,0.446339,0.199219
16,large,409,1,0.471865,0.222656
16,large,410,1,0.450694,0.203125
16,large,411,1,0.433013,0.187500
16,large,412,1,0.463512,0.214844
16,large,413,1,0.409840,0.167969
16,large,414,1,0.433013,0.187500
16,large,415,1,0.463512,0.214844
16,large,416,1,0.419263,0.175781
16,large,417,1,0.423896,0.179688
16,large,418,1,0.455007,0.207031
16,large,419,1,0.467707,0.218750
16,large,420,1,0.400195,0.160156
16,large,421,1,0.455007,0.207031
16,large,422,1,0.423896,0.179688
16,large,423,1,0.423896,0.179688
16,large,424,1,0.433013,0.187500
16,large,425,1,0.450694,0.203125
16,large,426,1,0.450694,0.203125
16,large,427,1,0.441942,0.195312
16,large,428,1,0.433013,0.187500
16,large,429,1,0.467707,0.218750
16,large,430,1,0.446339,0.199219
16,large,431,1,0.414578,0.171875
16,large,432,1,0.437500,0.191406
16,large,433,1,0.455007,0.207031
16,large,434,1,0.428478,0.183594
16,large,435,1,0.471865,0.222656
16,large,436,1,0.385276,0.148438
16,large,437,1,0.446339,0.199219
16,large,438,1,0.467707,0.218750
16,large,439,1,0.414578,0.171875
16,large,440,1,0.441942,0.195312
16,large,441,1,0.484123,0.234375
16,large,442,1,0.433013,0.187500
16,large,443,1,0.475986,0.226562
16,large,444,1,0.423896,0.179688
16,large,445,1,0.428478,0.183594
16,large,446,1,0.441942,0.195312
16,large,447,1,0.428478,0.183594
16,large,448,1,0.463512,0.214844
16,large,449,1,0.471865,0.222656
16,large,450,1,0.467707,0.218750
16,large,451,1,0.480072,0.230469
16,large,452,1,0.455007,0.207031
16,large,453,1,0.459279,0.210938
16,large,454,1,0.428478,0.183594
16,large,455,1,0.450694,0.203125
16,large,456,1,0.437500,0.191406
16,large,457,1,0.500000,0.250000
16,large,458,1,0.450694,0.203125
16,large,459,1,0.441942,0.195312
16,large,460,1,0.484123,0.234375
16,large,461,1,0.437500,0.191406
16,large,462,1,0.475986,0.226562
16,large,463,1,0.459279,0.210938
16,large,464,1,0.385276,0.148438
16,large,465,1,0.433013,0.187500
16,large,466,1,0.437500,0.191406
16,large,467,1,0.484123,0.234375
16,large,468,1,0.428478,0.183594
16,large,469,1,0.437500,0.191406
16,large,470,1,0.433013,0.187500
16,large,471,1,0.455007,0.207031
16,large,472,1,0.441942,0.195312
16,large,473,1,0.364434,0.132812
16,large,474,1,0.419263,0.175781
16,large,475,1,0.405046,0.164062
16,large,476,1,0.441942,0.195312
16,large,477,1,0.450694,0.203125
16,large,478,1,0.503891,0.253906
16,large,479,1,0.400195,0.160156
16,large,480,1,0.414578,0.171875
16,large,481,1,0.437500,0.191406
16,large,482,1,0.471865,0.222656
16,large,483,1,0.369755,0.136719
16,large,484,1,0.414578,0.171875
16,large,485,1,0.409840,0.167969
16,large,486,1,0.428478,0.183594
16,large,487,1,0.488141,0.238281
16,large,488,1,0.437500,0.191406
16,large,489,1,0.511585,0.261719
16,large,490,1,0.400195,0.160156
16,large,491,1,0.414578,0.171875
16,large,492,1,0.492125,0.242188
16,large,493,1,0.480072,0.230469
16,large,494,1,0.385276,0.148438
16,large,495,1,0.441942,0.195312
16,large,496,1,0.467707,0.218750
16,large,497,1,0.419263,0.175781
16,large,498,1,0.419263,0.175781
16,large,499,1,0.484123,0.234375
16,large,500,1,0.423896,0.179688
16,large,501,1,0.390312,0.152344
16,large,502,1,0.475986,0.226562
16,large,503,1,0.441942,0.195312
16,large,504,1,0.441942,0.195312
16,large,505,1,0.459279,0.210938
16,large,506,1,0.433013,0.187500
16,large,507,1,0.503891,0.253906
16,large,508,1,0.433013,0.187500
16,large,509,1,0.450694,0.203125
16,large,510,1,0.459279,0.210938
16,large,511,1,0.380173,0.144531
16,large,512,1,0.405046,0.164062
16,large,513,1,0.409840,0.167969
16,large,514,1,0.496078,0.246094
16,large,515,1,0.455007,0.207031
16,large,516,1,0.455007,0.207031
16,large,517,1,0.480072,0.230469
16,large,518,1,0.480072,0.230469
16,large,519,1,0.390312,0.152344
16,large,520,1,0.414578,0.171875
16,large,521,1,0.492125,0.242188
16,large,522,1,0.459279,0.210938
16,large,523,1,0.437500,0.191406
16,large,524,1,0.428478,0.183594
16,large,525,1,0.414578,0.171875
16,large,526,1,0.455007,0.207031
16,large,527,1,0.409840,0.167969
16,large,528,1,0.446339,0.199219
16,large,529,1,0.467707,0.218750
16,large,530,1,0.437500,0.191406
16,large,531,1,0.400195,0.160156
16,large,532,1,0.441942,0.195312
16,large,533,1,0.450694,0.203125
16,large,534,1,0.446339,0.199219
16,large,535,1,0.395285,0.156250
16,large,536,1,0.428478,0.183594
16,large,537,1,0.441942,0.195312
16,large,538,1,0.463512,0.214844
16,large,539,1,0.446339,0.199219
16,large,540,1,0.437500,0.191406
16,large,541,1,0.459279,0.210938
16,large,542,1,0.419263,0.175781
16,large,543,1,0.455007,0.207031
16,large,544,1,0.428478,0.183594
16,large,545,1,0.480072,0.230469
16,large,546,1,0.492125,0.242188
16,large,547,1,0.488141,0.238281
16,large,548,1,0.475986,0.226562
16,large,549,1,0.428478,0.183594
16,large,550,1,0.455007,0.207031
16,large,551,1,0.405046,0.164062
16,large,552,1,0.428478,0.183594
16,large,553,1,0.441942,0.195312
16,large,554,1,0.459279,0.210938
16,large,555,1,0.419263,0.175781
16,large,556,1,0.475986,0.226562
16,large,557,1,0.450694,0.203125
16,large,558,1,0.467707,0.218750
16,large,559,1,0.484123,0.234375
16,large,560,1,0.441942,0.195312
16,large,561,1,0.419263,0.175781
16,large,562,1,0.419263,0.175781
16,large,563,1,0.446339,0.199219
16,large,564,1,0.496078,0.246094
16,large,565,1,0.484123,0.234375
16,large,566,1,0.433013,0.187500
16,large,567,1,0.467707,0.218750
16,large,568,1,0.471865,0.222656
16,large,569,1,0.419263,0.175781
16,large,570,1,0.500000,0.250000
16,large,571,1,0.492125,0.242188
16,large,572,1,0.455007,0.207031
16,large,573,1,0.467707,0.218750
16,large,574,1,0.455007,0.207031
16,large,575,1,0.385276,0.148438
16,large,576,1,0.515388,0.265625
16,large,577,1,0.414578,0.171875
16,large,578,1,0.463512,0.214844
16,large,579,1,0.522913,0.273438
16,large,580,1,0.463512,0.214844
16,large,581,1,0.446339,0.199219
16,large,582,1,0.428478,0.183594
16,large,583,1,0.437500,0.191406
16,large,584,1,0.480072,0.230469
16,large,585,1,0.347985,0.121094
16,large,586,1,0.459279,0.210938
16,large,587,1,0.437500,0.191406
16,large,588,1,0.500000,0.250000
16,large,589,1,0.390312,0.152344
16,large,590,1,0.463512,0.214844
16,large,591,1,0.484123,0.234375
16,large,592,1,0.433013,0.187500
16,large,593,1,0.423896,0.179688
16,large,594,1,0.409840,0.167969
16,large,595,1,0.463512,0.214844
16,large,596,1,0.450694,0.203125
16,large,597,1,0.437500,0.191406
16,large,598,1,0.437500,0.191406
16,large,599,1,0.467707,0.218750
16,large,600,1,0.423896,0.179688
16,large,601,1,0.441942,0.195312
16,large,602,1,0.450694,0.203125
16,large,603,1,0.446339,0.199219
16,large,604,1,0.480072,0.230469
16,large,605,1,0.455007,0.207031
16,large,606,1,0.475986,0.226562
16,large,607,1,0.419263,0.175781
16,large,608,1,0.390312,0.152344
16,large,609,1,0.409840,0.167969
16,large,610,1,0.480072,0.230469
16,large,611,1,0.428478,0.183594
16,large,612,1,0.503891,0.253906
16,large,613,1,0.450694,0.203125
16,large,614,1,0.414578,0.171875
16,large,615,1,0.467707,0.218750
16,large,616,1,0.409840,0.167969
16,large,617,1,0.433013,0.187500
16,large,618,1,0.390312,0.152344
16,large,619,1,0.375000,0.140625
16,large,620,1,0.455007,0.207031
16,large,621,1,0.409840,0.167969
16,large,622,1,0.463512,0.214844
16,large,623,1,0.463512,0.214844
16,large,624,1,0.433013,0.187500
16,large,625,1,0.450694,0.203125
16,large,626,1,0.433013,0.187500
16,large,627,1,0.414578,0.171875
16,large,628,1,0.484123,0.234375
16,large,629,1,0.414578,0.171875
16,large,630,1,0.405046,0.164062
16,large,631,1,0.441942,0.195312
16,large,632,1,0.437500,0.191406
16,large,633,1,0.437500,0.191406
16,large,634,1,0.480072,0.230469
16,large,635,1,0.471865,0.222656
16,large,636,1,0.459279,0.210938
16,large,637,1,0.459279,0.210938
16,large,638,1,0.488141,0.238281
16,large,639,1,0.480072,0.230469
16,large,640,1,0.437500,0.191406
16,large,641,1,0.419263,0.175781
16,large,642,1,0.437500,0.191406
16,large,643,1,0.455007,0.207031
16,large,644,1,0.471865,0.222656
16,large,645,1,0.463512,0.214844
16,large,646,1,0.459279,0.210938
16,large,647,1,0.471865,0.222656
16,large,648,1,0.441942,0.195312
16,large,649,1,0.480072,0.230469
16,large,650,1,0.463512,0.214844
16,large,651,1,0.423896,0.179688
16,large,652,1,0.459279,0.210938
16,large,653,1,0.441942,0.195312
16,large,654,1,0.450694,0.203125
16,large,655,1,0.405046,0.164062
16,large,656,1,0.459279,0.210938
16,large,657,1,0.475986,0.226562
16,large,658,1,0.441942,0.195312
16,large,659,1,0.471865,0.222656
16,large,660,1,0.437500,0.191406
16,large,661,1,0.515388,0.265625
16,large,662,1,0.475986,0.226562
16,large,663,1,0.409840,0.167969
16,large,664,1,0.400195,0.160156
16,large,665,1,0.450694,0.203125
16,large,666,1,0.419263,0.175781
16,large,667,1,0.437500,0.191406
16,large,668,1,0.414578,0.171875
16,large,669,1,0.433013,0.187500
16,large,670,1,0.385276,0.148438
16,large,671,1,0.423896,0.179688
16,large,672,1,0.488141,0.238281
16,large,673,1,0.459279,0.210938
16,large,674,1,0.423896,0.179688
16,large,675,1,0.484123,0.234375
16,large,676,1,0.441942,0.195312
16,large,677,1,0.475986,0.226562
16,large,678,1,0.405046,0.164062
16,large,679,1,0.428478,0.183594
16,large,680,1,0.433013,0.187500
16,large,681,1,0.428478,0.183594
16,large,682,1,0.446339,0.199219
16,large,683,1,0.428478,0.183594
16,large,684,1,0.484123,0.234375
16,large,685,1,0.463512,0.214844
16,large,686,1,0.433013,0.187500
16,large,687,1,0.455007,0.207031
16,large,688,1,0.446339,0.199219
16,large,689,1,0.507752,0.257812
16,large,690,1,0.423896,0.179688
16,large,691,1,0.437500,0.191406
16,large,692,1,0.471865,0.222656
16,large,693,1,0.450694,0.203125
16,large,694,1,0.446339,0.199219
16,large,695,1,0.463512,0.214844
16,large,696,1,0.369755,0.136719
16,large,697,1,0.480072,0.230469
16,large,698,1,0.441942,0.195312
16,large,699,1,0.409840,0.167969
16,large,700,1,0.467707,0.218750
16,large,701,1,0.450694,0.203125
16,large,702,1,0.428478,0.183594
16,large,703,1,0.471865,0.222656
16,large,704,1,0.500000,0.250000
16,large,705,1,0.428478,0.183594
16,large,706,1,0.459279,0.210938
16,large,707,1,0.450694,0.203125
16,large,708,1,0.455007,0.207031
16,large,709,1,0.409840,0.167969
16,large,710,1,0.500000,0.250000
16,large,711,1,0.423896,0.179688
16,large,712,1,0.480072,0.230469
16,large,713,1,0.428478,0.183594
16,large,714,1,0.450694,0.203125
16,large,715,1,0.450694,0.203125
16,large,716,1,0.428478,0.183594
16,large,717,1,0.423896,0.179688
16,large,718,1,0.450694,0.203125
16,large,719,1,0.364434,0.132812
16,large,720,1,0.390312,0.152344
16,large,721,1,0.433013,0.187500
16,large,722,1,0.400195,0.160156
16,large,723,1,0.484123,0.234375
16,large,724,1,0.467707,0.218750
16,large,725,1,0.433013,0.187500
16,large,726,1,0.455007,0.207031
16,large,727,1,0.459279,0.210938
16,large,728,1,0.515388,0.265625
16,large,729,1,0.423896,0.179688
16,large,730,1,0.441942,0.195312
16,large,731,1,0.419263,0.175781
16,large,732,1,0.471865,0.222656
16,large,733,1,0.467707,0.218750
16,large,734,1,0.450694,0.203125
16,large,735,1,0.471865,0.222656
16,large,736,1,0.467707,0.218750
16,large,737,1,0.437500,0.191406
16,large,738,1,0.423896,0.179688
16,large,739,1,0.419263,0.175781
16,large,740,1,0.423896,0.179688
16,large,741,1,0.409840,0.167969
16,large,742,1,0.455007,0.207031
16,large,743,1,0.423896,0.179688
16,large,744,1,0.459279,0.210938
16,large,745,1,0.409840,0.167969
16,large,746,1,0.423896,0.179688
16,large,747,1,0.463512,0.214844
16,large,748,1,0.488141,0.238281
16,large,749,1,0.463512,0.214844
16,large,750,1,0.455007,0.207031
16,large,751,1,0.463512,0.214844
16,large,752,1,0.423896,0.179688
16,large,753,1,0.484123,0.234375
16,large,754,1,0.380173,0.144531
16,large,755,1,0.414578,0.171875
16,large,756,1,0.423896,0.179688
16,large,757,1,0.441942,0.195312
16,large,758,1,0.400195,0.160156
16,large,759,1,0.441942,0.195312
16,large,760,1,0.463512,0.214844
16,large,761,1,0.419263,0.175781
16,large,762,1,0.446339,0.199219
16,large,763,1,0.455007,0.207031
16,large,764,1,0.419263,0.175781
16,large,765,1,0.428478,0.183594
16,large,766,1,0.488141,0.238281
16,large,767,1,0.405046,0.164062
16,large,768,1,0.450694,0.203125
16,large,769,1,0.446339,0.199219
16,large,770,1,0.459279,0.210938
16,large,771,1,0.433013,0.187500
16,large,772,1,0.459279,0.210938
16,large,773,1,0.480072,0.230469
16,large,774,1,0.423896,0.179688
16,large,775,1,0.423896,0.179688
16,large,776,1,0.419263,0.175781
16,large,777,1,0.463512,0.214844
16,large,778,1,0.455007,0.207031
16,large,779,1,0.471865,0.222656
16,large,780,1,0.433013,0.187500
16,large,781,1,0.480072,0.230469
16,large,782,1,0.475986,0.226562
16,large,783,1,0.459279,0.210938
16,large,784,1,0.369755,0.136719
16,large,785,1,0.437500,0.191406
16,large,786,1,0.488141,0.238281
16,large,787,1,0.395285,0.156250
16,large,788,1,0.446339,0.199219
16,large,789,1,0.405046,0.164062
16,large,790,1,0.385276,0.148438
16,large,791,1,0.428478,0.183594
16,large,792,1,0.437500,0.191406
16,large,793,1,0.414578,0.171875
16,large,794,1,0.475986,0.226562
16,large,795,1,0.446339,0.199219
16,large,796,1,0.405046,0.164062
16,large,797,1,0.441942,0.195312
16,large,798,1,0.471865,0.222656
16,large,799,1,0.475986,0.226562
16,large,800,1,0.390312,0.152344
16,large,801,1,0.471865,0.222656
16,large,802,1,0.446339,0.199219
16,large,803,1,0.437500,0.191406
16,large,804,1,0.500000,0.250000
16,large,805,1,0.409840,0.167969
16,large,806,1,0.450694,0.203125
16,large,807,1,0.484123,0.234375
16,large,808,1,0.450694,0.203125
16,large,809,1,0.437500,0.191406
16,large,810,1,0.428478,0.183594
16,large,811,1,0.450694,0.203125
16,large,812,1,0.463512,0.214844
16,large,813,1,0.428478,0.183594
16,large,814,1,0.471865,0.222656
16,large,815,1,0.433013,0.187500
16,large,816,1,0.419263,0.175781
16,large,817,1,0.428478,0.183594
16,large,818,1,0.433013,0.187500
16,large,819,1,0.414578,0.171875
16,large,820,1,0.390312,0.152344
16,large,821,1,0.455007,0.207031
16,large,822,1,0.433013,0.187500
16,large,823,1,0.450694,0.203125
16,large,824,1,0.463512,0.214844
16,large,825,1,0.459279,0.210938
16,large,826,1,0.419263,0.175781
16,large,827,1,0.480072,0.230469
16,large,828,1,0.446339,0.199219
16,large,829,1,0.428478,0.183594
16,large,830,1,0.459279,0.210938
16,large,831,1,0.455007,0.207031
16,large,832,1,0.492125,0.242188
16,large,833,1,0.463512,0.214844
16,large,834,1,0.437500,0.191406
16,large,835,1,0.459279,0.210938
16,large,836,1,0.475986,0.226562
16,large,837,1,0.437500,0.191406
16,large,838,1,0.414578,0.171875
16,large,839,1,0.480072,0.230469
16,large,840,1,0.423896,0.179688
16,large,841,1,0.437500,0.191406
16,large,842,1,0.441942,0.195312
16,large,843,1,0.390312,0.152344
16,large,844,1,0.480072,0.230469
16,large,845,1,0.475986,0.226562
16,large,846,1,0.441942,0.195312
16,large,847,1,0.400195,0.160156
16,large,848,1,0.463512,0.214844
16,large,849,1,0.437500,0.191406
16,large,850,1,0.459279,0.210938
16,large,851,1,0.507752,0.257812
16,large,852,1,0.414578,0.171875
16,large,853,1,0.405046,0.164062
16,large,854,1,0.423896,0.179688
16,large,855,1,0.500000,0.250000
16,large,856,1,0.459279,0.210938
16,large,857,1,0.446339,0.199219
16,large,858,1,0.450694,0.203125
16,large,859,1,0.433013,0.187500
16,large,860,1,0.423896,0.179688
16,large,861,1,0.437500,0.191406
16,large,862,1,0.459279,0.210938
16,large,863,1,0.471865,0.222656
16,large,864,1,0.459279,0.210938
16,large,865,1,0.446339,0.199219
16,large,866,1,0.455007,0.207031
16,large,867,1,0.475986,0.226562
16,large,868,1,0.467707,0.218750
16,large,869,1,0.450694,0.203125
16,large,870,1,0.455007,0.207031
16,large,871,1,0.385276,0.148438
16,large,872,1,0.471865,0.222656
16,large,873,1,0.437500,0.191406
16,large,874,1,0.459279,0.210938
16,large,875,1,0.390312,0.152344
16,large,876,1,0.480072,0.230469
16,large,877,1,0.433013,0.187500
16,large,878,1,0.428478,0.183594
16,large,879,1,0.419263,0.175781
16,large,880,1,0.433013,0.187500
16,large,881,1,0.414578,0.171875
16,large,882,1,0.471865,0.222656
16,large,883,1,0.467707,0.218750
16,large,884,1,0.428478,0.183594
16,large,885,1,0.446339,0.199219
16,large,886,1,0.455007,0.207031
16,large,887,1,0.463512,0.214844
16,large,888,1,0.467707,0.218750
16,large,889,1,0.437500,0.191406
16,large,890,1,0.437500,0.191406
16,large,891,1,0.419263,0.175781
16,large,892,1,0.423896,0.179688
16,large,893,1,0.414578,0.171875
16,large,894,1,0.455007,0.207031
16,large,895,1,0.414578,0.171875
16,large,896,1,0.423896,0.179688
16,large,897,1,0.492125,0.242188
16,large,898,1,0.433013,0.187500
16,large,899,1,0.459279,0.210938
16,large,900,1,0.446339,0.199219
16,large,901,1,0.433013,0.187500
16,large,902,1,0.441942,0.195312
16,large,903,1,0.441942,0.195312
16,large,904,1,0.459279,0.210938
16,large,905,1,0.467707,0.218750
16,large,906,1,0.455007,0.207031
16,large,907,1,0.488141,0.238281
16,large,908,1,0.463512,0.214844
16,large,909,1,0.395285,0.156250
16,large,910,1,0.380173,0.144531
16,large,911,1,0.428478,0.183594
16,large,912,1,0.423896,0.179688
16,large,913,1,0.459279,0.210938
16,large,914,1,0.507752,0.257812
16,large,915,1,0.463512,0.214844
16,large,916,1,0.467707,0.218750
16,large,917,1,0.488141,0.238281
16,large,918,1,0.428478,0.183594
16,large,919,1,0.433013,0.187500
16,large,920,1,0.475986,0.226562
16,large,921,1,0.419263,0.175781
16,large,922,1,0.441942,0.195312
16,large,923,1,0.441942,0.195312
16,large,924,1,0.500000,0.250000
16,large,925,1,0.446339,0.199219
16,large,926,1,0.446339,0.199219
16,large,927,1,0.409840,0.167969
16,large,928,1,0.463512,0.214844
16,large,929,1,0.463512,0.214844
16,large,930,1,0.441942,0.195312
16,large,931,1,0.441942,0.195312
16,large,932,1,0.463512,0.214844
16,large,933,1,0.400195,0.160156
16,large,934,1,0.467707,0.218750
16,large,935,1,0.459279,0.210938
16,large,936,1,0.409840,0.167969
16,large,937,1,0.455007,0.207031
16,large,938,1,0.475986,0.226562
16,large,939,1,0.459279,0.210938
16,large,940,1,0.414578,0.171875
16,large,941,1,0.441942,0.195312
16,large,942,1,0.428478,0.183594
16,large,943,1,0.463512,0.214844
16,large,944,1,0.459279,0.210938
16,large,945,1,0.375000,0.140625
16,large,946,1,0.414578,0.171875
16,large,947,1,0.437500,0.191406
16,large,948,1,0.423896,0.179688
16,large,949,1,0.467707,0.218750
16,large,950,1,0.437500,0.191406
16,large,951,1,0.450694,0.203125
16,large,952,1,0.450694,0.203125
16,large,953,1,0.441942,0.195312
16,large,954,1,0.484123,0.234375
16,large,955,1,0.437500,0.191406
16,large,956,1,0.467707,0.218750
16,large,957,1,0.480072,0.230469
16,large,958,1,0.400195,0.160156
16,large,959,1,0.475986,0.226562
16,large,960,1,0.463512,0.214844
16,large,961,1,0.437500,0.191406
16,large,962,1,0.467707,0.218750
16,large,963,1,0.455007,0.207031
16,large,964,1,0.455007,0.207031
16,large,965,1,0.395285,0.156250
16,large,966,1,0.463512,0.214844
16,large,967,1,0.428478,0.183594
16,large,968,1,0.446339,0.199219
16,large,969,1,0.441942,0.195312
16,large,970,1,0.459279,0.210938
16,large,971,1,0.450694,0.203125
16,large,972,1,0.395285,0.156250
16,large,973,1,0.467707,0.218750
16,large,974,1,0.459279,0.210938
16,large,975,1,0.467707,0.218750
16,large,976,1,0.437500,0.191406
16,large,977,1,0.484123,0.234375
16,large,978,1,0.484123,0.234375
16,large,979,1,0.471865,0.222656
16,large,980,1,0.492125,0.242188
16,large,981,1,0.488141,0.238281
16,large,982,1,0.400195,0.160156
16,large,983,1,0.475986,0.226562
16,large,984,1,0.446339,0.199219
16,large,985,1,0.488141,0.238281
16,large,986,1,0.423896,0.179688
16,large,987,1,0.441942,0.195312
16,large,988,1,0.405046,0.164062
16,large,989,1,0.441942,0.195312
16,large,990,1,0.441942,0.195312
16,large,991,1,0.450694,0.203125
16,large,992,1,0.385276,0.148438
16,large,993,1,0.450694,0.203125
16,large,994,1,0.471865,0.222656
16,large,995,1,0.459279,0.210938
16,large,996,1,0.459279,0.210938
16,large,997,1,0.446339,0.199219
16,large,998,1,0.455007,0.207031
16,large,999,1,0.441942,0.195312
32,large,0,1,0.480072,0.230469
32,large,1,1,0.423896,0.179688
32,large,2,1,0.462458,0.213867
32,large,3,1,0.472898,0.223633
32,large,4,1,0.459279,0.210938
32,large,5,1,0.452856,0.205078
32,large,6,1,0.464565,0.215820
32,large,7,1,0.423896,0.179688
32,large,8,1,0.475986,0.226562
32,large,9,1,0.444146,0.197266
32,large,10,1,0.422742,0.178711
32,large,11,1,0.426193,0.181641
32,large,12,1,0.448522,0.201172
32,large,13,1,0.448522,0.201172
32,large,14,1,0.450694,0.203125
32,large,15,1,0.435262,0.189453
32,large,16,1,0.478033,0.228516
32,large,17,1,0.440835,0.194336
32,large,18,1,0.468750,0.219727
32,large,19,1,0.470829,0.221680
32,large,20,1,0.436383,0.190430
32,large,21,1,0.451776,0.204102
32,large,22,1,0.436383,0.190430
32,large,23,1,0.469791,0.220703
32,large,24,1,0.467707,0.218750
32,large,25,1,0.451776,0.204102
32,large,26,1,0.423896,0.179688
32,large,27,1,0.462458,0.213867
32,large,28,1,0.479053,0.229492
32,large,29,1,0.472898,0.223633
32,large,30,1,0.447432,0.200195
32,large,31,1,0.445244,0.198242
32,large,32,1,0.447432,0.200195
32,large,33,1,0.437500,0.191406
32,large,34,1,0.462458,0.213867
32,large,35,1,0.457148,0.208984
32,large,36,1,0.455007,0.207031
32,large,37,1,0.455007,0.207031
32,large,38,1,0.469791,0.220703
32,large,39,1,0.452856,0.205078
32,large,40,1,0.439726,0.193359
32,large,41,1,0.455007,0.207031
32,large,42,1,0.457148,0.208984
32,large,43,1,0.456079,0.208008
32,large,44,1,0.452856,0.205078
32,large,45,1,0.464565,0.215820
32,large,46,1,0.471865,0.222656
32,large,47,1,0.444146,0.197266
32,large,48,1,0.445244,0.198242
32,large,49,1,0.439726,0.193359
32,large,50,1,0.436383,0.190430
32,large,51,1,0.456079,0.208008
32,large,52,1,0.447432,0.200195
32,large,53,1,0.471865,0.222656
32,large,54,1,0.459279,0.210938
32,large,55,1,0.444146,0.197266
32,large,56,1,0.455007,0.207031
32,large,57,1,0.466662,0.217773
32,large,58,1,0.428478,0.183594
32,large,59,1,0.468750,0.219727
32,large,60,1,0.453932,0.206055
32,large,61,1,0.446339,0.199219
32,large,62,1,0.449609,0.202148
32,large,63,1,0.446339,0.199219
32,large,64,1,0.421586,0.177734
32,large,65,1,0.435262,0.189453
32,large,66,1,0.437500,0.191406
32,large,67,1,0.453932,0.206055
32,large,68,1,0.436383,0.190430
32,large,69,1,0.427337,0.182617
32,large,70,1,0.437500,0.191406
32,large,71,1,0.444146,0.197266
32,large,72,1,0.445244,0.198242
32,large,73,1,0.450694,0.203125
32,large,74,1,0.480072,0.230469
32,large,75,1,0.433013,0.187500
32,large,76,1,0.489140,0.239258
32,large,77,1,0.475986,0.226562
32,large,78,1,0.446339,0.199219
32,large,79,1,0.450694,0.203125
32,large,80,1,0.436383,0.190430
32,large,81,1,0.469791,0.220703
32,large,82,1,0.446339,0.199219
32,large,83,1,0.448522,0.201172
32,large,84,1,0.469791,0.220703
32,large,85,1,0.418097,0.174805
32,large,86,1,0.450694,0.203125
32,large,87,1,0.473930,0.224609
32,large,88,1,0.449609,0.202148
32,large,89,1,0.450694,0.203125
32,large,90,1,0.451776,0.204102
32,large,91,1,0.440835,0.194336
32,large,92,1,0.437500,0.191406
32,large,93,1,0.455007,0.207031
32,large,94,1,0.462458,0.213867
32,large,95,1,0.456079,0.208008
32,large,96,1,0.461401,0.212891
32,large,97,1,0.464565,0.215820
32,large,98,1,0.450694,0.203125
32,large,99,1,0.465615,0.216797
32,large,100,1,0.423896,0.179688
32,large,101,1,0.464565,0.215820
32,large,102,1,0.474959,0.225586
32,large,103,1,0.440835,0.194336
32,large,104,1,0.443045,0.196289
32,large,105,1,0.461401,0.212891
32,large,106,1,0.445244,0.198242
32,large,107,1,0.472898,0.223633
32,large,108,1,0.446339,0.199219
32,large,109,1,0.457148,0.208984
32,large,110,1,0.459279,0.210938
32,large,111,1,0.433013,0.187500
32,large,112,1,0.463512,0.214844
32,large,113,1,0.431884,0.186523
32,large,114,1,0.461401,0.212891
32,large,115,1,0.460341,0.211914
32,large,116,1,0.448522,0.201172
32,large,117,1,0.458215,0.209961
32,large,118,1,0.449609,0.202148
32,large,119,1,0.429616,0.184570
32,large,120,1,0.481088,0.231445
32,large,121,1,0.420426,0.176758
32,large,122,1,0.437500,0.191406
32,large,123,1,0.450694,0.203125
32,large,124,1,0.444146,0.197266
32,large,125,1,0.457148,0.208984
32,large,126,1,0.414578,0.171875
32,large,127,1,0.470829,0.221680
32,large,128,1,0.458215,0.209961
32,large,129,1,0.445244,0.198242
32,large,130,1,0.443045,0.196289
32,large,131,1,0.463512,0.214844
32,large,132,1,0.456079,0.208008
32,large,133,1,0.446339,0.199219
32,large,134,1,0.468750,0.219727
32,large,135,1,0.468750,0.219727
32,large,136,1,0.443045,0.196289
32,large,137,1,0.413399,0.170898
32,large,138,1,0.450694,0.203125
32,large,139,1,0.455007,0.207031
32,large,140,1,0.457148,0.208984
32,large,141,1,0.418097,0.174805
32,large,142,1,0.446339,0.199219
32,large,143,1,0.472898,0.223633
32,large,144,1,0.440835,0.194336
32,large,145,1,0.456079,0.208008
32,large,146,1,0.443045,0.196289
32,large,147,1,0.436383,0.190430
32,large,148,1,0.461401,0.212891
32,large,149,1,0.448522,0.201172
32,large,150,1,0.470829,0.221680
32,large,151,1,0.445244,0.198242
32,large,152,1,0.465615,0.216797
32,large,153,1,0.445244,0.198242
32,large,154,1,0.459279,0.210938
32,large,155,1,0.465615,0.216797
32,large,156,1,0.465615,0.216797
32,large,157,1,0.466662,0.217773
32,large,158,1,0.469791,0.220703
32,large,159,1,0.440835,0.194336
32,large,160,1,0.461401,0.212891
32,large,161,1,0.458215,0.209961
32,large,162,1,0.453932,0.206055
32,large,163,1,0.434139,0.188477
32,large,164,1,0.462458,0.213867
32,large,165,1,0.440835,0.194336
32,large,166,1,0.444146,0.197266
32,large,167,1,0.433013,0.187500
32,large,168,1,0.447432,0.200195
32,large,169,1,0.445244,0.198242
32,large,170,1,0.430752,0.185547
32,large,171,1,0.450694,0.203125
32,large,172,1,0.439726,0.193359
32,large,173,1,0.443045,0.196289
32,large,174,1,0.449609,0.202148
32,large,175,1,0.441942,0.195312
32,large,176,1,0.419263,0.175781
32,large,177,1,0.463512,0.214844
32,large,178,1,0.473930,0.224609
32,large,179,1,0.435262,0.189453
32,large,180,1,0.457148,0.208984
32,large,181,1,0.458215,0.209961
32,large,182,1,0.467707,0.218750
32,large,183,1,0.471865,0.222656
32,large,184,1,0.463512,0.214844
32,large,185,1,0.459279,0.210938
32,large,186,1,0.450694,0.203125
32,large,187,1,0.446339,0.199219
32,large,188,1,0.440835,0.194336
32,large,189,1,0.467707,0.218750
32,large,190,1,0.447432,0.200195
32,large,191,1,0.444146,0.197266
32,large,192,1,0.438615,0.192383
32,large,193,1,0.463512,0.214844
32,large,194,1,0.458215,0.209961
32,large,195,1,0.445244,0.198242
32,large,196,1,0.477011,0.227539
32,large,197,1,0.441942,0.195312
32,large,198,1,0.463512,0.214844
32,large,199,1,0.447432,0.200195
32,large,200,1,0.444146,0.197266
32,large,201,1,0.463512,0.214844
32,large,202,1,0.428478,0.183594
32,large,203,1,0.471865,0.222656
32,large,204,1,0.444146,0.197266
32,large,205,1,0.456079,0.208008
32,large,206,1,0.470829,0.221680
32,large,207,1,0.434139,0.188477
32,large,208,1,0.465615,0.216797
32,large,209,1,0.443045,0.196289
32,large,210,1,0.470829,0.221680
32,large,211,1,0.478033,0.228516
32,large,212,1,0.465615,0.216797
32,large,213,1,0.436383,0.190430
32,large,214,1,0.423896,0.179688
32,large,215,1,0.433013,0.187500
32,large,216,1,0.461401,0.212891
32,large,217,1,0.440835,0.194336
32,large,218,1,0.471865,0.222656
32,large,219,1,0.447432,0.200195
32,large,220,1,0.428478,0.183594
32,large,221,1,0.448522,0.201172
32,large,222,1,0.481088,0.231445
32,large,223,1,0.427337,0.182617
32,large,224,1,0.441942,0.195312
32,large,225,1,0.452856,0.205078
32,large,226,1,0.460341,0.211914
32,large,227,1,0.460341,0.211914
32,large,228,1,0.477011,0.227539
32,large,229,1,0.449609,0.202148
32,large,230,1,0.461401,0.212891
32,large,231,1,0.444146,0.197266
32,large,232,1,0.461401,0.212891
32,large,233,1,0.470829,0.221680
32,large,234,1,0.422742,0.178711
32,large,235,1,0.457148,0.208984
32,large,236,1,0.483113,0.233398
32,large,237,1,0.470829,0.221680
32,large,238,1,0.469791,0.220703
32,large,239,1,0.468750,0.219727
32,large,240,1,0.433013,0.187500
32,large,241,1,0.439726,0.193359
32,large,242,1,0.441942,0.195312
32,large,243,1,0.436383,0.190430
32,large,244,1,0.430752,0.185547
32,large,245,1,0.475986,0.226562
32,large,246,1,0.443045,0.196289
32,large,247,1,0.463512,0.214844
32,large,248,1,0.479053,0.229492
32,large,249,1,0.439726,0.193359
32,large,250,1,0.464565,0.215820
32,large,251,1,0.446339,0.199219
32,large,252,1,0.444146,0.197266
32,large,253,1,0.448522,0.201172
32,large,254,1,0.440835,0.194336
32,large,255,1,0.467707,0.218750
32,large,256,1,0.459279,0.210938
32,large,257,1,0.447432,0.200195
32,large,258,1,0.473930,0.224609
32,large,259,1,0.444146,0.197266
32,large,260,1,0.443045,0.196289
32,large,261,1,0.457148,0.208984
32,large,262,1,0.472898,0.223633
32,large,263,1,0.477011,0.227539
32,large,264,1,0.455007,0.207031
32,large,265,1,0.448522,0.201172
32,large,266,1,0.447432,0.200195
32,large,267,1,0.464565,0.215820
32,large,268,1,0.439726,0.193359
32,large,269,1,0.461401,0.212891
32,large,270,1,0.453932,0.206055
32,large,271,1,0.485130,0.235352
32,large,272,1,0.455007,0.207031
32,large,273,1,0.445244,0.198242
32,large,274,1,0.456079,0.208008
32,large,275,1,0.443045,0.196289
32,large,276,1,0.466662,0.217773
32,large,277,1,0.451776,0.204102
32,large,278,1,0.441942,0.195312
32,large,279,1,0.457148,0.208984
32,large,280,1,0.449609,0.202148
32,large,281,1,0.441942,0.195312
32,large,282,1,0.452856,0.205078
32,large,283,1,0.451776,0.204102
32,large,284,1,0.467707,0.218750
32,large,285,1,0.483113,0.233398
32,large,286,1,0.452856,0.205078
32,large,287,1,0.427337,0.182617
32,large,288,1,0.455007,0.207031
32,large,289,1,0.467707,0.218750
32,large,290,1,0.436383,0.190430
32,large,291,1,0.455007,0.207031
32,large,292,1,0.461401,0.212891
32,large,293,1,0.445244,0.198242
32,large,294,1,0.452856,0.205078
32,large,295,1,0.449609,0.202148
32,large,296,1,0.436383,0.190430
32,large,297,1,0.448522,0.201172
32,large,298,1,0.430752,0.185547
32,large,299,1,0.462458,0.213867
32,large,300,1,0.469791,0.220703
32,large,301,1,0.425046,0.180664
32,large,302,1,0.467707,0.218750
32,large,303,1,0.461401,0.212891
32,large,304,1,0.426193,0.181641
32,large,305,1,0.412216,0.169922
32,large,306,1,0.437500,0.191406
32,large,307,1,0.461401,0.212891
32,large,308,1,0.447432,0.200195
32,large,309,1,0.463512,0.214844
32,large,310,1,0.451776,0.204102
32,large,311,1,0.445244,0.198242
32,large,312,1,0.452856,0.205078
32,large,313,1,0.471865,0.222656
32,large,314,1,0.466662,0.217773
32,large,315,1,0.438615,0.192383
32,large,316,1,0.444146,0.197266
32,large,317,1,0.483113,0.233398
32,large,318,1,0.450694,0.203125
32,large,319,1,0.449609,0.202148
32,large,320,1,0.462458,0.213867
32,large,321,1,0.471865,0.222656
32,large,322,1,0.434139,0.188477
32,large,323,1,0.440835,0.194336
32,large,324,1,0.425046,0.180664
32,large,325,1,0.457148,0.208984
32,large,326,1,0.446339,0.199219
32,large,327,1,0.472898,0.223633
32,large,328,1,0.462458,0.213867
32,large,329,1,0.462458,0.213867
32,large,330,1,0.448522,0.201172
32,large,331,2,0.459279,0.208984
32,large,332,1,0.462458,0.213867
32,large,333,1,0.443045,0.196289
32,large,334,1,0.451776,0.204102
32,large,335,1,0.451776,0.204102
32,large,336,1,0.437500,0.191406
32,large,337,1,0.448522,0.201172
32,large,338,1,0.443045,0.196289
32,large,339,1,0.467707,0.218750
32,large,340,1,0.415754,0.172852
32,large,341,1,0.474959,0.225586
32,large,342,1,0.459279,0.210938
32,large,343,1,0.463512,0.214844
32,large,344,1,0.433013,0.187500
32,large,345,1,0.447432,0.200195
32,large,346,1,0.451776,0.204102
32,large,347,1,0.457148,0.208984
32,large,348,1,0.470829,0.221680
32,large,349,1,0.447432,0.200195
32,large,350,1,0.456079,0.208008
32,large,351,1,0.426193,0.181641
32,large,352,1,0.462458,0.213867
32,large,353,1,0.465615,0.216797
32,large,354,1,0.461401,0.212891
32,large,355,1,0.462458,0.213867
32,large,356,1,0.483113,0.233398
32,large,357,1,0.456079,0.208008
32,large,358,1,0.479053,0.229492
32,large,359,1,0.461401,0.212891
32,large,360,1,0.457148,0.208984
32,large,361,1,0.444146,0.197266
32,large,362,1,0.465615,0.216797
32,large,363,1,0.462458,0.213867
32,large,364,1,0.443045,0.196289
32,large,365,1,0.448522,0.201172
32,large,366,1,0.488141,0.238281
32,large,367,1,0.459279,0.210938
32,large,368,1,0.482102,0.232422
32,large,369,1,0.447432,0.200195
32,large,370,1,0.447432,0.200195
32,large,371,1,0.438615,0.192383
32,large,372,1,0.461401,0.212891
32,large,373,1,0.429616,0.184570
32,large,374,1,0.444146,0.197266
32,large,375,1,0.473930,0.224609
32,large,376,1,0.466662,0.217773
32,large,377,1,0.440835,0.194336
32,large,378,1,0.462458,0.213867
32,large,379,1,0.431884,0.186523
32,large,380,1,0.450694,0.203125
32,large,381,1,0.461401,0.212891
32,large,382,1,0.440835,0.194336
32,large,383,1,0.474959,0.225586
32,large,384,1,0.434139,0.188477
32,large,385,1,0.453932,0.206055
32,large,386,1,0.483113,0.233398
32,large,387,1,0.453932,0.206055
32,large,388,1,0.440835,0.194336
32,large,389,1,0.479053,0.229492
32,large,390,1,0.459279,0.210938
32,large,391,1,0.450694,0.203125
32,large,392,1,0.474959,0.225586
32,large,393,1,0.453932,0.206055
32,large,394,1,0.466662,0.217773
32,large,395,1,0.447432,0.200195
32,large,396,1,0.435262,0.189453
32,large,397,1,0.453932,0.206055
32,large,398,1,0.466662,0.217773
32,large,399,1,0.448522,0.201172
32,large,400,1,0.431884,0.186523
32,large,401,1,0.461401,0.212891
32,large,402,1,0.446339,0.199219
32,large,403,1,0.451776,0.204102
32,large,404,1,0.430752,0.185547
32,large,405,1,0.427337,0.182617
32,large,406,1,0.457148,0.208984
32,large,407,1,0.451776,0.204102
32,large,408,1,0.448522,0.201172
32,large,409,1,0.472898,0.223633
32,large,410,1,0.462458,0.213867
32,large,411,1,0.450694,0.203125
32,large,412,1,0.439726,0.193359
32,large,413,1,0.446339,0.199219
32,large,414,1,0.458215,0.209961
32,large,415,1,0.473930,0.224609
32,large,416,1,0.443045,0.196289
32,large,417,1,0.443045,0.196289
32,large,418,1,0.456079,0.208008
32,large,419,1,0.455007,0.207031
32,large,420,1,0.447432,0.200195
32,large,421,1,0.458215,0.209961
32,large,422,1,0.433013,0.187500
32,large,423,1,0.471865,0.222656
32,large,424,1,0.448522,0.201172
32,large,425,1,0.459279,0.210938
32,large,426,1,0.447432,0.200195
32,large,427,1,0.445244,0.198242
32,large,428,1,0.453932,0.206055
32,large,429,1,0.440835,0.194336
32,large,430,1,0.462458,0.213867
32,large,431,1,0.457148,0.208984
32,large,432,1,0.458215,0.209961
32,large,433,1,0.448522,0.201172
32,large,434,1,0.471865,0.222656
32,large,435,1,0.467707,0.218750
32,large,436,1,0.458215,0.209961
32,large,437,1,0.443045,0.196289
32,large,438,1,0.439726,0.193359
32,large,439,1,0.434139,0.188477
32,large,440,1,0.461401,0.212891
32,large,441,1,0.439726,0.193359
32,large,442,1,0.450694,0.203125
32,large,443,1,0.449609,0.202148
32,large,444,1,0.441942,0.195312
32,large,445,1,0.451776,0.204102
32,large,446,1,0.438615,0.192383
32,large,447,1,0.437500,0.191406
32,large,448,1,0.430752,0.185547
32,large,449,1,0.447432,0.200195
32,large,450,1,0.440835,0.194336
32,large,451,1,0.452856,0.205078
32,large,452,1,0.431884,0.186523
32,large,453,1,0.484123,0.234375
32,large,454,1,0.426193,0.181641
32,large,455,1,0.433013,0.187500
32,large,456,1,0.443045,0.196289
32,large,457,1,0.438615,0.192383
32,large,458,1,0.446339,0.199219
32,large,459,1,0.448522,0.201172
32,large,460,1,0.439726,0.193359
32,large,461,1,0.464565,0.215820
32,large,462,1,0.446339,0.199219
32,large,463,1,0.436383,0.190430
32,large,464,1,0.452856,0.205078
32,large,465,1,0.452856,0.205078
32,large,466,1,0.451776,0.204102
32,large,467,1,0.450694,0.203125
32,large,468,1,0.486136,0.236328
32,large,469,1,0.422742,0.178711
32,large,470,1,0.464565,0.215820
32,large,471,1,0.416927,0.173828
32,large,472,1,0.437500,0.191406
32,large,473,1,0.439726,0.193359
32,large,474,1,0.469791,0.220703
32,large,475,1,0.450694,0.203125
32,large,476,1,0.441942,0.195312
32,large,477,1,0.426193,0.181641
32,large,478,1,0.450694,0.203125
32,large,479,1,0.459279,0.210938
32,large,480,1,0.464565,0.215820
32,large,481,1,0.439726,0.193359
32,large,482,1,0.450694,0.203125
32,large,483,1,0.436383,0.190430
32,large,484,1,0.457148,0.208984
32,large,485,1,0.439726,0.193359
32,large,486,1,0.464565,0.215820
32,large,487,1,0.447432,0.200195
32,large,488,1,0.458215,0.209961
32,large,489,1,0.460341,0.211914
32,large,490,1,0.437500,0.191406
32,large,491,1,0.499022,0.249023
32,large,492,1,0.459279,0.210938
32,large,493,1,0.437500,0.191406
32,large,494,1,0.456079,0.208008
32,large,495,1,0.455007,0.207031
32,large,496,1,0.455007,0.207031
32,large,497,1,0.469791,0.220703
32,large,498,1,0.481088,0.231445
32,large,499,1,0.439726,0.193359
32,large,500,1,0.420426,0.176758
32,large,501,1,0.468750,0.219727
32,large,502,1,0.445244,0.198242
32,large,503,1,0.453932,0.206055
32,large,504,1,0.450694,0.203125
32,large,505,1,0.434139,0.188477
32,large,506,1,0.433013,0.187500
32,large,507,1,0.433013,0.187500
32,large,508,1,0.438615,0.192383
32,large,509,1,0.453932,0.206055
32,large,510,1,0.459279,0.210938
32,large,511,1,0.457148,0.208984
32,large,512,1,0.463512,0.214844
32,large,513,1,0.443045,0.196289
32,large,514,1,0.448522,0.201172
32,large,515,1,0.459279,0.210938
32,large,516,2,0.463512,0.212891
32,large,517,1,0.435262,0.189453
32,large,518,1,0.457148,0.208984
32,large,519,1,0.443045,0.196289
32,large,520,1,0.456079,0.208008
32,large,521,1,0.484123,0.234375
32,large,522,1,0.449609,0.202148
32,large,523,1,0.467707,0.218750
32,large,524,1,0.443045,0.196289
32,large,525,1,0.460341,0.211914
32,large,526,1,0.449609,0.202148
32,large,527,1,0.445244,0.198242
32,large,528,1,0.443045,0.196289
32,large,529,1,0.453932,0.206055
32,large,530,1,0.460341,0.211914
32,large,531,1,0.467707,0.218750
32,large,532,1,0.444146,0.197266
32,large,533,1,0.458215,0.209961
32,large,534,1,0.449609,0.202148
32,large,535,1,0.447432,0.200195
32,large,536,1,0.469791,0.220703
32,large,537,1,0.464565,0.215820
32,large,538,1,0.465615,0.216797
32,large,539,1,0.471865,0.222656
32,large,540,1,0.463512,0.214844
32,large,541,1,0.437500,0.191406
32,large,542,1,0.448522,0.201172
32,large,543,1,0.447432,0.200195
32,large,544,1,0.450694,0.203125
32,large,545,1,0.436383,0.190430
32,large,546,1,0.438615,0.192383
32,large,547,1,0.451776,0.204102
32,large,548,1,0.462458,0.213867
32,large,549,1,0.480072,0.230469
32,large,550,1,0.450694,0.203125
32,large,551,1,0.430752,0.185547
32,large,552,1,0.462458,0.213867
32,large,553,1,0.457148,0.208984
32,large,554,1,0.434139,0.188477
32,large,555,1,0.450694,0.203125
32,large,556,1,0.452856,0.205078
32,large,557,1,0.455007,0.207031
32,large,558,1,0.444146,0.197266
32,large,559,1,0.459279,0.210938
32,large,560,1,0.452856,0.205078
32,large,561,1,0.461401,0.212891
32,large,562,1,0.461401,0.212891
32,large,563,1,0.447432,0.200195
32,large,564,1,0.430752,0.185547
32,large,565,1,0.466662,0.217773
32,large,566,1,0.471865,0.222656
32,large,567,1,0.430752,0.185547
32,large,568,1,0.443045,0.196289
32,large,569,1,0.429616,0.184570
32,large,570,1,0.461401,0.212891
32,large,571,1,0.450694,0.203125
32,large,572,1,0.457148,0.208984
32,large,573,1,0.430752,0.185547
32,large,574,1,0.456079,0.208008
32,large,575,1,0.439726,0.193359
32,large,576,1,0.453932,0.206055
32,large,577,1,0.472898,0.223633
32,large,578,1,0.475986,0.226562
32,large,579,1,0.471865,0.222656
32,large,580,1,0.451776,0.204102
32,large,581,1,0.445244,0.198242
32,large,582,1,0.467707,0.218750
32,large,583,1,0.475986,0.226562
32,large,584,1,0.470829,0.221680
32,large,585,1,0.461401,0.212891
32,large,586,1,0.436383,0.190430
32,large,587,1,0.459279,0.210938
32,large,588,1,0.465615,0.216797
32,large,589,1,0.434139,0.188477
32,large,590,1,0.466662,0.217773
32,large,591,1,0.444146,0.197266
32,large,592,1,0.456079,0.208008
32,large,593,1,0.435262,0.189453
32,large,594,1,0.463512,0.214844
32,large,595,1,0.446339,0.199219
32,large,596,1,0.436383,0.190430
32,large,597,1,0.464565,0.215820
32,large,598,1,0.452856,0.205078
32,large,599,1,0.465615,0.216797
32,large,600,1,0.451776,0.204102
32,large,601,1,0.465615,0.216797
32,large,602,1,0.448522,0.201172
32,large,603,1,0.447432,0.200195
32,large,604,1,0.473930,0.224609
32,large,605,1,0.463512,0.214844
32,large,606,1,0.470829,0.221680
32,large,607,1,0.431884,0.186523
32,large,608,1,0.470829,0.221680
32,large,609,1,0.438615,0.192383
32,large,610,1,0.461401,0.212891
32,large,611,1,0.458215,0.209961
32,large,612,1,0.461401,0.212891
32,large,613,1,0.435262,0.189453
32,large,614,1,0.430752,0.185547
32,large,615,1,0.444146,0.197266
32,large,616,1,0.473930,0.224609
32,large,617,1,0.478033,0.228516
32,large,618,1,0.451776,0.204102
32,large,619,1,0.461401,0.212891
32,large,620,1,0.466662,0.217773
32,large,621,1,0.438615,0.192383
32,large,622,1,0.464565,0.215820
32,large,623,1,0.459279,0.210938
32,large,624,1,0.444146,0.197266
32,large,625,1,0.422742,0.178711
32,large,626,1,0.451776,0.204102
32,large,627,1,0.457148,0.208984
32,large,628,1,0.427337,0.182617
32,large,629,1,0.464565,0.215820
32,large,630,1,0.448522,0.201172
32,large,631,1,0.441942,0.195312
32,large,632,1,0.462458,0.213867
32,large,633,1,0.446339,0.199219
32,large,634,1,0.449609,0.202148
32,large,635,1,0.450694,0.203125
32,large,636,1,0.447432,0.200195
32,large,637,1,0.448522,0.201172
32,large,638,1,0.453932,0.206055
32,large,639,1,0.455007,0.207031
32,large,640,2,0.446339,0.197266
32,large,641,1,0.445244,0.198242
32,large,642,1,0.455007,0.207031
32,large,643,1,0.447432,0.200195
32,large,644,1,0.446339,0.199219
32,large,645,1,0.458215,0.209961
32,large,646,1,0.433013,0.187500
32,large,647,1,0.433013,0.187500
32,large,648,1,0.467707,0.218750
32,large,649,1,0.445244,0.198242
32,large,650,1,0.471865,0.222656
32,large,651,1,0.471865,0.222656
32,large,652,1,0.431884,0.186523
32,large,653,1,0.466662,0.217773
32,large,654,1,0.465615,0.216797
32,large,655,1,0.460341,0.211914
32,large,656,1,0.457148,0.208984
32,large,657,1,0.448522,0.201172
32,large,658,1,0.495093,0.245117
32,large,659,1,0.462458,0.213867
32,large,660,1,0.448522,0.201172
32,large,661,1,0.464565,0.215820
32,large,662,1,0.448522,0.201172
32,large,663,1,0.466662,0.217773
32,large,664,1,0.434139,0.188477
32,large,665,1,0.451776,0.204102
32,large,666,1,0.451776,0.204102
32,large,667,1,0.462458,0.213867
32,large,668,1,0.464565,0.215820
32,large,669,1,0.451776,0.204102
32,large,670,1,0.455007,0.207031
32,large,671,1,0.458215,0.209961
32,large,672,1,0.455007,0.207031
32,large,673,1,0.459279,0.210938
32,large,674,1,0.449609,0.202148
32,large,675,1,0.440835,0.194336
32,large,676,1,0.459279,0.210938
32,large,677,1,0.450694,0.203125
32,large,678,1,0.455007,0.207031
32,large,679,1,0.457148,0.208984
32,large,680,1,0.446339,0.199219
32,large,681,2,0.472898,0.221680
32,large,682,1,0.446339,0.199219
32,large,683,1,0.436383,0.190430
32,large,684,1,0.451776,0.204102
32,large,685,1,0.428478,0.183594
32,large,686,1,0.462458,0.213867
32,large,687,1,0.466662,0.217773
32,large,688,1,0.445244,0.198242
32,large,689,1,0.464565,0.215820
32,large,690,1,0.451776,0.204102
32,large,691,1,0.461401,0.212891
32,large,692,1,0.456079,0.208008
32,large,693,1,0.419263,0.175781
32,large,694,1,0.463512,0.214844
32,large,695,1,0.436383,0.190430
32,large,696,1,0.443045,0.196289
32,large,697,1,0.457148,0.208984
32,large,698,1,0.461401,0.212891
32,large,699,1,0.435262,0.189453
32,large,700,1,0.467707,0.218750
32,large,701,1,0.461401,0.212891
32,large,702,1,0.464565,0.215820
32,large,703,1,0.462458,0.213867
32,large,704,1,0.460341,0.211914
32,large,705,1,0.490137,0.240234
32,large,706,1,0.462458,0.213867
32,large,707,1,0.458215,0.209961
32,large,708,1,0.462458,0.213867
32,large,709,1,0.451776,0.204102
32,large,710,1,0.444146,0.197266
32,large,711,1,0.439726,0.193359
32,large,712,1,0.461401,0.212891
32,large,713,1,0.452856,0.205078
32,large,714,1,0.475986,0.226562
32,large,715,1,0.468750,0.219727
32,large,716,1,0.460341,0.211914
32,large,717,1,0.429616,0.184570
32,large,718,1,0.460341,0.211914
32,large,719,1,0.464565,0.215820
32,large,720,1,0.450694,0.203125
32,large,721,1,0.426193,0.181641
32,large,722,1,0.445244,0.198242
32,large,723,1,0.447432,0.200195
32,large,724,1,0.468750,0.219727
32,large,725,1,0.435262,0.189453
32,large,726,1,0.448522,0.201172
32,large,727,1,0.489140,0.239258
32,large,728,1,0.449609,0.202148
32,large,729,1,0.435262,0.189453
32,large,730,1,0.448522,0.201172
32,large,731,1,0.436383,0.190430
32,large,732,1,0.467707,0.218750
32,large,733,1,0.448522,0.201172
32,large,734,1,0.451776,0.204102
32,large,735,1,0.447432,0.200195
32,large,736,1,0.458215,0.209961
32,large,737,1,0.451776,0.204102
32,large,738,1,0.463512,0.214844
32,large,739,1,0.462458,0.213867
32,large,740,1,0.491132,0.241211
32,large,741,1,0.445244,0.198242
32,large,742,1,0.437500,0.191406
32,large,743,1,0.437500,0.191406
32,large,744,1,0.436383,0.190430
32,large,745,1,0.444146,0.197266
32,large,746,1,0.465615,0.216797
32,large,747,1,0.457148,0.208984
32,large,748,1,0.455007,0.207031
32,large,749,1,0.461401,0.212891
32,large,750,1,0.429616,0.184570
32,large,751,1,0.455007,0.207031
32,large,752,1,0.481088,0.231445
32,large,753,1,0.461401,0.212891
32,large,754,1,0.438615,0.192383
32,large,755,1,0.452856,0.205078
32,large,756,1,0.467707,0.218750
32,large,757,1,0.437500,0.191406
32,large,758,1,0.460341,0.211914
32,large,759,1,0.452856,0.205078
32,large,760,1,0.427337,0.182617
32,large,761,1,0.419263,0.175781
32,large,762,1,0.439726,0.193359
32,large,763,1,0.451776,0.204102
32,large,764,1,0.450694,0.203125
32,large,765,1,0.441942,0.195312
32,large,766,1,0.449609,0.202148
32,large,767,1,0.441942,0.195312
32,large,768,1,0.459279,0.210938
32,large,769,1,0.463512,0.214844
32,large,770,1,0.447432,0.200195
32,large,771,1,0.446339,0.199219
32,large,772,1,0.474959,0.225586
32,large,773,1,0.444146,0.197266
32,large,774,1,0.451776,0.204102
32,large,775,1,0.430752,0.185547
32,large,776,1,0.423896,0.179688
32,large,777,1,0.429616,0.184570
32,large,778,1,0.446339,0.199219
32,large,779,1,0.452856,0.205078
32,large,780,1,0.445244,0.198242
32,large,781,1,0.460341,0.211914
32,large,782,1,0.447432,0.200195
32,large,783,1,0.464565,0.215820
32,large,784,1,0.435262,0.189453
32,large,785,1,0.456079,0.208008
32,large,786,1,0.446339,0.199219
32,large,787,1,0.460341,0.211914
32,large,788,1,0.478033,0.228516
32,large,789,1,0.441942,0.195312
32,large,790,1,0.446339,0.199219
32,large,791,1,0.455007,0.207031
32,large,792,1,0.422742,0.178711
32,large,793,1,0.453932,0.206055
32,large,794,1,0.462458,0.213867
32,large,795,1,0.436383,0.190430
32,large,796,1,0.446339,0.199219
32,large,797,1,0.448522,0.201172
32,large,798,1,0.458215,0.209961
32,large,799,1,0.425046,0.180664
32,large,800,1,0.456079,0.208008
32,large,801,1,0.439726,0.193359
32,large,802,1,0.461401,0.212891
32,large,803,1,0.431884,0.186523
32,large,804,1,0.469791,0.220703
32,large,805,1,0.488141,0.238281
32,large,806,1,0.466662,0.217773
32,large,807,1,0.460341,0.211914
32,large,808,1,0.474959,0.225586
32,large,809,1,0.469791,0.220703
32,large,810,1,0.468750,0.219727
32,large,811,1,0.435262,0.189453
32,large,812,1,0.403839,0.163086
32,large,813,1,0.449609,0.202148
32,large,814,1,0.449609,0.202148
32,large,815,1,0.451776,0.204102
32,large,816,1,0.444146,0.197266
32,large,817,1,0.480072,0.230469
32,large,818,1,0.455007,0.207031
32,large,819,1,0.419263,0.175781
32,large,820,1,0.469791,0.220703
32,large,821,1,0.430752,0.185547
32,large,822,1,0.450694,0.203125
32,large,823,1,0.482102,0.232422
32,large,824,1,0.416927,0.173828
32,large,825,1,0.446339,0.199219
32,large,826,1,0.463512,0.214844
32,large,827,1,0.446339,0.199219
32,large,828,1,0.505825,0.255859
32,large,829,1,0.430752,0.185547
32,large,830,1,0.455007,0.207031
32,large,831,1,0.455007,0.207031
32,large,832,1,0.456079,0.208008
32,large,833,1,0.449609,0.202148
32,large,834,1,0.436383,0.190430
32,large,835,1,0.455007,0.207031
32,large,836,1,0.466662,0.217773
32,large,837,1,0.456079,0.208008
32,large,838,1,0.449609,0.202148
32,large,839,1,0.487139,0.237305
32,large,840,1,0.477011,0.227539
32,large,841,1,0.436383,0.190430
32,large,842,1,0.433013,0.187500
32,large,843,1,0.453932,0.206055
32,large,844,1,0.466662,0.217773
32,large,845,1,0.438615,0.192383
32,large,846,1,0.439726,0.193359
32,large,847,1,0.460341,0.211914
32,large,848,1,0.460341,0.211914
32,large,849,1,0.464565,0.215820
32,large,850,1,0.462458,0.213867
32,large,851,1,0.436383,0.190430
32,large,852,1,0.451776,0.204102
32,large,853,1,0.441942,0.195312
32,large,854,1,0.446339,0.199219
32,large,855,1,0.465615,0.216797
32,large,856,1,0.451776,0.204102
32,large,857,1,0.452856,0.205078
32,large,858,1,0.446339,0.199219
32,large,859,1,0.449609,0.202148
32,large,860,1,0.464565,0.215820
32,large,861,1,0.427337,0.182617
32,large,862,1,0.451776,0.204102
32,large,863,1,0.449609,0.202148
32,large,864,1,0.438615,0.192383
32,large,865,1,0.452856,0.205078
32,large,866,1,0.451776,0.204102
32,large,867,1,0.450694,0.203125
32,large,868,1,0.457148,0.208984
32,large,869,1,0.445244,0.198242
32,large,870,1,0.461401,0.212891
32,large,871,1,0.419263,0.175781
32,large,872,1,0.467707,0.218750
32,large,873,1,0.446339,0.199219
32,large,874,1,0.455007,0.207031
32,large,875,1,0.463512,0.214844
32,large,876,1,0.425046,0.180664
32,large,877,1,0.446339,0.199219
32,large,878,1,0.458215,0.209961
32,large,879,1,0.422742,0.178711
32,large,880,1,0.455007,0.207031
32,large,881,1,0.459279,0.210938
32,large,882,1,0.470829,0.221680
32,large,883,1,0.462458,0.213867
32,large,884,1,0.463512,0.214844
32,large,885,1,0.436383,0.190430
32,large,886,1,0.450694,0.203125
32,large,887,1,0.466662,0.217773
32,large,888,1,0.444146,0.197266
32,large,889,1,0.443045,0.196289
32,large,890,1,0.451776,0.204102
32,large,891,1,0.485130,0.235352
32,large,892,1,0.459279,0.210938
32,large,893,1,0.409840,0.167969
32,large,894,1,0.472898,0.223633
32,large,895,1,0.466662,0.217773
32,large,896,1,0.460341,0.211914
32,large,897,1,0.437500,0.191406
32,large,898,1,0.452856,0.205078
32,large,899,1,0.459279,0.210938
32,large,900,1,0.431884,0.186523
32,large,901,1,0.462458,0.213867
32,large,902,1,0.430752,0.185547
32,large,903,1,0.446339,0.199219
32,large,904,1,0.423896,0.179688
32,large,905,1,0.439726,0.193359
32,large,906,1,0.469791,0.220703
32,large,907,1,0.459279,0.210938
32,large,908,1,0.444146,0.197266
32,large,909,1,0.466662,0.217773
32,large,910,1,0.464565,0.215820
32,large,911,1,0.441942,0.195312
32,large,912,1,0.444146,0.197266
32,large,913,1,0.471865,0.222656
32,large,914,1,0.448522,0.201172
32,large,915,1,0.458215,0.209961
32,large,916,1,0.445244,0.198242
32,large,917,1,0.469791,0.220703
32,large,918,1,0.446339,0.199219
32,large,919,1,0.465615,0.216797
32,large,920,1,0.445244,0.198242
32,large,921,1,0.445244,0.198242
32,large,922,1,0.449609,0.202148
32,large,923,1,0.443045,0.196289
32,large,924,1,0.458215,0.209961
32,large,925,1,0.438615,0.192383
32,large,926,1,0.466662,0.217773
32,large,927,1,0.435262,0.189453
32,large,928,1,0.466662,0.217773
32,large,929,1,0.468750,0.219727
32,large,930,1,0.453932,0.206055
32,large,931,1,0.440835,0.194336
32,large,932,1,0.456079,0.208008
32,large,933,1,0.430752,0.185547
32,large,934,1,0.482102,0.232422
32,large,935,1,0.460341,0.211914
32,large,936,1,0.439726,0.193359
32,large,937,1,0.450694,0.203125
32,large,938,1,0.456079,0.208008
32,large,939,1,0.434139,0.188477
32,large,940,1,0.443045,0.196289
32,large,941,1,0.468750,0.219727
32,large,942,1,0.456079,0.208008
32,large,943,1,0.443045,0.196289
32,large,944,1,0.479053,0.229492
32,large,945,1,0.446339,0.199219
32,large,946,1,0.461401,0.212891
32,large,947,1,0.462458,0.213867
32,large,948,1,0.461401,0.212891
32,large,949,1,0.451776,0.204102
32,large,950,1,0.450694,0.203125
32,large,951,1,0.434139,0.188477
32,large,952,1,0.441942,0.195312
32,large,953,1,0.463512,0.214844
32,large,954,1,0.430752,0.185547
32,large,955,1,0.477011,0.227539
32,large,956,1,0.434139,0.188477
32,large,957,1,0.463512,0.214844
32,large,958,1,0.439726,0.193359
32,large,959,1,0.447432,0.200195
32,large,960,1,0.431884,0.186523
32,large,961,1,0.461401,0.212891
32,large,962,2,0.457148,0.207031
32,large,963,1,0.440835,0.194336
32,large,964,1,0.443045,0.196289
32,large,965,1,0.478033,0.228516
32,large,966,1,0.474959,0.225586
32,large,967,1,0.479053,0.229492
32,large,968,1,0.435262,0.189453
32,large,969,1,0.444146,0.197266
32,large,970,1,0.460341,0.211914
32,large,971,1,0.467707,0.218750
32,large,972,1,0.447432,0.200195
32,large,973,1,0.450694,0.203125
32,large,974,1,0.453932,0.206055
32,large,975,1,0.457148,0.208984
32,large,976,1,0.462458,0.213867
32,large,977,1,0.477011,0.227539
32,large,978,1,0.449609,0.202148
32,large,979,1,0.457148,0.208984
32,large,980,1,0.458215,0.209961
32,large,981,1,0.471865,0.222656
32,large,982,1,0.451776,0.204102
32,large,983,1,0.414578,0.171875
32,large,984,1,0.436383,0.190430
32,large,985,1,0.444146,0.197266
32,large,986,1,0.449609,0.202148
32,large,987,1,0.477011,0.227539
32,large,988,1,0.435262,0.189453
32,large,989,1,0.449609,0.202148
32,large,990,1,0.455007,0.207031
32,large,991,1,0.471865,0.222656
32,large,992,1,0.481088,0.231445
32,large,993,1,0.428478,0.183594
32,large,994,1,0.444146,0.197266
32,large,995,1,0.427337,0.182617
32,large,996,1,0.468750,0.219727
32,large,997,1,0.438615,0.192383
32,large,998,1,0.429616,0.184570
32,large,999,1,0.430752,0.185547
